#
# There is insufficient memory for the Java Runtime Environment to continue.
# Native memory allocation (malloc) failed to allocate 1130176 bytes for Chunk::new
# Possible reasons:
#   The system is out of physical RAM or swap space
#   The process is running with CompressedOops enabled, and the Java Heap may be blocking the growth of the native heap
# Possible solutions:
#   Reduce memory load on the system
#   Increase physical memory or swap space
#   Check if swap backing store is full
#   Decrease Java heap size (-Xmx/-Xms)
#   Decrease number of Java threads
#   Decrease Java thread stack sizes (-Xss)
#   Set larger code cache with -XX:ReservedCodeCacheSize=
#   JVM is running with Unscaled Compressed Oops mode in which the Java heap is
#     placed in the first 4GB address space. The Java Heap base address is the
#     maximum limit for the native heap growth. Please use -XX:HeapBaseMinAddress
#     to set the Java Heap base and to place the Java Heap above 4GB virtual address.
# This output file may be truncated or incomplete.
#
#  Out of Memory Error (arena.cpp:189), pid=30712, tid=2252
#
# JRE version: Java(TM) SE Runtime Environment (17.0.17+8) (build 17.0.17+8-LTS-360)
# Java VM: Java HotSpot(TM) 64-Bit Server VM (17.0.17+8-LTS-360, mixed mode, sharing, tiered, compressed oops, compressed class ptrs, g1 gc, windows-amd64)
# No core dump will be written. Minidumps are not enabled by default on client versions of Windows
#

---------------  S U M M A R Y ------------

Command Line: -XX:MaxMetaspaceSize=384m -XX:+HeapDumpOnOutOfMemoryError --add-opens=java.base/java.util=ALL-UNNAMED --add-opens=java.base/java.lang=ALL-UNNAMED --add-opens=java.base/java.lang.invoke=ALL-UNNAMED --add-opens=java.prefs/java.util.prefs=ALL-UNNAMED --add-opens=java.base/java.nio.charset=ALL-UNNAMED --add-opens=java.base/java.net=ALL-UNNAMED --add-opens=java.base/java.util.concurrent.atomic=ALL-UNNAMED -Xmx1536m -Dfile.encoding=UTF-8 -Duser.country=IN -Duser.language=en -Duser.variant -javaagent:C:\Users\nitis\.gradle\wrapper\dists\gradle-8.8-all\6gdy1pgp427xkqcjbxw3ylt6h\gradle-8.8\lib\agents\gradle-instrumentation-agent-8.8.jar org.gradle.launcher.daemon.bootstrap.GradleDaemon 8.8

Host: 13th Gen Intel(R) Core(TM) i5-13420H, 12 cores, 15G,  Windows 11 , 64 bit Build 26100 (10.0.26100.7920)
Time: Sat Jun 20 12:54:03 2026 India Standard Time elapsed time: 103.659668 seconds (0d 0h 1m 43s)

---------------  T H R E A D  ---------------

Current thread (0x0000026886057c70):  JavaThread "C2 CompilerThread2" daemon [_thread_in_native, id=2252, stack(0x000000f6e7600000,0x000000f6e7700000)]


Current CompileTask:
C2: 103659 20480       4       org.gradle.internal.serialize.HierarchicalNameSerializer::writeName (88 bytes)

Stack: [0x000000f6e7600000,0x000000f6e7700000]
Native frames: (J=compiled Java code, j=interpreted, Vv=VM code, C=native code)
V  [jvm.dll+0x67a0ea]
V  [jvm.dll+0x7da56d]
V  [jvm.dll+0x7dbeb3]
V  [jvm.dll+0x7dc523]
V  [jvm.dll+0x2453af]
V  [jvm.dll+0xab763]
V  [jvm.dll+0xabd2c]
V  [jvm.dll+0x2aa82f]
V  [jvm.dll+0x581e19]
V  [jvm.dll+0x21f742]
V  [jvm.dll+0x21fb3f]
V  [jvm.dll+0x218dc0]
V  [jvm.dll+0x215e85]
V  [jvm.dll+0x1a2b50]
V  [jvm.dll+0x22642b]
V  [jvm.dll+0x2245cb]
V  [jvm.dll+0x790964]
V  [jvm.dll+0x78af4a]
V  [jvm.dll+0x678fd5]
C  [ucrtbase.dll+0x37b0]
C  [KERNEL32.DLL+0x2e8d7]
C  [ntdll.dll+0x8c48c]


---------------  P R O C E S S  ---------------

Threads class SMR info:
_java_thread_list=0x000002688654aa70, length=85, elements={
0x00000268bbd8f680, 0x00000268db134550, 0x00000268db135010, 0x00000268db25e380,
0x00000268db25ec40, 0x00000268db25f500, 0x00000268db25fdc0, 0x00000268db2609b0,
0x00000268db2612b0, 0x00000268db263bc0, 0x00000268db121300, 0x00000268db43aa20,
0x00000268f6539440, 0x00000268f636d1c0, 0x00000268f6371f50, 0x00000268f6408190,
0x00000268f63686c0, 0x00000268f641f4a0, 0x00000268f64219a0, 0x00000268f63bbd50,
0x00000268f63bb3b0, 0x00000268f63ba070, 0x00000268f63ba540, 0x00000268f63bc6f0,
0x00000268f63baa10, 0x00000268f63bd090, 0x00000268f63bc220, 0x00000268f63bcbc0,
0x00000268f63bda30, 0x00000268f63baee0, 0x00000268f66f4bc0, 0x00000268f66f33b0,
0x00000268f66f3d50, 0x00000268f66f5560, 0x00000268f66f6d70, 0x00000268f66f4220,
0x00000268f66f46f0, 0x00000268f66f9d90, 0x00000268f66fa260, 0x00000268f66f8580,
0x00000268f66f8f20, 0x00000268f66f93f0, 0x00000268f66f98c0, 0x00000268f919f200,
0x00000268f91a26f0, 0x00000268f91a1d50, 0x00000268f91a0070, 0x00000268f91a1880,
0x00000268f91a2220, 0x00000268f919ed30, 0x00000268f91a43d0, 0x00000268f91a60b0,
0x00000268f91a3560, 0x00000268f91a6580, 0x00000268f91a2bc0, 0x00000268f91a4d70,
0x00000268f91a3090, 0x00000268f91a3a30, 0x00000268f91a5240, 0x00000268f91a5710,
0x00000268f91a3f00, 0x00000268f91a48a0, 0x00000268f91a5be0, 0x00000268f90e18d0,
0x00000268f90e1da0, 0x00000268f90e3a80, 0x00000268f90e2740, 0x00000268f90e3f50,
0x00000268f90e2c10, 0x00000268f90e65d0, 0x00000268f66f7710, 0x00000268f90e7440,
0x00000268852c3720, 0x00000268852c3bf0, 0x00000268852c28b0, 0x00000268852c75b0,
0x00000268852c1f10, 0x00000268852c88f0, 0x00000268f90e6aa0, 0x00000268f91a13b0,
0x0000026886162310, 0x00000268861614a0, 0x0000026886055e10, 0x0000026886163180,
0x0000026886057c70
}

Java Threads: ( => current thread )
  0x00000268bbd8f680 JavaThread "main" [_thread_blocked, id=21144, stack(0x000000f6e1b00000,0x000000f6e1c00000)]
  0x00000268db134550 JavaThread "Reference Handler" daemon [_thread_blocked, id=25352, stack(0x000000f6e2200000,0x000000f6e2300000)]
  0x00000268db135010 JavaThread "Finalizer" daemon [_thread_blocked, id=26416, stack(0x000000f6e2300000,0x000000f6e2400000)]
  0x00000268db25e380 JavaThread "Signal Dispatcher" daemon [_thread_blocked, id=12552, stack(0x000000f6e2400000,0x000000f6e2500000)]
  0x00000268db25ec40 JavaThread "Attach Listener" daemon [_thread_blocked, id=13464, stack(0x000000f6e2500000,0x000000f6e2600000)]
  0x00000268db25f500 JavaThread "Service Thread" daemon [_thread_blocked, id=644, stack(0x000000f6e2600000,0x000000f6e2700000)]
  0x00000268db25fdc0 JavaThread "Monitor Deflation Thread" daemon [_thread_blocked, id=26516, stack(0x000000f6e2700000,0x000000f6e2800000)]
  0x00000268db2609b0 JavaThread "C2 CompilerThread0" daemon [_thread_blocked, id=21796, stack(0x000000f6e2800000,0x000000f6e2900000)]
  0x00000268db2612b0 JavaThread "C1 CompilerThread0" daemon [_thread_in_vm, id=19236, stack(0x000000f6e2900000,0x000000f6e2a00000)]
  0x00000268db263bc0 JavaThread "Sweeper thread" daemon [_thread_blocked, id=6852, stack(0x000000f6e2a00000,0x000000f6e2b00000)]
  0x00000268db121300 JavaThread "Common-Cleaner" daemon [_thread_blocked, id=29300, stack(0x000000f6e2b00000,0x000000f6e2c00000)]
  0x00000268db43aa20 JavaThread "Notification Thread" daemon [_thread_blocked, id=17012, stack(0x000000f6e2d00000,0x000000f6e2e00000)]
  0x00000268f6539440 JavaThread "Daemon health stats" [_thread_blocked, id=31824, stack(0x000000f6e3500000,0x000000f6e3600000)]
  0x00000268f636d1c0 JavaThread "Incoming local TCP Connector on port 57930" [_thread_in_native, id=14596, stack(0x000000f6e3600000,0x000000f6e3700000)]
  0x00000268f6371f50 JavaThread "Daemon periodic checks" [_thread_blocked, id=2508, stack(0x000000f6e3700000,0x000000f6e3800000)]
  0x00000268f6408190 JavaThread "Daemon" [_thread_blocked, id=21036, stack(0x000000f6e2c00000,0x000000f6e2d00000)]
  0x00000268f63686c0 JavaThread "Handler for socket connection from /127.0.0.1:57930 to /127.0.0.1:57931" [_thread_in_native, id=10468, stack(0x000000f6e2f00000,0x000000f6e3000000)]
  0x00000268f641f4a0 JavaThread "Cancel handler" [_thread_blocked, id=12508, stack(0x000000f6e3800000,0x000000f6e3900000)]
  0x00000268f64219a0 JavaThread "Daemon worker" [_thread_blocked, id=30156, stack(0x000000f6e3900000,0x000000f6e3a00000)]
  0x00000268f63bbd50 JavaThread "Asynchronous log dispatcher for DefaultDaemonConnection: socket connection from /127.0.0.1:57930 to /127.0.0.1:57931" [_thread_blocked, id=8048, stack(0x000000f6e3a00000,0x000000f6e3b00000)]
  0x00000268f63bb3b0 JavaThread "Stdin handler" [_thread_blocked, id=29004, stack(0x000000f6e3b00000,0x000000f6e3c00000)]
  0x00000268f63ba070 JavaThread "Daemon client event forwarder" [_thread_blocked, id=13424, stack(0x000000f6e3c00000,0x000000f6e3d00000)]
  0x00000268f63ba540 JavaThread "Cache worker for journal cache (C:\Users\nitis\.gradle\caches\journal-1)" [_thread_blocked, id=27828, stack(0x000000f6e3d00000,0x000000f6e3e00000)]
  0x00000268f63bc6f0 JavaThread "File lock request listener" [_thread_in_native, id=15004, stack(0x000000f6e3e00000,0x000000f6e3f00000)]
  0x00000268f63baa10 JavaThread "Cache worker for file hash cache (C:\Users\nitis\.gradle\caches\8.8\fileHashes)" [_thread_blocked, id=20460, stack(0x000000f6e3f00000,0x000000f6e4000000)]
  0x00000268f63bd090 JavaThread "Cache worker for file hash cache (E:\Faculty\android\.gradle\8.8\fileHashes)" [_thread_blocked, id=5796, stack(0x000000f6e4500000,0x000000f6e4600000)]
  0x00000268f63bc220 JavaThread "File watcher server" daemon [_thread_in_native, id=21836, stack(0x000000f6e4600000,0x000000f6e4700000)]
  0x00000268f63bcbc0 JavaThread "File watcher consumer" daemon [_thread_blocked, id=24280, stack(0x000000f6e4700000,0x000000f6e4800000)]
  0x00000268f63bda30 JavaThread "Cache worker for checksums cache (E:\Faculty\android\.gradle\8.8\checksums)" [_thread_blocked, id=16832, stack(0x000000f6e4000000,0x000000f6e4100000)]
  0x00000268f63baee0 JavaThread "Cache worker for file content cache (C:\Users\nitis\.gradle\caches\8.8\fileContent)" [_thread_blocked, id=23776, stack(0x000000f6e4a00000,0x000000f6e4b00000)]
  0x00000268f66f4bc0 JavaThread "Cache worker for cache directory md-rule (C:\Users\nitis\.gradle\caches\8.8\md-rule)" [_thread_blocked, id=23884, stack(0x000000f6e4b00000,0x000000f6e4c00000)]
  0x00000268f66f33b0 JavaThread "Cache worker for cache directory md-supplier (C:\Users\nitis\.gradle\caches\8.8\md-supplier)" [_thread_blocked, id=3124, stack(0x000000f6e4d00000,0x000000f6e4e00000)]
  0x00000268f66f3d50 JavaThread "jar transforms" [_thread_blocked, id=2732, stack(0x000000f6e5000000,0x000000f6e5100000)]
  0x00000268f66f5560 JavaThread "jar transforms Thread 2" [_thread_blocked, id=23236, stack(0x000000f6e5100000,0x000000f6e5200000)]
  0x00000268f66f6d70 JavaThread "jar transforms Thread 3" [_thread_blocked, id=18328, stack(0x000000f6e5200000,0x000000f6e5300000)]
  0x00000268f66f4220 JavaThread "jar transforms Thread 4" [_thread_blocked, id=17856, stack(0x000000f6e5300000,0x000000f6e5400000)]
  0x00000268f66f46f0 JavaThread "Unconstrained build operations" [_thread_blocked, id=12964, stack(0x000000f6e4c00000,0x000000f6e4d00000)]
  0x00000268f66f9d90 JavaThread "Unconstrained build operations Thread 2" [_thread_blocked, id=12556, stack(0x000000f6e4f00000,0x000000f6e5000000)]
  0x00000268f66fa260 JavaThread "Unconstrained build operations Thread 3" [_thread_blocked, id=26904, stack(0x000000f6e5400000,0x000000f6e5500000)]
  0x00000268f66f8580 JavaThread "Cache worker for Build Output Cleanup Cache (E:\Faculty\node_modules\@react-native\gradle-plugin\.gradle\buildOutputCleanup)" [_thread_blocked, id=22816, stack(0x000000f6e5600000,0x000000f6e5700000)]
  0x00000268f66f8f20 JavaThread "Unconstrained build operations Thread 4" [_thread_blocked, id=14636, stack(0x000000f6e5800000,0x000000f6e5900000)]
  0x00000268f66f93f0 JavaThread "Unconstrained build operations Thread 5" [_thread_blocked, id=22260, stack(0x000000f6e5900000,0x000000f6e5a00000)]
  0x00000268f66f98c0 JavaThread "Unconstrained build operations Thread 6" [_thread_blocked, id=8208, stack(0x000000f6e5700000,0x000000f6e5800000)]
  0x00000268f919f200 JavaThread "Memory manager" [_thread_blocked, id=28332, stack(0x000000f6e5500000,0x000000f6e5600000)]
  0x00000268f91a26f0 JavaThread "Cache worker for Build Output Cleanup Cache (E:\Faculty\android\.gradle\buildOutputCleanup)" [_thread_blocked, id=32660, stack(0x000000f6e5c00000,0x000000f6e5d00000)]
  0x00000268f91a1d50 JavaThread "jar transforms Thread 5" [_thread_blocked, id=27928, stack(0x000000f6e5d00000,0x000000f6e5e00000)]
  0x00000268f91a0070 JavaThread "ForkJoinPool.commonPool-worker-1" daemon [_thread_blocked, id=22156, stack(0x000000f6e5e00000,0x000000f6e5f00000)]
  0x00000268f91a1880 JavaThread "ForkJoinPool.commonPool-worker-2" daemon [_thread_blocked, id=32488, stack(0x000000f6e5f00000,0x000000f6e6000000)]
  0x00000268f91a2220 JavaThread "ForkJoinPool.commonPool-worker-3" daemon [_thread_blocked, id=23536, stack(0x000000f6e6000000,0x000000f6e6100000)]
  0x00000268f919ed30 JavaThread "ForkJoinPool.commonPool-worker-4" daemon [_thread_blocked, id=3252, stack(0x000000f6e6100000,0x000000f6e6200000)]
  0x00000268f91a43d0 JavaThread "ForkJoinPool.commonPool-worker-5" daemon [_thread_blocked, id=27644, stack(0x000000f6e6200000,0x000000f6e6300000)]
  0x00000268f91a60b0 JavaThread "ForkJoinPool.commonPool-worker-7" daemon [_thread_blocked, id=11604, stack(0x000000f6e6300000,0x000000f6e6400000)]
  0x00000268f91a3560 JavaThread "ForkJoinPool.commonPool-worker-6" daemon [_thread_blocked, id=27532, stack(0x000000f6e6400000,0x000000f6e6500000)]
  0x00000268f91a6580 JavaThread "ForkJoinPool.commonPool-worker-8" daemon [_thread_blocked, id=27256, stack(0x000000f6e6500000,0x000000f6e6600000)]
  0x00000268f91a2bc0 JavaThread "ForkJoinPool.commonPool-worker-9" daemon [_thread_blocked, id=6132, stack(0x000000f6e6600000,0x000000f6e6700000)]
  0x00000268f91a4d70 JavaThread "ForkJoinPool.commonPool-worker-10" daemon [_thread_blocked, id=17276, stack(0x000000f6e6700000,0x000000f6e6800000)]
  0x00000268f91a3090 JavaThread "Exec process" daemon [_thread_blocked, id=5800, stack(0x000000f6e6800000,0x000000f6e6900000)]
  0x00000268f91a3a30 JavaThread "ForkJoinPool.commonPool-worker-11" daemon [_thread_blocked, id=31360, stack(0x000000f6e6900000,0x000000f6e6a00000)]
  0x00000268f91a5240 JavaThread "Exec process Thread 2" daemon [_thread_blocked, id=24260, stack(0x000000f6e6a00000,0x000000f6e6b00000)]
  0x00000268f91a5710 JavaThread "Exec process Thread 3" daemon [_thread_blocked, id=22544, stack(0x000000f6e6b00000,0x000000f6e6c00000)]
  0x00000268f91a3f00 JavaThread "included builds" [_thread_blocked, id=21896, stack(0x000000f6e6c00000,0x000000f6e6d00000)]
  0x00000268f91a48a0 JavaThread "Cache worker for execution history cache (E:\Faculty\node_modules\@react-native\gradle-plugin\.gradle\8.8\executionHistory)" [_thread_blocked, id=3276, stack(0x000000f6e6d00000,0x000000f6e6e00000)]
  0x00000268f91a5be0 JavaThread "Unconstrained build operations Thread 7" [_thread_blocked, id=19468, stack(0x000000f6e6e00000,0x000000f6e6f00000)]
  0x00000268f90e18d0 JavaThread "Unconstrained build operations Thread 8" [_thread_blocked, id=26588, stack(0x000000f6e6f00000,0x000000f6e7000000)]
  0x00000268f90e1da0 JavaThread "Unconstrained build operations Thread 9" [_thread_blocked, id=13764, stack(0x000000f6e7000000,0x000000f6e7100000)]
  0x00000268f90e3a80 JavaThread "Unconstrained build operations Thread 10" [_thread_blocked, id=19280, stack(0x000000f6e7100000,0x000000f6e7200000)]
  0x00000268f90e2740 JavaThread "jar transforms Thread 6" [_thread_blocked, id=20856, stack(0x000000f6e5b00000,0x000000f6e5c00000)]
  0x00000268f90e3f50 JavaThread "jar transforms Thread 7" [_thread_blocked, id=20340, stack(0x000000f6e7400000,0x000000f6e7500000)]
  0x00000268f90e2c10 JavaThread "jar transforms Thread 8" [_thread_blocked, id=28360, stack(0x000000f6e7500000,0x000000f6e7600000)]
  0x00000268f90e65d0 JavaThread "build event listener" [_thread_blocked, id=29888, stack(0x000000f6e7700000,0x000000f6e7800000)]
  0x00000268f66f7710 JavaThread "jar transforms Thread 9" [_thread_blocked, id=32664, stack(0x000000f6e7800000,0x000000f6e7900000)]
  0x00000268f90e7440 JavaThread "jar transforms Thread 10" [_thread_blocked, id=29428, stack(0x000000f6e7900000,0x000000f6e7a00000)]
  0x00000268852c3720 JavaThread "jar transforms Thread 11" [_thread_blocked, id=24700, stack(0x000000f6e7a00000,0x000000f6e7b00000)]
  0x00000268852c3bf0 JavaThread "jar transforms Thread 12" [_thread_blocked, id=6932, stack(0x000000f6e7b00000,0x000000f6e7c00000)]
  0x00000268852c28b0 JavaThread "Cache worker for execution history cache (E:\Faculty\android\.gradle\8.8\executionHistory)" [_thread_blocked, id=19696, stack(0x000000f6e7f00000,0x000000f6e8000000)]
  0x00000268852c75b0 JavaThread "WorkerExecutor Queue" [_thread_in_Java, id=22452, stack(0x000000f6e8000000,0x000000f6e8100000)]
  0x00000268852c1f10 JavaThread "RMI Scheduler(0)" daemon [_thread_blocked, id=11128, stack(0x000000f6e5a00000,0x000000f6e5b00000)]
  0x00000268852c88f0 JavaThread "RMI GC Daemon" daemon [_thread_blocked, id=14312, stack(0x000000f6e8100000,0x000000f6e8200000)]
  0x00000268f90e6aa0 JavaThread "RMI TCP Accept-0" daemon [_thread_in_native, id=13880, stack(0x000000f6e8200000,0x000000f6e8300000)]
  0x00000268f91a13b0 JavaThread "RMI Reaper" [_thread_blocked, id=15736, stack(0x000000f6e8300000,0x000000f6e8400000)]
  0x0000026886162310 JavaThread "RMI TCP Connection(2)-127.0.0.1" daemon [_thread_in_native, id=12856, stack(0x000000f6e8500000,0x000000f6e8600000)]
  0x00000268861614a0 JavaThread "Cache worker for Java compile cache (C:\Users\nitis\.gradle\caches\8.8\javaCompile)" [_thread_blocked, id=25176, stack(0x000000f6e1800000,0x000000f6e1900000)]
  0x0000026886055e10 JavaThread "C2 CompilerThread1" daemon [_thread_blocked, id=22960, stack(0x000000f6e1900000,0x000000f6e1a00000)]
  0x0000026886163180 JavaThread "Build operations" [_thread_blocked, id=31792, stack(0x000000f6e1a00000,0x000000f6e1b00000)]
=>0x0000026886057c70 JavaThread "C2 CompilerThread2" daemon [_thread_in_native, id=2252, stack(0x000000f6e7600000,0x000000f6e7700000)]

Other Threads:
  0x00000268db133010 VMThread "VM Thread" [stack: 0x000000f6e2100000,0x000000f6e2200000] [id=8692]
  0x00000268bbe411d0 WatcherThread [stack: 0x000000f6e2e00000,0x000000f6e2f00000] [id=23172]
  0x00000268bbddd020 GCTaskThread "GC Thread#0" [stack: 0x000000f6e1c00000,0x000000f6e1d00000] [id=260]
  0x00000268db9b8a30 GCTaskThread "GC Thread#1" [stack: 0x000000f6e3000000,0x000000f6e3100000] [id=20316]
  0x00000268f50945a0 GCTaskThread "GC Thread#2" [stack: 0x000000f6e3100000,0x000000f6e3200000] [id=30740]
  0x00000268f55e9650 GCTaskThread "GC Thread#3" [stack: 0x000000f6e3200000,0x000000f6e3300000] [id=9920]
  0x00000268f55e9910 GCTaskThread "GC Thread#4" [stack: 0x000000f6e3300000,0x000000f6e3400000] [id=28652]
  0x00000268f55e8b50 GCTaskThread "GC Thread#5" [stack: 0x000000f6e3400000,0x000000f6e3500000] [id=20368]
  0x00000268f55e9bd0 GCTaskThread "GC Thread#6" [stack: 0x000000f6e4100000,0x000000f6e4200000] [id=27660]
  0x00000268f55ea150 GCTaskThread "GC Thread#7" [stack: 0x000000f6e4200000,0x000000f6e4300000] [id=32512]
  0x00000268f55ea410 GCTaskThread "GC Thread#8" [stack: 0x000000f6e4300000,0x000000f6e4400000] [id=21572]
  0x00000268f55e8e10 GCTaskThread "GC Thread#9" [stack: 0x000000f6e4400000,0x000000f6e4500000] [id=32232]
  0x00000268bbde9e80 ConcurrentGCThread "G1 Main Marker" [stack: 0x000000f6e1d00000,0x000000f6e1e00000] [id=27284]
  0x00000268bbdea7a0 ConcurrentGCThread "G1 Conc#0" [stack: 0x000000f6e1e00000,0x000000f6e1f00000] [id=25280]
  0x00000268f55e9390 ConcurrentGCThread "G1 Conc#1" [stack: 0x000000f6e4800000,0x000000f6e4900000] [id=19540]
  0x00000268f55e90d0 ConcurrentGCThread "G1 Conc#2" [stack: 0x000000f6e4900000,0x000000f6e4a00000] [id=21600]
  0x00000268dafefa90 ConcurrentGCThread "G1 Refine#0" [stack: 0x000000f6e1f00000,0x000000f6e2000000] [id=25092]
  0x00000268f65b77f0 ConcurrentGCThread "G1 Refine#1" [stack: 0x000000f6e4e00000,0x000000f6e4f00000] [id=23188]
  0x0000026885054770 ConcurrentGCThread "G1 Refine#2" [stack: 0x000000f6e7c00000,0x000000f6e7d00000] [id=10784]
  0x0000026885055c00 ConcurrentGCThread "G1 Refine#3" [stack: 0x000000f6e7d00000,0x000000f6e7e00000] [id=12152]
  0x0000026885055ef0 ConcurrentGCThread "G1 Refine#4" [stack: 0x000000f6e7e00000,0x000000f6e7f00000] [id=27176]
  0x00000268daff2280 ConcurrentGCThread "G1 Service" [stack: 0x000000f6e2000000,0x000000f6e2100000] [id=30884]

Threads with active compile tasks:
C2 CompilerThread2   103701 20480       4       org.gradle.internal.serialize.HierarchicalNameSerializer::writeName (88 bytes)

VM state: not at safepoint (normal execution)

VM Mutex/Monitor currently owned by a thread: None

Heap address: 0x00000000a0000000, size: 1536 MB, Compressed Oops mode: 32-bit

CDS archive(s) mapped at: [0x00000268dc000000-0x00000268dcbd0000-0x00000268dcbd0000), size 12386304, SharedBaseAddress: 0x00000268dc000000, ArchiveRelocationMode: 1.
Compressed class space mapped at: 0x00000268dd000000-0x00000268f1000000, reserved size: 335544320
Narrow klass base: 0x00000268dc000000, Narrow klass shift: 0, Narrow klass range: 0x100000000

GC Precious Log:
 CPUs: 12 total, 12 available
 Memory: 16024M
 Large Page Support: Disabled
 NUMA Support: Disabled
 Compressed Oops: Enabled (32-bit)
 Heap Region Size: 1M
 Heap Min Capacity: 8M
 Heap Initial Capacity: 252M
 Heap Max Capacity: 1536M
 Pre-touch: Disabled
 Parallel Workers: 10
 Concurrent Workers: 3
 Concurrent Refinement Workers: 10
 Periodic GC: Disabled

Heap:
 garbage-first heap   total 552960K, used 361788K [0x00000000a0000000, 0x0000000100000000)
  region size 1024K, 83 young (84992K), 14 survivors (14336K)
 Metaspace       used 130449K, committed 132096K, reserved 458752K
  class space    used 17906K, committed 18688K, reserved 327680K

Heap Regions: E=young(eden), S=young(survivor), O=old, HS=humongous(starts), HC=humongous(continues), CS=collection set, F=free, OA=open archive, CA=closed archive, TAMS=top-at-mark-start (previous, next)
|   0|0x00000000a0000000, 0x00000000a0100000, 0x00000000a0100000|100%|HS|  |TAMS 0x00000000a0100000, 0x00000000a0000000| Complete 
|   1|0x00000000a0100000, 0x00000000a0200000, 0x00000000a0200000|100%|HC|  |TAMS 0x00000000a0200000, 0x00000000a0100000| Complete 
|   2|0x00000000a0200000, 0x00000000a0300000, 0x00000000a0300000|100%|HC|  |TAMS 0x00000000a0300000, 0x00000000a0200000| Complete 
|   3|0x00000000a0300000, 0x00000000a0400000, 0x00000000a0400000|100%|HC|  |TAMS 0x00000000a0400000, 0x00000000a0300000| Complete 
|   4|0x00000000a0400000, 0x00000000a0500000, 0x00000000a0500000|100%| O|  |TAMS 0x00000000a0500000, 0x00000000a0400000| Untracked 
|   5|0x00000000a0500000, 0x00000000a0600000, 0x00000000a0600000|100%| O|  |TAMS 0x00000000a0600000, 0x00000000a0500000| Untracked 
|   6|0x00000000a0600000, 0x00000000a0700000, 0x00000000a0700000|100%| O|  |TAMS 0x00000000a0700000, 0x00000000a0600000| Untracked 
|   7|0x00000000a0700000, 0x00000000a0800000, 0x00000000a0800000|100%| O|  |TAMS 0x00000000a0800000, 0x00000000a0700000| Untracked 
|   8|0x00000000a0800000, 0x00000000a0900000, 0x00000000a0900000|100%| O|  |TAMS 0x00000000a0900000, 0x00000000a0800000| Untracked 
|   9|0x00000000a0900000, 0x00000000a0a00000, 0x00000000a0a00000|100%| O|  |TAMS 0x00000000a0a00000, 0x00000000a0900000| Untracked 
|  10|0x00000000a0a00000, 0x00000000a0b00000, 0x00000000a0b00000|100%| O|  |TAMS 0x00000000a0b00000, 0x00000000a0a00000| Untracked 
|  11|0x00000000a0b00000, 0x00000000a0c00000, 0x00000000a0c00000|100%|HS|  |TAMS 0x00000000a0c00000, 0x00000000a0b00000| Complete 
|  12|0x00000000a0c00000, 0x00000000a0cdba00, 0x00000000a0d00000| 85%| O|  |TAMS 0x00000000a0cdba00, 0x00000000a0c00000| Untracked 
|  13|0x00000000a0d00000, 0x00000000a0e00000, 0x00000000a0e00000|100%| O|  |TAMS 0x00000000a0e00000, 0x00000000a0d00000| Untracked 
|  14|0x00000000a0e00000, 0x00000000a0f00000, 0x00000000a0f00000|100%| O|  |TAMS 0x00000000a0f00000, 0x00000000a0e00000| Untracked 
|  15|0x00000000a0f00000, 0x00000000a1000000, 0x00000000a1000000|100%| O|  |TAMS 0x00000000a1000000, 0x00000000a0f00000| Untracked 
|  16|0x00000000a1000000, 0x00000000a1100000, 0x00000000a1100000|100%| O|  |TAMS 0x00000000a1100000, 0x00000000a1000000| Untracked 
|  17|0x00000000a1100000, 0x00000000a1200000, 0x00000000a1200000|100%| O|  |TAMS 0x00000000a1200000, 0x00000000a1100000| Untracked 
|  18|0x00000000a1200000, 0x00000000a1300000, 0x00000000a1300000|100%| O|  |TAMS 0x00000000a1300000, 0x00000000a1200000| Untracked 
|  19|0x00000000a1300000, 0x00000000a1400000, 0x00000000a1400000|100%| O|  |TAMS 0x00000000a1400000, 0x00000000a1300000| Untracked 
|  20|0x00000000a1400000, 0x00000000a1500000, 0x00000000a1500000|100%| O|  |TAMS 0x00000000a1500000, 0x00000000a1400000| Untracked 
|  21|0x00000000a1500000, 0x00000000a1600000, 0x00000000a1600000|100%| O|  |TAMS 0x00000000a1600000, 0x00000000a1500000| Untracked 
|  22|0x00000000a1600000, 0x00000000a1700000, 0x00000000a1700000|100%| O|  |TAMS 0x00000000a1700000, 0x00000000a1600000| Untracked 
|  23|0x00000000a1700000, 0x00000000a1800000, 0x00000000a1800000|100%| O|  |TAMS 0x00000000a1800000, 0x00000000a1700000| Untracked 
|  24|0x00000000a1800000, 0x00000000a1900000, 0x00000000a1900000|100%| O|  |TAMS 0x00000000a1900000, 0x00000000a1800000| Untracked 
|  25|0x00000000a1900000, 0x00000000a1a00000, 0x00000000a1a00000|100%| O|  |TAMS 0x00000000a1a00000, 0x00000000a1900000| Untracked 
|  26|0x00000000a1a00000, 0x00000000a1b00000, 0x00000000a1b00000|100%| O|  |TAMS 0x00000000a1b00000, 0x00000000a1a00000| Untracked 
|  27|0x00000000a1b00000, 0x00000000a1c00000, 0x00000000a1c00000|100%| O|  |TAMS 0x00000000a1c00000, 0x00000000a1b00000| Untracked 
|  28|0x00000000a1c00000, 0x00000000a1d00000, 0x00000000a1d00000|100%| O|  |TAMS 0x00000000a1d00000, 0x00000000a1c00000| Untracked 
|  29|0x00000000a1d00000, 0x00000000a1e00000, 0x00000000a1e00000|100%| O|  |TAMS 0x00000000a1e00000, 0x00000000a1d00000| Untracked 
|  30|0x00000000a1e00000, 0x00000000a1f00000, 0x00000000a1f00000|100%| O|  |TAMS 0x00000000a1f00000, 0x00000000a1e00000| Untracked 
|  31|0x00000000a1f00000, 0x00000000a2000000, 0x00000000a2000000|100%| O|  |TAMS 0x00000000a2000000, 0x00000000a1f00000| Untracked 
|  32|0x00000000a2000000, 0x00000000a2100000, 0x00000000a2100000|100%| O|  |TAMS 0x00000000a2100000, 0x00000000a2000000| Untracked 
|  33|0x00000000a2100000, 0x00000000a2200000, 0x00000000a2200000|100%| O|  |TAMS 0x00000000a2200000, 0x00000000a2100000| Untracked 
|  34|0x00000000a2200000, 0x00000000a2300000, 0x00000000a2300000|100%| O|  |TAMS 0x00000000a2300000, 0x00000000a2200000| Untracked 
|  35|0x00000000a2300000, 0x00000000a2400000, 0x00000000a2400000|100%| O|  |TAMS 0x00000000a2400000, 0x00000000a2300000| Untracked 
|  36|0x00000000a2400000, 0x00000000a2500000, 0x00000000a2500000|100%| O|  |TAMS 0x00000000a2500000, 0x00000000a2400000| Untracked 
|  37|0x00000000a2500000, 0x00000000a2600000, 0x00000000a2600000|100%| O|  |TAMS 0x00000000a2600000, 0x00000000a2500000| Untracked 
|  38|0x00000000a2600000, 0x00000000a2700000, 0x00000000a2700000|100%| O|  |TAMS 0x00000000a2700000, 0x00000000a2600000| Untracked 
|  39|0x00000000a2700000, 0x00000000a2800000, 0x00000000a2800000|100%| O|  |TAMS 0x00000000a2800000, 0x00000000a2700000| Untracked 
|  40|0x00000000a2800000, 0x00000000a2900000, 0x00000000a2900000|100%| O|  |TAMS 0x00000000a2900000, 0x00000000a2800000| Untracked 
|  41|0x00000000a2900000, 0x00000000a2a00000, 0x00000000a2a00000|100%| O|  |TAMS 0x00000000a2a00000, 0x00000000a2900000| Untracked 
|  42|0x00000000a2a00000, 0x00000000a2b00000, 0x00000000a2b00000|100%| O|  |TAMS 0x00000000a2b00000, 0x00000000a2a00000| Untracked 
|  43|0x00000000a2b00000, 0x00000000a2c00000, 0x00000000a2c00000|100%| O|  |TAMS 0x00000000a2c00000, 0x00000000a2b00000| Untracked 
|  44|0x00000000a2c00000, 0x00000000a2d00000, 0x00000000a2d00000|100%| O|  |TAMS 0x00000000a2d00000, 0x00000000a2c00000| Untracked 
|  45|0x00000000a2d00000, 0x00000000a2e00000, 0x00000000a2e00000|100%| O|  |TAMS 0x00000000a2e00000, 0x00000000a2d00000| Untracked 
|  46|0x00000000a2e00000, 0x00000000a2f00000, 0x00000000a2f00000|100%| O|  |TAMS 0x00000000a2f00000, 0x00000000a2e00000| Untracked 
|  47|0x00000000a2f00000, 0x00000000a3000000, 0x00000000a3000000|100%| O|  |TAMS 0x00000000a3000000, 0x00000000a2f00000| Untracked 
|  48|0x00000000a3000000, 0x00000000a3100000, 0x00000000a3100000|100%|HS|  |TAMS 0x00000000a3100000, 0x00000000a3000000| Complete 
|  49|0x00000000a3100000, 0x00000000a3200000, 0x00000000a3200000|100%|HS|  |TAMS 0x00000000a3200000, 0x00000000a3100000| Complete 
|  50|0x00000000a3200000, 0x00000000a3300000, 0x00000000a3300000|100%|HC|  |TAMS 0x00000000a3300000, 0x00000000a3200000| Complete 
|  51|0x00000000a3300000, 0x00000000a3400000, 0x00000000a3400000|100%|HS|  |TAMS 0x00000000a3400000, 0x00000000a3300000| Complete 
|  52|0x00000000a3400000, 0x00000000a3500000, 0x00000000a3500000|100%|HC|  |TAMS 0x00000000a3500000, 0x00000000a3400000| Complete 
|  53|0x00000000a3500000, 0x00000000a3600000, 0x00000000a3600000|100%|HS|  |TAMS 0x00000000a3600000, 0x00000000a3500000| Complete 
|  54|0x00000000a3600000, 0x00000000a3700000, 0x00000000a3700000|100%|HC|  |TAMS 0x00000000a3700000, 0x00000000a3600000| Complete 
|  55|0x00000000a3700000, 0x00000000a3800000, 0x00000000a3800000|100%|HC|  |TAMS 0x00000000a3800000, 0x00000000a3700000| Complete 
|  56|0x00000000a3800000, 0x00000000a3900000, 0x00000000a3900000|100%|HC|  |TAMS 0x00000000a3900000, 0x00000000a3800000| Complete 
|  57|0x00000000a3900000, 0x00000000a3a00000, 0x00000000a3a00000|100%| O|  |TAMS 0x00000000a3a00000, 0x00000000a3900000| Untracked 
|  58|0x00000000a3a00000, 0x00000000a3b00000, 0x00000000a3b00000|100%|HS|  |TAMS 0x00000000a3b00000, 0x00000000a3a00000| Complete 
|  59|0x00000000a3b00000, 0x00000000a3c00000, 0x00000000a3c00000|100%| O|  |TAMS 0x00000000a3c00000, 0x00000000a3b00000| Untracked 
|  60|0x00000000a3c00000, 0x00000000a3d00000, 0x00000000a3d00000|100%| O|  |TAMS 0x00000000a3d00000, 0x00000000a3c00000| Untracked 
|  61|0x00000000a3d00000, 0x00000000a3e00000, 0x00000000a3e00000|100%| O|  |TAMS 0x00000000a3e00000, 0x00000000a3d00000| Untracked 
|  62|0x00000000a3e00000, 0x00000000a3f00000, 0x00000000a3f00000|100%| O|  |TAMS 0x00000000a3f00000, 0x00000000a3e00000| Untracked 
|  63|0x00000000a3f00000, 0x00000000a4000000, 0x00000000a4000000|100%|HS|  |TAMS 0x00000000a4000000, 0x00000000a3f00000| Complete 
|  64|0x00000000a4000000, 0x00000000a4100000, 0x00000000a4100000|100%|HC|  |TAMS 0x00000000a4100000, 0x00000000a4000000| Complete 
|  65|0x00000000a4100000, 0x00000000a4200000, 0x00000000a4200000|100%|HC|  |TAMS 0x00000000a4200000, 0x00000000a4100000| Complete 
|  66|0x00000000a4200000, 0x00000000a4300000, 0x00000000a4300000|100%|HC|  |TAMS 0x00000000a4300000, 0x00000000a4200000| Complete 
|  67|0x00000000a4300000, 0x00000000a4400000, 0x00000000a4400000|100%| O|  |TAMS 0x00000000a4400000, 0x00000000a4300000| Untracked 
|  68|0x00000000a4400000, 0x00000000a4500000, 0x00000000a4500000|100%| O|  |TAMS 0x00000000a4500000, 0x00000000a4400000| Untracked 
|  69|0x00000000a4500000, 0x00000000a4600000, 0x00000000a4600000|100%| O|  |TAMS 0x00000000a4600000, 0x00000000a4500000| Untracked 
|  70|0x00000000a4600000, 0x00000000a4700000, 0x00000000a4700000|100%| O|  |TAMS 0x00000000a4700000, 0x00000000a4600000| Untracked 
|  71|0x00000000a4700000, 0x00000000a4800000, 0x00000000a4800000|100%|HS|  |TAMS 0x00000000a4800000, 0x00000000a4700000| Complete 
|  72|0x00000000a4800000, 0x00000000a4900000, 0x00000000a4900000|100%| O|  |TAMS 0x00000000a4900000, 0x00000000a4800000| Untracked 
|  73|0x00000000a4900000, 0x00000000a4a00000, 0x00000000a4a00000|100%| O|  |TAMS 0x00000000a4a00000, 0x00000000a4900000| Untracked 
|  74|0x00000000a4a00000, 0x00000000a4b00000, 0x00000000a4b00000|100%| O|  |TAMS 0x00000000a4b00000, 0x00000000a4a00000| Untracked 
|  75|0x00000000a4b00000, 0x00000000a4c00000, 0x00000000a4c00000|100%|HS|  |TAMS 0x00000000a4c00000, 0x00000000a4b00000| Complete 
|  76|0x00000000a4c00000, 0x00000000a4d00000, 0x00000000a4d00000|100%|HS|  |TAMS 0x00000000a4d00000, 0x00000000a4c00000| Complete 
|  77|0x00000000a4d00000, 0x00000000a4e00000, 0x00000000a4e00000|100%|HS|  |TAMS 0x00000000a4e00000, 0x00000000a4d00000| Complete 
|  78|0x00000000a4e00000, 0x00000000a4f00000, 0x00000000a4f00000|100%| O|  |TAMS 0x00000000a4f00000, 0x00000000a4e00000| Untracked 
|  79|0x00000000a4f00000, 0x00000000a5000000, 0x00000000a5000000|100%| O|  |TAMS 0x00000000a5000000, 0x00000000a4f00000| Untracked 
|  80|0x00000000a5000000, 0x00000000a5100000, 0x00000000a5100000|100%| O|  |TAMS 0x00000000a5100000, 0x00000000a5000000| Untracked 
|  81|0x00000000a5100000, 0x00000000a5200000, 0x00000000a5200000|100%| O|  |TAMS 0x00000000a5200000, 0x00000000a5100000| Untracked 
|  82|0x00000000a5200000, 0x00000000a5300000, 0x00000000a5300000|100%|HS|  |TAMS 0x00000000a5300000, 0x00000000a5200000| Complete 
|  83|0x00000000a5300000, 0x00000000a5400000, 0x00000000a5400000|100%|HC|  |TAMS 0x00000000a5400000, 0x00000000a5300000| Complete 
|  84|0x00000000a5400000, 0x00000000a5500000, 0x00000000a5500000|100%|HS|  |TAMS 0x00000000a5500000, 0x00000000a5400000| Complete 
|  85|0x00000000a5500000, 0x00000000a5600000, 0x00000000a5600000|100%|HS|  |TAMS 0x00000000a5600000, 0x00000000a5500000| Complete 
|  86|0x00000000a5600000, 0x00000000a5700000, 0x00000000a5700000|100%|HC|  |TAMS 0x00000000a5700000, 0x00000000a5600000| Complete 
|  87|0x00000000a5700000, 0x00000000a5800000, 0x00000000a5800000|100%|HC|  |TAMS 0x00000000a5800000, 0x00000000a5700000| Complete 
|  88|0x00000000a5800000, 0x00000000a5900000, 0x00000000a5900000|100%|HC|  |TAMS 0x00000000a5900000, 0x00000000a5800000| Complete 
|  89|0x00000000a5900000, 0x00000000a5a00000, 0x00000000a5a00000|100%| O|  |TAMS 0x00000000a5a00000, 0x00000000a5900000| Untracked 
|  90|0x00000000a5a00000, 0x00000000a5b00000, 0x00000000a5b00000|100%|HS|  |TAMS 0x00000000a5b00000, 0x00000000a5a00000| Complete 
|  91|0x00000000a5b00000, 0x00000000a5c00000, 0x00000000a5c00000|100%|HS|  |TAMS 0x00000000a5c00000, 0x00000000a5b00000| Complete 
|  92|0x00000000a5c00000, 0x00000000a5d00000, 0x00000000a5d00000|100%| O|  |TAMS 0x00000000a5d00000, 0x00000000a5c00000| Untracked 
|  93|0x00000000a5d00000, 0x00000000a5e00000, 0x00000000a5e00000|100%| O|  |TAMS 0x00000000a5e00000, 0x00000000a5d00000| Untracked 
|  94|0x00000000a5e00000, 0x00000000a5f00000, 0x00000000a5f00000|100%| O|  |TAMS 0x00000000a5f00000, 0x00000000a5e00000| Untracked 
|  95|0x00000000a5f00000, 0x00000000a6000000, 0x00000000a6000000|100%| O|  |TAMS 0x00000000a6000000, 0x00000000a5f00000| Untracked 
|  96|0x00000000a6000000, 0x00000000a6100000, 0x00000000a6100000|100%| O|  |TAMS 0x00000000a6100000, 0x00000000a6000000| Untracked 
|  97|0x00000000a6100000, 0x00000000a6200000, 0x00000000a6200000|100%| O|  |TAMS 0x00000000a6200000, 0x00000000a6100000| Untracked 
|  98|0x00000000a6200000, 0x00000000a6300000, 0x00000000a6300000|100%| O|  |TAMS 0x00000000a6300000, 0x00000000a6200000| Untracked 
|  99|0x00000000a6300000, 0x00000000a6400000, 0x00000000a6400000|100%| O|  |TAMS 0x00000000a6400000, 0x00000000a6300000| Untracked 
| 100|0x00000000a6400000, 0x00000000a6500000, 0x00000000a6500000|100%| O|  |TAMS 0x00000000a6500000, 0x00000000a6400000| Untracked 
| 101|0x00000000a6500000, 0x00000000a6600000, 0x00000000a6600000|100%| O|  |TAMS 0x00000000a6600000, 0x00000000a6500000| Untracked 
| 102|0x00000000a6600000, 0x00000000a6700000, 0x00000000a6700000|100%| O|  |TAMS 0x00000000a6700000, 0x00000000a6600000| Untracked 
| 103|0x00000000a6700000, 0x00000000a6800000, 0x00000000a6800000|100%| O|  |TAMS 0x00000000a6800000, 0x00000000a6700000| Untracked 
| 104|0x00000000a6800000, 0x00000000a6900000, 0x00000000a6900000|100%| O|  |TAMS 0x00000000a6900000, 0x00000000a6800000| Untracked 
| 105|0x00000000a6900000, 0x00000000a6a00000, 0x00000000a6a00000|100%| O|  |TAMS 0x00000000a6a00000, 0x00000000a6900000| Untracked 
| 106|0x00000000a6a00000, 0x00000000a6b00000, 0x00000000a6b00000|100%| O|  |TAMS 0x00000000a6b00000, 0x00000000a6a00000| Untracked 
| 107|0x00000000a6b00000, 0x00000000a6c00000, 0x00000000a6c00000|100%| O|  |TAMS 0x00000000a6c00000, 0x00000000a6b00000| Untracked 
| 108|0x00000000a6c00000, 0x00000000a6d00000, 0x00000000a6d00000|100%| O|  |TAMS 0x00000000a6d00000, 0x00000000a6c00000| Untracked 
| 109|0x00000000a6d00000, 0x00000000a6e00000, 0x00000000a6e00000|100%| O|  |TAMS 0x00000000a6e00000, 0x00000000a6d00000| Untracked 
| 110|0x00000000a6e00000, 0x00000000a6f00000, 0x00000000a6f00000|100%|HS|  |TAMS 0x00000000a6f00000, 0x00000000a6e00000| Complete 
| 111|0x00000000a6f00000, 0x00000000a7000000, 0x00000000a7000000|100%|HC|  |TAMS 0x00000000a7000000, 0x00000000a6f00000| Complete 
| 112|0x00000000a7000000, 0x00000000a7100000, 0x00000000a7100000|100%|HS|  |TAMS 0x00000000a7100000, 0x00000000a7000000| Complete 
| 113|0x00000000a7100000, 0x00000000a7200000, 0x00000000a7200000|100%|HC|  |TAMS 0x00000000a7200000, 0x00000000a7100000| Complete 
| 114|0x00000000a7200000, 0x00000000a7300000, 0x00000000a7300000|100%|HC|  |TAMS 0x00000000a7300000, 0x00000000a7200000| Complete 
| 115|0x00000000a7300000, 0x00000000a7400000, 0x00000000a7400000|100%|HC|  |TAMS 0x00000000a7400000, 0x00000000a7300000| Complete 
| 116|0x00000000a7400000, 0x00000000a7500000, 0x00000000a7500000|100%| O|  |TAMS 0x00000000a7500000, 0x00000000a7400000| Untracked 
| 117|0x00000000a7500000, 0x00000000a7600000, 0x00000000a7600000|100%| O|  |TAMS 0x00000000a7600000, 0x00000000a7500000| Untracked 
| 118|0x00000000a7600000, 0x00000000a7700000, 0x00000000a7700000|100%| O|  |TAMS 0x00000000a7700000, 0x00000000a7600000| Untracked 
| 119|0x00000000a7700000, 0x00000000a7800000, 0x00000000a7800000|100%| O|  |TAMS 0x00000000a7800000, 0x00000000a7700000| Untracked 
| 120|0x00000000a7800000, 0x00000000a7900000, 0x00000000a7900000|100%| O|  |TAMS 0x00000000a7900000, 0x00000000a7800000| Untracked 
| 121|0x00000000a7900000, 0x00000000a7a00000, 0x00000000a7a00000|100%| O|  |TAMS 0x00000000a7a00000, 0x00000000a7900000| Untracked 
| 122|0x00000000a7a00000, 0x00000000a7b00000, 0x00000000a7b00000|100%| O|  |TAMS 0x00000000a7b00000, 0x00000000a7a00000| Untracked 
| 123|0x00000000a7b00000, 0x00000000a7c00000, 0x00000000a7c00000|100%| O|  |TAMS 0x00000000a7c00000, 0x00000000a7b00000| Untracked 
| 124|0x00000000a7c00000, 0x00000000a7d00000, 0x00000000a7d00000|100%| O|  |TAMS 0x00000000a7d00000, 0x00000000a7c00000| Untracked 
| 125|0x00000000a7d00000, 0x00000000a7e00000, 0x00000000a7e00000|100%| O|  |TAMS 0x00000000a7e00000, 0x00000000a7d00000| Untracked 
| 126|0x00000000a7e00000, 0x00000000a7f00000, 0x00000000a7f00000|100%| O|  |TAMS 0x00000000a7f00000, 0x00000000a7e00000| Untracked 
| 127|0x00000000a7f00000, 0x00000000a8000000, 0x00000000a8000000|100%| O|  |TAMS 0x00000000a8000000, 0x00000000a7f00000| Untracked 
| 128|0x00000000a8000000, 0x00000000a8100000, 0x00000000a8100000|100%| O|  |TAMS 0x00000000a8100000, 0x00000000a8000000| Untracked 
| 129|0x00000000a8100000, 0x00000000a8200000, 0x00000000a8200000|100%| O|  |TAMS 0x00000000a8200000, 0x00000000a8100000| Untracked 
| 130|0x00000000a8200000, 0x00000000a8300000, 0x00000000a8300000|100%| O|  |TAMS 0x00000000a8300000, 0x00000000a8200000| Untracked 
| 131|0x00000000a8300000, 0x00000000a8400000, 0x00000000a8400000|100%| O|  |TAMS 0x00000000a8400000, 0x00000000a8300000| Untracked 
| 132|0x00000000a8400000, 0x00000000a8500000, 0x00000000a8500000|100%| O|  |TAMS 0x00000000a8500000, 0x00000000a8400000| Untracked 
| 133|0x00000000a8500000, 0x00000000a8600000, 0x00000000a8600000|100%| O|  |TAMS 0x00000000a8600000, 0x00000000a8500000| Untracked 
| 134|0x00000000a8600000, 0x00000000a8700000, 0x00000000a8700000|100%| O|  |TAMS 0x00000000a8700000, 0x00000000a8600000| Untracked 
| 135|0x00000000a8700000, 0x00000000a8800000, 0x00000000a8800000|100%| O|  |TAMS 0x00000000a8800000, 0x00000000a8700000| Untracked 
| 136|0x00000000a8800000, 0x00000000a8900000, 0x00000000a8900000|100%| O|  |TAMS 0x00000000a8900000, 0x00000000a8800000| Untracked 
| 137|0x00000000a8900000, 0x00000000a8a00000, 0x00000000a8a00000|100%| O|  |TAMS 0x00000000a8a00000, 0x00000000a8900000| Untracked 
| 138|0x00000000a8a00000, 0x00000000a8b00000, 0x00000000a8b00000|100%| O|  |TAMS 0x00000000a8b00000, 0x00000000a8a00000| Untracked 
| 139|0x00000000a8b00000, 0x00000000a8c00000, 0x00000000a8c00000|100%| O|  |TAMS 0x00000000a8c00000, 0x00000000a8b00000| Untracked 
| 140|0x00000000a8c00000, 0x00000000a8d00000, 0x00000000a8d00000|100%| O|  |TAMS 0x00000000a8d00000, 0x00000000a8c00000| Untracked 
| 141|0x00000000a8d00000, 0x00000000a8e00000, 0x00000000a8e00000|100%| O|  |TAMS 0x00000000a8e00000, 0x00000000a8d00000| Untracked 
| 142|0x00000000a8e00000, 0x00000000a8f00000, 0x00000000a8f00000|100%| O|  |TAMS 0x00000000a8f00000, 0x00000000a8e00000| Untracked 
| 143|0x00000000a8f00000, 0x00000000a9000000, 0x00000000a9000000|100%| O|  |TAMS 0x00000000a9000000, 0x00000000a8f00000| Untracked 
| 144|0x00000000a9000000, 0x00000000a9100000, 0x00000000a9100000|100%| O|  |TAMS 0x00000000a9100000, 0x00000000a9000000| Untracked 
| 145|0x00000000a9100000, 0x00000000a9200000, 0x00000000a9200000|100%| O|  |TAMS 0x00000000a9200000, 0x00000000a9100000| Untracked 
| 146|0x00000000a9200000, 0x00000000a9300000, 0x00000000a9300000|100%| O|  |TAMS 0x00000000a9300000, 0x00000000a9200000| Untracked 
| 147|0x00000000a9300000, 0x00000000a9400000, 0x00000000a9400000|100%| O|  |TAMS 0x00000000a9400000, 0x00000000a9300000| Untracked 
| 148|0x00000000a9400000, 0x00000000a9500000, 0x00000000a9500000|100%| O|  |TAMS 0x00000000a9500000, 0x00000000a9400000| Untracked 
| 149|0x00000000a9500000, 0x00000000a9600000, 0x00000000a9600000|100%| O|  |TAMS 0x00000000a9600000, 0x00000000a9500000| Untracked 
| 150|0x00000000a9600000, 0x00000000a9700000, 0x00000000a9700000|100%| O|  |TAMS 0x00000000a9700000, 0x00000000a9600000| Untracked 
| 151|0x00000000a9700000, 0x00000000a9800000, 0x00000000a9800000|100%| O|  |TAMS 0x00000000a9800000, 0x00000000a9700000| Untracked 
| 152|0x00000000a9800000, 0x00000000a9900000, 0x00000000a9900000|100%| O|  |TAMS 0x00000000a9900000, 0x00000000a9800000| Untracked 
| 153|0x00000000a9900000, 0x00000000a9a00000, 0x00000000a9a00000|100%| O|  |TAMS 0x00000000a9a00000, 0x00000000a9900000| Untracked 
| 154|0x00000000a9a00000, 0x00000000a9b00000, 0x00000000a9b00000|100%|HS|  |TAMS 0x00000000a9b00000, 0x00000000a9a00000| Complete 
| 155|0x00000000a9b00000, 0x00000000a9c00000, 0x00000000a9c00000|100%| O|  |TAMS 0x00000000a9c00000, 0x00000000a9b00000| Untracked 
| 156|0x00000000a9c00000, 0x00000000a9d00000, 0x00000000a9d00000|100%| O|  |TAMS 0x00000000a9d00000, 0x00000000a9c00000| Untracked 
| 157|0x00000000a9d00000, 0x00000000a9e00000, 0x00000000a9e00000|100%| O|  |TAMS 0x00000000a9e00000, 0x00000000a9d00000| Untracked 
| 158|0x00000000a9e00000, 0x00000000a9f00000, 0x00000000a9f00000|100%| O|  |TAMS 0x00000000a9f00000, 0x00000000a9e00000| Untracked 
| 159|0x00000000a9f00000, 0x00000000aa000000, 0x00000000aa000000|100%| O|  |TAMS 0x00000000aa000000, 0x00000000a9f00000| Untracked 
| 160|0x00000000aa000000, 0x00000000aa100000, 0x00000000aa100000|100%| O|  |TAMS 0x00000000aa100000, 0x00000000aa000000| Untracked 
| 161|0x00000000aa100000, 0x00000000aa200000, 0x00000000aa200000|100%| O|  |TAMS 0x00000000aa200000, 0x00000000aa100000| Untracked 
| 162|0x00000000aa200000, 0x00000000aa300000, 0x00000000aa300000|100%|HS|  |TAMS 0x00000000aa300000, 0x00000000aa200000| Complete 
| 163|0x00000000aa300000, 0x00000000aa400000, 0x00000000aa400000|100%| O|  |TAMS 0x00000000aa300000, 0x00000000aa300000| Untracked 
| 164|0x00000000aa400000, 0x00000000aa500000, 0x00000000aa500000|100%|HS|  |TAMS 0x00000000aa500000, 0x00000000aa400000| Complete 
| 165|0x00000000aa500000, 0x00000000aa600000, 0x00000000aa600000|100%|HC|  |TAMS 0x00000000aa600000, 0x00000000aa500000| Complete 
| 166|0x00000000aa600000, 0x00000000aa700000, 0x00000000aa700000|100%| O|  |TAMS 0x00000000aa700000, 0x00000000aa600000| Untracked 
| 167|0x00000000aa700000, 0x00000000aa800000, 0x00000000aa800000|100%| O|  |TAMS 0x00000000aa800000, 0x00000000aa700000| Untracked 
| 168|0x00000000aa800000, 0x00000000aa900000, 0x00000000aa900000|100%| O|  |TAMS 0x00000000aa900000, 0x00000000aa800000| Untracked 
| 169|0x00000000aa900000, 0x00000000aaa00000, 0x00000000aaa00000|100%| O|  |TAMS 0x00000000aaa00000, 0x00000000aa900000| Untracked 
| 170|0x00000000aaa00000, 0x00000000aab00000, 0x00000000aab00000|100%| O|  |TAMS 0x00000000aab00000, 0x00000000aaa00000| Untracked 
| 171|0x00000000aab00000, 0x00000000aac00000, 0x00000000aac00000|100%| O|  |TAMS 0x00000000aac00000, 0x00000000aab00000| Untracked 
| 172|0x00000000aac00000, 0x00000000aad00000, 0x00000000aad00000|100%| O|  |TAMS 0x00000000aad00000, 0x00000000aac00000| Untracked 
| 173|0x00000000aad00000, 0x00000000aae00000, 0x00000000aae00000|100%| O|  |TAMS 0x00000000aae00000, 0x00000000aad00000| Untracked 
| 174|0x00000000aae00000, 0x00000000aaf00000, 0x00000000aaf00000|100%| O|  |TAMS 0x00000000aaf00000, 0x00000000aae00000| Untracked 
| 175|0x00000000aaf00000, 0x00000000ab000000, 0x00000000ab000000|100%| O|  |TAMS 0x00000000ab000000, 0x00000000aaf00000| Untracked 
| 176|0x00000000ab000000, 0x00000000ab100000, 0x00000000ab100000|100%| O|  |TAMS 0x00000000ab100000, 0x00000000ab000000| Untracked 
| 177|0x00000000ab100000, 0x00000000ab200000, 0x00000000ab200000|100%| O|  |TAMS 0x00000000ab200000, 0x00000000ab100000| Untracked 
| 178|0x00000000ab200000, 0x00000000ab300000, 0x00000000ab300000|100%| O|  |TAMS 0x00000000ab300000, 0x00000000ab200000| Untracked 
| 179|0x00000000ab300000, 0x00000000ab400000, 0x00000000ab400000|100%| O|  |TAMS 0x00000000ab400000, 0x00000000ab300000| Untracked 
| 180|0x00000000ab400000, 0x00000000ab500000, 0x00000000ab500000|100%| O|  |TAMS 0x00000000ab500000, 0x00000000ab400000| Untracked 
| 181|0x00000000ab500000, 0x00000000ab600000, 0x00000000ab600000|100%| O|  |TAMS 0x00000000ab600000, 0x00000000ab500000| Untracked 
| 182|0x00000000ab600000, 0x00000000ab700000, 0x00000000ab700000|100%| O|  |TAMS 0x00000000ab700000, 0x00000000ab600000| Untracked 
| 183|0x00000000ab700000, 0x00000000ab800000, 0x00000000ab800000|100%| O|  |TAMS 0x00000000ab800000, 0x00000000ab700000| Untracked 
| 184|0x00000000ab800000, 0x00000000ab900000, 0x00000000ab900000|100%| O|  |TAMS 0x00000000ab900000, 0x00000000ab800000| Untracked 
| 185|0x00000000ab900000, 0x00000000aba00000, 0x00000000aba00000|100%| O|  |TAMS 0x00000000aba00000, 0x00000000ab900000| Untracked 
| 186|0x00000000aba00000, 0x00000000abb00000, 0x00000000abb00000|100%|HS|  |TAMS 0x00000000abb00000, 0x00000000aba00000| Complete 
| 187|0x00000000abb00000, 0x00000000abc00000, 0x00000000abc00000|100%|HS|  |TAMS 0x00000000abc00000, 0x00000000abb00000| Complete 
| 188|0x00000000abc00000, 0x00000000abd00000, 0x00000000abd00000|100%|HS|  |TAMS 0x00000000abd00000, 0x00000000abc00000| Complete 
| 189|0x00000000abd00000, 0x00000000abe00000, 0x00000000abe00000|100%| O|  |TAMS 0x00000000abe00000, 0x00000000abd00000| Untracked 
| 190|0x00000000abe00000, 0x00000000abf00000, 0x00000000abf00000|100%| O|  |TAMS 0x00000000abf00000, 0x00000000abe00000| Untracked 
| 191|0x00000000abf00000, 0x00000000ac000000, 0x00000000ac000000|100%| O|  |TAMS 0x00000000ac000000, 0x00000000abf00000| Untracked 
| 192|0x00000000ac000000, 0x00000000ac100000, 0x00000000ac100000|100%| O|  |TAMS 0x00000000ac100000, 0x00000000ac000000| Untracked 
| 193|0x00000000ac100000, 0x00000000ac200000, 0x00000000ac200000|100%| O|  |TAMS 0x00000000ac200000, 0x00000000ac100000| Untracked 
| 194|0x00000000ac200000, 0x00000000ac300000, 0x00000000ac300000|100%| O|  |TAMS 0x00000000ac300000, 0x00000000ac200000| Untracked 
| 195|0x00000000ac300000, 0x00000000ac400000, 0x00000000ac400000|100%| O|  |TAMS 0x00000000ac400000, 0x00000000ac300000| Untracked 
| 196|0x00000000ac400000, 0x00000000ac500000, 0x00000000ac500000|100%| O|  |TAMS 0x00000000ac500000, 0x00000000ac400000| Untracked 
| 197|0x00000000ac500000, 0x00000000ac600000, 0x00000000ac600000|100%| O|  |TAMS 0x00000000ac600000, 0x00000000ac500000| Untracked 
| 198|0x00000000ac600000, 0x00000000ac700000, 0x00000000ac700000|100%| O|  |TAMS 0x00000000ac700000, 0x00000000ac600000| Untracked 
| 199|0x00000000ac700000, 0x00000000ac800000, 0x00000000ac800000|100%| O|  |TAMS 0x00000000ac800000, 0x00000000ac700000| Untracked 
| 200|0x00000000ac800000, 0x00000000ac900000, 0x00000000ac900000|100%| O|  |TAMS 0x00000000ac900000, 0x00000000ac800000| Untracked 
| 201|0x00000000ac900000, 0x00000000aca00000, 0x00000000aca00000|100%| O|  |TAMS 0x00000000aca00000, 0x00000000ac900000| Untracked 
| 202|0x00000000aca00000, 0x00000000acb00000, 0x00000000acb00000|100%| O|  |TAMS 0x00000000aca00000, 0x00000000aca00000| Untracked 
| 203|0x00000000acb00000, 0x00000000acc00000, 0x00000000acc00000|100%| O|  |TAMS 0x00000000acc00000, 0x00000000acb00000| Untracked 
| 204|0x00000000acc00000, 0x00000000acd00000, 0x00000000acd00000|100%| O|  |TAMS 0x00000000acd00000, 0x00000000acc00000| Untracked 
| 205|0x00000000acd00000, 0x00000000ace00000, 0x00000000ace00000|100%| O|  |TAMS 0x00000000ace00000, 0x00000000acd00000| Untracked 
| 206|0x00000000ace00000, 0x00000000acf00000, 0x00000000acf00000|100%| O|  |TAMS 0x00000000acf00000, 0x00000000ace00000| Untracked 
| 207|0x00000000acf00000, 0x00000000ad000000, 0x00000000ad000000|100%| O|  |TAMS 0x00000000ad000000, 0x00000000acf00000| Untracked 
| 208|0x00000000ad000000, 0x00000000ad100000, 0x00000000ad100000|100%| O|  |TAMS 0x00000000ad100000, 0x00000000ad000000| Untracked 
| 209|0x00000000ad100000, 0x00000000ad200000, 0x00000000ad200000|100%| O|  |TAMS 0x00000000ad200000, 0x00000000ad100000| Untracked 
| 210|0x00000000ad200000, 0x00000000ad300000, 0x00000000ad300000|100%| O|  |TAMS 0x00000000ad300000, 0x00000000ad200000| Untracked 
| 211|0x00000000ad300000, 0x00000000ad400000, 0x00000000ad400000|100%| O|  |TAMS 0x00000000ad400000, 0x00000000ad300000| Untracked 
| 212|0x00000000ad400000, 0x00000000ad500000, 0x00000000ad500000|100%| O|  |TAMS 0x00000000ad500000, 0x00000000ad400000| Untracked 
| 213|0x00000000ad500000, 0x00000000ad600000, 0x00000000ad600000|100%| O|  |TAMS 0x00000000ad600000, 0x00000000ad500000| Untracked 
| 214|0x00000000ad600000, 0x00000000ad700000, 0x00000000ad700000|100%| O|  |TAMS 0x00000000ad700000, 0x00000000ad600000| Untracked 
| 215|0x00000000ad700000, 0x00000000ad800000, 0x00000000ad800000|100%| O|  |TAMS 0x00000000ad800000, 0x00000000ad700000| Untracked 
| 216|0x00000000ad800000, 0x00000000ad900000, 0x00000000ad900000|100%| O|  |TAMS 0x00000000ad800000, 0x00000000ad800000| Untracked 
| 217|0x00000000ad900000, 0x00000000ada00000, 0x00000000ada00000|100%| O|  |TAMS 0x00000000ad900000, 0x00000000ad900000| Untracked 
| 218|0x00000000ada00000, 0x00000000adb00000, 0x00000000adb00000|100%| O|  |TAMS 0x00000000adb00000, 0x00000000ada00000| Untracked 
| 219|0x00000000adb00000, 0x00000000adc00000, 0x00000000adc00000|100%|HS|  |TAMS 0x00000000adc00000, 0x00000000adb00000| Complete 
| 220|0x00000000adc00000, 0x00000000add00000, 0x00000000add00000|100%|HS|  |TAMS 0x00000000add00000, 0x00000000adc00000| Complete 
| 221|0x00000000add00000, 0x00000000ade00000, 0x00000000ade00000|100%|HS|  |TAMS 0x00000000ade00000, 0x00000000add00000| Complete 
| 222|0x00000000ade00000, 0x00000000adf00000, 0x00000000adf00000|100%| O|  |TAMS 0x00000000adf00000, 0x00000000ade00000| Untracked 
| 223|0x00000000adf00000, 0x00000000ae000000, 0x00000000ae000000|100%| O|  |TAMS 0x00000000ae000000, 0x00000000adf00000| Untracked 
| 224|0x00000000ae000000, 0x00000000ae100000, 0x00000000ae100000|100%| O|  |TAMS 0x00000000ae100000, 0x00000000ae000000| Untracked 
| 225|0x00000000ae100000, 0x00000000ae200000, 0x00000000ae200000|100%| O|  |TAMS 0x00000000ae200000, 0x00000000ae100000| Untracked 
| 226|0x00000000ae200000, 0x00000000ae300000, 0x00000000ae300000|100%| O|  |TAMS 0x00000000ae300000, 0x00000000ae200000| Untracked 
| 227|0x00000000ae300000, 0x00000000ae400000, 0x00000000ae400000|100%| O|  |TAMS 0x00000000ae400000, 0x00000000ae300000| Untracked 
| 228|0x00000000ae400000, 0x00000000ae500000, 0x00000000ae500000|100%| O|  |TAMS 0x00000000ae500000, 0x00000000ae400000| Untracked 
| 229|0x00000000ae500000, 0x00000000ae600000, 0x00000000ae600000|100%| O|  |TAMS 0x00000000ae600000, 0x00000000ae500000| Untracked 
| 230|0x00000000ae600000, 0x00000000ae700000, 0x00000000ae700000|100%| O|  |TAMS 0x00000000ae700000, 0x00000000ae600000| Untracked 
| 231|0x00000000ae700000, 0x00000000ae800000, 0x00000000ae800000|100%| O|  |TAMS 0x00000000ae800000, 0x00000000ae700000| Untracked 
| 232|0x00000000ae800000, 0x00000000ae900000, 0x00000000ae900000|100%| O|  |TAMS 0x00000000ae900000, 0x00000000ae800000| Complete 
| 233|0x00000000ae900000, 0x00000000aea00000, 0x00000000aea00000|100%| O|  |TAMS 0x00000000aea00000, 0x00000000ae900000| Complete 
| 234|0x00000000aea00000, 0x00000000aeb00000, 0x00000000aeb00000|100%| O|  |TAMS 0x00000000aeb00000, 0x00000000aea00000| Untracked 
| 235|0x00000000aeb00000, 0x00000000aec00000, 0x00000000aec00000|100%| O|  |TAMS 0x00000000aec00000, 0x00000000aeb00000| Untracked 
| 236|0x00000000aec00000, 0x00000000aed00000, 0x00000000aed00000|100%| O|  |TAMS 0x00000000aed00000, 0x00000000aec00000| Complete 
| 237|0x00000000aed00000, 0x00000000aee00000, 0x00000000aee00000|100%| O|  |TAMS 0x00000000aee00000, 0x00000000aed00000| Untracked 
| 238|0x00000000aee00000, 0x00000000aef00000, 0x00000000aef00000|100%| O|  |TAMS 0x00000000aef00000, 0x00000000aee00000| Untracked 
| 239|0x00000000aef00000, 0x00000000af000000, 0x00000000af000000|100%| O|  |TAMS 0x00000000af000000, 0x00000000aef00000| Untracked 
| 240|0x00000000af000000, 0x00000000af100000, 0x00000000af100000|100%| O|  |TAMS 0x00000000af100000, 0x00000000af000000| Untracked 
| 241|0x00000000af100000, 0x00000000af200000, 0x00000000af200000|100%| O|  |TAMS 0x00000000af200000, 0x00000000af100000| Untracked 
| 242|0x00000000af200000, 0x00000000af300000, 0x00000000af300000|100%| O|  |TAMS 0x00000000af300000, 0x00000000af200000| Untracked 
| 243|0x00000000af300000, 0x00000000af400000, 0x00000000af400000|100%| O|  |TAMS 0x00000000af400000, 0x00000000af300000| Untracked 
| 244|0x00000000af400000, 0x00000000af500000, 0x00000000af500000|100%| O|  |TAMS 0x00000000af500000, 0x00000000af400000| Untracked 
| 245|0x00000000af500000, 0x00000000af600000, 0x00000000af600000|100%| O|  |TAMS 0x00000000af600000, 0x00000000af500000| Untracked 
| 246|0x00000000af600000, 0x00000000af700000, 0x00000000af700000|100%| O|  |TAMS 0x00000000af700000, 0x00000000af600000| Untracked 
| 247|0x00000000af700000, 0x00000000af800000, 0x00000000af800000|100%| O|  |TAMS 0x00000000af800000, 0x00000000af700000| Untracked 
| 248|0x00000000af800000, 0x00000000af900000, 0x00000000af900000|100%| O|  |TAMS 0x00000000af900000, 0x00000000af800000| Untracked 
| 249|0x00000000af900000, 0x00000000afa00000, 0x00000000afa00000|100%| O|  |TAMS 0x00000000afa00000, 0x00000000af900000| Untracked 
| 250|0x00000000afa00000, 0x00000000afb00000, 0x00000000afb00000|100%| O|  |TAMS 0x00000000afb00000, 0x00000000afa00000| Untracked 
| 251|0x00000000afb00000, 0x00000000afc00000, 0x00000000afc00000|100%| O|  |TAMS 0x00000000afc00000, 0x00000000afb00000| Untracked 
| 252|0x00000000afc00000, 0x00000000afd00000, 0x00000000afd00000|100%| O|  |TAMS 0x00000000afd00000, 0x00000000afc00000| Untracked 
| 253|0x00000000afd00000, 0x00000000afe00000, 0x00000000afe00000|100%| O|  |TAMS 0x00000000afe00000, 0x00000000afd00000| Untracked 
| 254|0x00000000afe00000, 0x00000000aff00000, 0x00000000aff00000|100%| O|  |TAMS 0x00000000aff00000, 0x00000000afe00000| Untracked 
| 255|0x00000000aff00000, 0x00000000b0000000, 0x00000000b0000000|100%| O|  |TAMS 0x00000000b0000000, 0x00000000aff00000| Untracked 
| 256|0x00000000b0000000, 0x00000000b0100000, 0x00000000b0100000|100%| O|  |TAMS 0x00000000b0100000, 0x00000000b0000000| Complete 
| 257|0x00000000b0100000, 0x00000000b0200000, 0x00000000b0200000|100%| O|  |TAMS 0x00000000b0200000, 0x00000000b0100000| Untracked 
| 258|0x00000000b0200000, 0x00000000b0300000, 0x00000000b0300000|100%| O|  |TAMS 0x00000000b0300000, 0x00000000b0200000| Untracked 
| 259|0x00000000b0300000, 0x00000000b0400000, 0x00000000b0400000|100%| O|  |TAMS 0x00000000b0400000, 0x00000000b0300000| Untracked 
| 260|0x00000000b0400000, 0x00000000b0500000, 0x00000000b0500000|100%| O|  |TAMS 0x00000000b0500000, 0x00000000b0400000| Untracked 
| 261|0x00000000b0500000, 0x00000000b0600000, 0x00000000b0600000|100%| O|  |TAMS 0x00000000b0600000, 0x00000000b0500000| Untracked 
| 262|0x00000000b0600000, 0x00000000b0700000, 0x00000000b0700000|100%| O|  |TAMS 0x00000000b0700000, 0x00000000b0600000| Complete 
| 263|0x00000000b0700000, 0x00000000b0800000, 0x00000000b0800000|100%| O|  |TAMS 0x00000000b0800000, 0x00000000b0700000| Complete 
| 264|0x00000000b0800000, 0x00000000b0900000, 0x00000000b0900000|100%| O|  |TAMS 0x00000000b0838e00, 0x00000000b0800000| Untracked 
| 265|0x00000000b0900000, 0x00000000b0a00000, 0x00000000b0a00000|100%| O|  |TAMS 0x00000000b0900000, 0x00000000b0900000| Untracked 
| 266|0x00000000b0a00000, 0x00000000b0a3a600, 0x00000000b0b00000| 22%| O|  |TAMS 0x00000000b0a00000, 0x00000000b0a00000| Untracked 
| 267|0x00000000b0b00000, 0x00000000b0c00000, 0x00000000b0c00000|100%|HS|  |TAMS 0x00000000b0b00000, 0x00000000b0b00000| Complete 
| 268|0x00000000b0c00000, 0x00000000b0d00000, 0x00000000b0d00000|100%|HC|  |TAMS 0x00000000b0c00000, 0x00000000b0c00000| Complete 
| 269|0x00000000b0d00000, 0x00000000b0e00000, 0x00000000b0e00000|100%|HS|  |TAMS 0x00000000b0d00000, 0x00000000b0d00000| Complete 
| 270|0x00000000b0e00000, 0x00000000b0f00000, 0x00000000b0f00000|100%|HC|  |TAMS 0x00000000b0e00000, 0x00000000b0e00000| Complete 
| 271|0x00000000b0f00000, 0x00000000b1000000, 0x00000000b1000000|100%|HS|  |TAMS 0x00000000b0f00000, 0x00000000b0f00000| Complete 
| 272|0x00000000b1000000, 0x00000000b1100000, 0x00000000b1100000|100%|HC|  |TAMS 0x00000000b1000000, 0x00000000b1000000| Complete 
| 273|0x00000000b1100000, 0x00000000b1100000, 0x00000000b1200000|  0%| F|  |TAMS 0x00000000b1100000, 0x00000000b1100000| Untracked 
| 274|0x00000000b1200000, 0x00000000b1200000, 0x00000000b1300000|  0%| F|  |TAMS 0x00000000b1200000, 0x00000000b1200000| Untracked 
| 275|0x00000000b1300000, 0x00000000b1300000, 0x00000000b1400000|  0%| F|  |TAMS 0x00000000b1300000, 0x00000000b1300000| Untracked 
| 276|0x00000000b1400000, 0x00000000b1400000, 0x00000000b1500000|  0%| F|  |TAMS 0x00000000b1400000, 0x00000000b1400000| Untracked 
| 277|0x00000000b1500000, 0x00000000b1500000, 0x00000000b1600000|  0%| F|  |TAMS 0x00000000b1500000, 0x00000000b1500000| Untracked 
| 278|0x00000000b1600000, 0x00000000b1600000, 0x00000000b1700000|  0%| F|  |TAMS 0x00000000b1600000, 0x00000000b1600000| Untracked 
| 279|0x00000000b1700000, 0x00000000b1700000, 0x00000000b1800000|  0%| F|  |TAMS 0x00000000b1700000, 0x00000000b1700000| Untracked 
| 280|0x00000000b1800000, 0x00000000b1800000, 0x00000000b1900000|  0%| F|  |TAMS 0x00000000b1800000, 0x00000000b1800000| Untracked 
| 281|0x00000000b1900000, 0x00000000b1900000, 0x00000000b1a00000|  0%| F|  |TAMS 0x00000000b1900000, 0x00000000b1900000| Untracked 
| 282|0x00000000b1a00000, 0x00000000b1a00000, 0x00000000b1b00000|  0%| F|  |TAMS 0x00000000b1a00000, 0x00000000b1a00000| Untracked 
| 283|0x00000000b1b00000, 0x00000000b1b00000, 0x00000000b1c00000|  0%| F|  |TAMS 0x00000000b1b00000, 0x00000000b1b00000| Untracked 
| 284|0x00000000b1c00000, 0x00000000b1c00000, 0x00000000b1d00000|  0%| F|  |TAMS 0x00000000b1c00000, 0x00000000b1c00000| Untracked 
| 285|0x00000000b1d00000, 0x00000000b1d00000, 0x00000000b1e00000|  0%| F|  |TAMS 0x00000000b1d00000, 0x00000000b1d00000| Untracked 
| 286|0x00000000b1e00000, 0x00000000b1e00000, 0x00000000b1f00000|  0%| F|  |TAMS 0x00000000b1e00000, 0x00000000b1e00000| Untracked 
| 287|0x00000000b1f00000, 0x00000000b1f00000, 0x00000000b2000000|  0%| F|  |TAMS 0x00000000b1f00000, 0x00000000b1f00000| Untracked 
| 288|0x00000000b2000000, 0x00000000b2000000, 0x00000000b2100000|  0%| F|  |TAMS 0x00000000b2000000, 0x00000000b2000000| Untracked 
| 289|0x00000000b2100000, 0x00000000b2100000, 0x00000000b2200000|  0%| F|  |TAMS 0x00000000b2100000, 0x00000000b2100000| Untracked 
| 290|0x00000000b2200000, 0x00000000b2200000, 0x00000000b2300000|  0%| F|  |TAMS 0x00000000b2200000, 0x00000000b2200000| Untracked 
| 291|0x00000000b2300000, 0x00000000b2300000, 0x00000000b2400000|  0%| F|  |TAMS 0x00000000b2300000, 0x00000000b2300000| Untracked 
| 292|0x00000000b2400000, 0x00000000b2400000, 0x00000000b2500000|  0%| F|  |TAMS 0x00000000b2400000, 0x00000000b2400000| Untracked 
| 293|0x00000000b2500000, 0x00000000b2500000, 0x00000000b2600000|  0%| F|  |TAMS 0x00000000b2500000, 0x00000000b2500000| Untracked 
| 294|0x00000000b2600000, 0x00000000b2600000, 0x00000000b2700000|  0%| F|  |TAMS 0x00000000b2600000, 0x00000000b2600000| Untracked 
| 295|0x00000000b2700000, 0x00000000b2700000, 0x00000000b2800000|  0%| F|  |TAMS 0x00000000b2700000, 0x00000000b2700000| Untracked 
| 296|0x00000000b2800000, 0x00000000b2800000, 0x00000000b2900000|  0%| F|  |TAMS 0x00000000b2800000, 0x00000000b2800000| Untracked 
| 297|0x00000000b2900000, 0x00000000b2900000, 0x00000000b2a00000|  0%| F|  |TAMS 0x00000000b2900000, 0x00000000b2900000| Untracked 
| 298|0x00000000b2a00000, 0x00000000b2a00000, 0x00000000b2b00000|  0%| F|  |TAMS 0x00000000b2a00000, 0x00000000b2a00000| Untracked 
| 299|0x00000000b2b00000, 0x00000000b2b00000, 0x00000000b2c00000|  0%| F|  |TAMS 0x00000000b2b00000, 0x00000000b2b00000| Untracked 
| 300|0x00000000b2c00000, 0x00000000b2c00000, 0x00000000b2d00000|  0%| F|  |TAMS 0x00000000b2c00000, 0x00000000b2c00000| Untracked 
| 301|0x00000000b2d00000, 0x00000000b2d00000, 0x00000000b2e00000|  0%| F|  |TAMS 0x00000000b2d00000, 0x00000000b2d00000| Untracked 
| 302|0x00000000b2e00000, 0x00000000b2e00000, 0x00000000b2f00000|  0%| F|  |TAMS 0x00000000b2e00000, 0x00000000b2e00000| Untracked 
| 303|0x00000000b2f00000, 0x00000000b2f00000, 0x00000000b3000000|  0%| F|  |TAMS 0x00000000b2f00000, 0x00000000b2f00000| Untracked 
| 304|0x00000000b3000000, 0x00000000b3000000, 0x00000000b3100000|  0%| F|  |TAMS 0x00000000b3000000, 0x00000000b3000000| Untracked 
| 305|0x00000000b3100000, 0x00000000b3100000, 0x00000000b3200000|  0%| F|  |TAMS 0x00000000b3100000, 0x00000000b3100000| Untracked 
| 306|0x00000000b3200000, 0x00000000b3200000, 0x00000000b3300000|  0%| F|  |TAMS 0x00000000b3200000, 0x00000000b3200000| Untracked 
| 307|0x00000000b3300000, 0x00000000b3300000, 0x00000000b3400000|  0%| F|  |TAMS 0x00000000b3300000, 0x00000000b3300000| Untracked 
| 308|0x00000000b3400000, 0x00000000b3400000, 0x00000000b3500000|  0%| F|  |TAMS 0x00000000b3400000, 0x00000000b3400000| Untracked 
| 309|0x00000000b3500000, 0x00000000b3500000, 0x00000000b3600000|  0%| F|  |TAMS 0x00000000b3500000, 0x00000000b3500000| Untracked 
| 310|0x00000000b3600000, 0x00000000b3600000, 0x00000000b3700000|  0%| F|  |TAMS 0x00000000b3600000, 0x00000000b3600000| Untracked 
| 311|0x00000000b3700000, 0x00000000b3700000, 0x00000000b3800000|  0%| F|  |TAMS 0x00000000b3700000, 0x00000000b3700000| Untracked 
| 312|0x00000000b3800000, 0x00000000b3800000, 0x00000000b3900000|  0%| F|  |TAMS 0x00000000b3800000, 0x00000000b3800000| Untracked 
| 313|0x00000000b3900000, 0x00000000b3900000, 0x00000000b3a00000|  0%| F|  |TAMS 0x00000000b3900000, 0x00000000b3900000| Untracked 
| 314|0x00000000b3a00000, 0x00000000b3a00000, 0x00000000b3b00000|  0%| F|  |TAMS 0x00000000b3a00000, 0x00000000b3a00000| Untracked 
| 315|0x00000000b3b00000, 0x00000000b3b00000, 0x00000000b3c00000|  0%| F|  |TAMS 0x00000000b3b00000, 0x00000000b3b00000| Untracked 
| 316|0x00000000b3c00000, 0x00000000b3c00000, 0x00000000b3d00000|  0%| F|  |TAMS 0x00000000b3c00000, 0x00000000b3c00000| Untracked 
| 317|0x00000000b3d00000, 0x00000000b3d00000, 0x00000000b3e00000|  0%| F|  |TAMS 0x00000000b3d00000, 0x00000000b3d00000| Untracked 
| 318|0x00000000b3e00000, 0x00000000b3e00000, 0x00000000b3f00000|  0%| F|  |TAMS 0x00000000b3e00000, 0x00000000b3e00000| Untracked 
| 319|0x00000000b3f00000, 0x00000000b3f00000, 0x00000000b4000000|  0%| F|  |TAMS 0x00000000b3f00000, 0x00000000b3f00000| Untracked 
| 320|0x00000000b4000000, 0x00000000b4000000, 0x00000000b4100000|  0%| F|  |TAMS 0x00000000b4000000, 0x00000000b4000000| Untracked 
| 321|0x00000000b4100000, 0x00000000b4100000, 0x00000000b4200000|  0%| F|  |TAMS 0x00000000b4100000, 0x00000000b4100000| Untracked 
| 322|0x00000000b4200000, 0x00000000b4200000, 0x00000000b4300000|  0%| F|  |TAMS 0x00000000b4200000, 0x00000000b4200000| Untracked 
| 323|0x00000000b4300000, 0x00000000b4300000, 0x00000000b4400000|  0%| F|  |TAMS 0x00000000b4300000, 0x00000000b4300000| Untracked 
| 324|0x00000000b4400000, 0x00000000b4400000, 0x00000000b4500000|  0%| F|  |TAMS 0x00000000b4400000, 0x00000000b4400000| Untracked 
| 325|0x00000000b4500000, 0x00000000b4500000, 0x00000000b4600000|  0%| F|  |TAMS 0x00000000b4500000, 0x00000000b4500000| Untracked 
| 326|0x00000000b4600000, 0x00000000b4600000, 0x00000000b4700000|  0%| F|  |TAMS 0x00000000b4600000, 0x00000000b4600000| Untracked 
| 327|0x00000000b4700000, 0x00000000b4700000, 0x00000000b4800000|  0%| F|  |TAMS 0x00000000b4700000, 0x00000000b4700000| Untracked 
| 328|0x00000000b4800000, 0x00000000b4800000, 0x00000000b4900000|  0%| F|  |TAMS 0x00000000b4800000, 0x00000000b4800000| Untracked 
| 329|0x00000000b4900000, 0x00000000b4900000, 0x00000000b4a00000|  0%| F|  |TAMS 0x00000000b4900000, 0x00000000b4900000| Untracked 
| 330|0x00000000b4a00000, 0x00000000b4a00000, 0x00000000b4b00000|  0%| F|  |TAMS 0x00000000b4a00000, 0x00000000b4a00000| Untracked 
| 331|0x00000000b4b00000, 0x00000000b4b00000, 0x00000000b4c00000|  0%| F|  |TAMS 0x00000000b4b00000, 0x00000000b4b00000| Untracked 
| 332|0x00000000b4c00000, 0x00000000b4c00000, 0x00000000b4d00000|  0%| F|  |TAMS 0x00000000b4c00000, 0x00000000b4c00000| Untracked 
| 333|0x00000000b4d00000, 0x00000000b4d00000, 0x00000000b4e00000|  0%| F|  |TAMS 0x00000000b4d00000, 0x00000000b4d00000| Untracked 
| 334|0x00000000b4e00000, 0x00000000b4e00000, 0x00000000b4f00000|  0%| F|  |TAMS 0x00000000b4e00000, 0x00000000b4e00000| Untracked 
| 335|0x00000000b4f00000, 0x00000000b4f00000, 0x00000000b5000000|  0%| F|  |TAMS 0x00000000b4f00000, 0x00000000b4f00000| Untracked 
| 336|0x00000000b5000000, 0x00000000b5000000, 0x00000000b5100000|  0%| F|  |TAMS 0x00000000b5000000, 0x00000000b5000000| Untracked 
| 337|0x00000000b5100000, 0x00000000b5100000, 0x00000000b5200000|  0%| F|  |TAMS 0x00000000b5100000, 0x00000000b5100000| Untracked 
| 338|0x00000000b5200000, 0x00000000b5200000, 0x00000000b5300000|  0%| F|  |TAMS 0x00000000b5200000, 0x00000000b5200000| Untracked 
| 339|0x00000000b5300000, 0x00000000b5300000, 0x00000000b5400000|  0%| F|  |TAMS 0x00000000b5300000, 0x00000000b5300000| Untracked 
| 340|0x00000000b5400000, 0x00000000b5400000, 0x00000000b5500000|  0%| F|  |TAMS 0x00000000b5400000, 0x00000000b5400000| Untracked 
| 341|0x00000000b5500000, 0x00000000b5500000, 0x00000000b5600000|  0%| F|  |TAMS 0x00000000b5500000, 0x00000000b5500000| Untracked 
| 342|0x00000000b5600000, 0x00000000b5600000, 0x00000000b5700000|  0%| F|  |TAMS 0x00000000b5600000, 0x00000000b5600000| Untracked 
| 343|0x00000000b5700000, 0x00000000b5700000, 0x00000000b5800000|  0%| F|  |TAMS 0x00000000b5700000, 0x00000000b5700000| Untracked 
| 344|0x00000000b5800000, 0x00000000b5800000, 0x00000000b5900000|  0%| F|  |TAMS 0x00000000b5800000, 0x00000000b5800000| Untracked 
| 345|0x00000000b5900000, 0x00000000b5900000, 0x00000000b5a00000|  0%| F|  |TAMS 0x00000000b5900000, 0x00000000b5900000| Untracked 
| 346|0x00000000b5a00000, 0x00000000b5a00000, 0x00000000b5b00000|  0%| F|  |TAMS 0x00000000b5a00000, 0x00000000b5a00000| Untracked 
| 347|0x00000000b5b00000, 0x00000000b5b00000, 0x00000000b5c00000|  0%| F|  |TAMS 0x00000000b5b00000, 0x00000000b5b00000| Untracked 
| 348|0x00000000b5c00000, 0x00000000b5c00000, 0x00000000b5d00000|  0%| F|  |TAMS 0x00000000b5c00000, 0x00000000b5c00000| Untracked 
| 349|0x00000000b5d00000, 0x00000000b5d00000, 0x00000000b5e00000|  0%| F|  |TAMS 0x00000000b5d00000, 0x00000000b5d00000| Untracked 
| 350|0x00000000b5e00000, 0x00000000b5e00000, 0x00000000b5f00000|  0%| F|  |TAMS 0x00000000b5e00000, 0x00000000b5e00000| Untracked 
| 351|0x00000000b5f00000, 0x00000000b5f00000, 0x00000000b6000000|  0%| F|  |TAMS 0x00000000b5f00000, 0x00000000b5f00000| Untracked 
| 352|0x00000000b6000000, 0x00000000b6000000, 0x00000000b6100000|  0%| F|  |TAMS 0x00000000b6000000, 0x00000000b6000000| Untracked 
| 353|0x00000000b6100000, 0x00000000b6100000, 0x00000000b6200000|  0%| F|  |TAMS 0x00000000b6100000, 0x00000000b6100000| Untracked 
| 354|0x00000000b6200000, 0x00000000b6200000, 0x00000000b6300000|  0%| F|  |TAMS 0x00000000b6200000, 0x00000000b6200000| Untracked 
| 355|0x00000000b6300000, 0x00000000b6300000, 0x00000000b6400000|  0%| F|  |TAMS 0x00000000b6300000, 0x00000000b6300000| Untracked 
| 356|0x00000000b6400000, 0x00000000b6400000, 0x00000000b6500000|  0%| F|  |TAMS 0x00000000b6400000, 0x00000000b6400000| Untracked 
| 357|0x00000000b6500000, 0x00000000b6500000, 0x00000000b6600000|  0%| F|  |TAMS 0x00000000b6500000, 0x00000000b6500000| Untracked 
| 358|0x00000000b6600000, 0x00000000b6600000, 0x00000000b6700000|  0%| F|  |TAMS 0x00000000b6600000, 0x00000000b6600000| Untracked 
| 359|0x00000000b6700000, 0x00000000b6700000, 0x00000000b6800000|  0%| F|  |TAMS 0x00000000b6700000, 0x00000000b6700000| Untracked 
| 360|0x00000000b6800000, 0x00000000b6800000, 0x00000000b6900000|  0%| F|  |TAMS 0x00000000b6800000, 0x00000000b6800000| Untracked 
| 361|0x00000000b6900000, 0x00000000b6900000, 0x00000000b6a00000|  0%| F|  |TAMS 0x00000000b6900000, 0x00000000b6900000| Untracked 
| 362|0x00000000b6a00000, 0x00000000b6a00000, 0x00000000b6b00000|  0%| F|  |TAMS 0x00000000b6a00000, 0x00000000b6a00000| Untracked 
| 363|0x00000000b6b00000, 0x00000000b6b00000, 0x00000000b6c00000|  0%| F|  |TAMS 0x00000000b6b00000, 0x00000000b6b00000| Untracked 
| 364|0x00000000b6c00000, 0x00000000b6c00000, 0x00000000b6d00000|  0%| F|  |TAMS 0x00000000b6c00000, 0x00000000b6c00000| Untracked 
| 365|0x00000000b6d00000, 0x00000000b6d00000, 0x00000000b6e00000|  0%| F|  |TAMS 0x00000000b6d00000, 0x00000000b6d00000| Untracked 
| 366|0x00000000b6e00000, 0x00000000b6e00000, 0x00000000b6f00000|  0%| F|  |TAMS 0x00000000b6e00000, 0x00000000b6e00000| Untracked 
| 367|0x00000000b6f00000, 0x00000000b6f00000, 0x00000000b7000000|  0%| F|  |TAMS 0x00000000b6f00000, 0x00000000b6f00000| Untracked 
| 368|0x00000000b7000000, 0x00000000b7000000, 0x00000000b7100000|  0%| F|  |TAMS 0x00000000b7000000, 0x00000000b7000000| Untracked 
| 369|0x00000000b7100000, 0x00000000b7100000, 0x00000000b7200000|  0%| F|  |TAMS 0x00000000b7100000, 0x00000000b7100000| Untracked 
| 370|0x00000000b7200000, 0x00000000b7200000, 0x00000000b7300000|  0%| F|  |TAMS 0x00000000b7200000, 0x00000000b7200000| Untracked 
| 371|0x00000000b7300000, 0x00000000b7300000, 0x00000000b7400000|  0%| F|  |TAMS 0x00000000b7300000, 0x00000000b7300000| Untracked 
| 372|0x00000000b7400000, 0x00000000b7400000, 0x00000000b7500000|  0%| F|  |TAMS 0x00000000b7400000, 0x00000000b7400000| Untracked 
| 373|0x00000000b7500000, 0x00000000b7500000, 0x00000000b7600000|  0%| F|  |TAMS 0x00000000b7500000, 0x00000000b7500000| Untracked 
| 374|0x00000000b7600000, 0x00000000b7600000, 0x00000000b7700000|  0%| F|  |TAMS 0x00000000b7600000, 0x00000000b7600000| Untracked 
| 375|0x00000000b7700000, 0x00000000b7700000, 0x00000000b7800000|  0%| F|  |TAMS 0x00000000b7700000, 0x00000000b7700000| Untracked 
| 376|0x00000000b7800000, 0x00000000b7800000, 0x00000000b7900000|  0%| F|  |TAMS 0x00000000b7800000, 0x00000000b7800000| Untracked 
| 377|0x00000000b7900000, 0x00000000b7900000, 0x00000000b7a00000|  0%| F|  |TAMS 0x00000000b7900000, 0x00000000b7900000| Untracked 
| 378|0x00000000b7a00000, 0x00000000b7a00000, 0x00000000b7b00000|  0%| F|  |TAMS 0x00000000b7a00000, 0x00000000b7a00000| Untracked 
| 379|0x00000000b7b00000, 0x00000000b7b00000, 0x00000000b7c00000|  0%| F|  |TAMS 0x00000000b7b00000, 0x00000000b7b00000| Untracked 
| 380|0x00000000b7c00000, 0x00000000b7c00000, 0x00000000b7d00000|  0%| F|  |TAMS 0x00000000b7c00000, 0x00000000b7c00000| Untracked 
| 381|0x00000000b7d00000, 0x00000000b7d00000, 0x00000000b7e00000|  0%| F|  |TAMS 0x00000000b7d00000, 0x00000000b7d00000| Untracked 
| 382|0x00000000b7e00000, 0x00000000b7e00000, 0x00000000b7f00000|  0%| F|  |TAMS 0x00000000b7e00000, 0x00000000b7e00000| Untracked 
| 383|0x00000000b7f00000, 0x00000000b7f00000, 0x00000000b8000000|  0%| F|  |TAMS 0x00000000b7f00000, 0x00000000b7f00000| Untracked 
| 384|0x00000000b8000000, 0x00000000b8000000, 0x00000000b8100000|  0%| F|  |TAMS 0x00000000b8000000, 0x00000000b8000000| Untracked 
| 385|0x00000000b8100000, 0x00000000b8100000, 0x00000000b8200000|  0%| F|  |TAMS 0x00000000b8100000, 0x00000000b8100000| Untracked 
| 386|0x00000000b8200000, 0x00000000b8200000, 0x00000000b8300000|  0%| F|  |TAMS 0x00000000b8200000, 0x00000000b8200000| Untracked 
| 387|0x00000000b8300000, 0x00000000b8300000, 0x00000000b8400000|  0%| F|  |TAMS 0x00000000b8300000, 0x00000000b8300000| Untracked 
| 388|0x00000000b8400000, 0x00000000b8400000, 0x00000000b8500000|  0%| F|  |TAMS 0x00000000b8400000, 0x00000000b8400000| Untracked 
| 389|0x00000000b8500000, 0x00000000b8500000, 0x00000000b8600000|  0%| F|  |TAMS 0x00000000b8500000, 0x00000000b8500000| Untracked 
| 390|0x00000000b8600000, 0x00000000b8600000, 0x00000000b8700000|  0%| F|  |TAMS 0x00000000b8600000, 0x00000000b8600000| Untracked 
| 391|0x00000000b8700000, 0x00000000b8700000, 0x00000000b8800000|  0%| F|  |TAMS 0x00000000b8700000, 0x00000000b8700000| Untracked 
| 392|0x00000000b8800000, 0x00000000b8800000, 0x00000000b8900000|  0%| F|  |TAMS 0x00000000b8800000, 0x00000000b8800000| Untracked 
| 393|0x00000000b8900000, 0x00000000b8900000, 0x00000000b8a00000|  0%| F|  |TAMS 0x00000000b8900000, 0x00000000b8900000| Untracked 
| 394|0x00000000b8a00000, 0x00000000b8a00000, 0x00000000b8b00000|  0%| F|  |TAMS 0x00000000b8a00000, 0x00000000b8a00000| Untracked 
| 395|0x00000000b8b00000, 0x00000000b8b00000, 0x00000000b8c00000|  0%| F|  |TAMS 0x00000000b8b00000, 0x00000000b8b00000| Untracked 
| 396|0x00000000b8c00000, 0x00000000b8c00000, 0x00000000b8d00000|  0%| F|  |TAMS 0x00000000b8c00000, 0x00000000b8c00000| Untracked 
| 397|0x00000000b8d00000, 0x00000000b8d00000, 0x00000000b8e00000|  0%| F|  |TAMS 0x00000000b8d00000, 0x00000000b8d00000| Untracked 
| 398|0x00000000b8e00000, 0x00000000b8e00000, 0x00000000b8f00000|  0%| F|  |TAMS 0x00000000b8e00000, 0x00000000b8e00000| Untracked 
| 399|0x00000000b8f00000, 0x00000000b8f00000, 0x00000000b9000000|  0%| F|  |TAMS 0x00000000b8f00000, 0x00000000b8f00000| Untracked 
| 400|0x00000000b9000000, 0x00000000b9000000, 0x00000000b9100000|  0%| F|  |TAMS 0x00000000b9000000, 0x00000000b9000000| Untracked 
| 401|0x00000000b9100000, 0x00000000b9100000, 0x00000000b9200000|  0%| F|  |TAMS 0x00000000b9100000, 0x00000000b9100000| Untracked 
| 402|0x00000000b9200000, 0x00000000b9200000, 0x00000000b9300000|  0%| F|  |TAMS 0x00000000b9200000, 0x00000000b9200000| Untracked 
| 403|0x00000000b9300000, 0x00000000b9300000, 0x00000000b9400000|  0%| F|  |TAMS 0x00000000b9300000, 0x00000000b9300000| Untracked 
| 404|0x00000000b9400000, 0x00000000b9400000, 0x00000000b9500000|  0%| F|  |TAMS 0x00000000b9400000, 0x00000000b9400000| Untracked 
| 405|0x00000000b9500000, 0x00000000b9500000, 0x00000000b9600000|  0%| F|  |TAMS 0x00000000b9500000, 0x00000000b9500000| Untracked 
| 406|0x00000000b9600000, 0x00000000b9600000, 0x00000000b9700000|  0%| F|  |TAMS 0x00000000b9600000, 0x00000000b9600000| Untracked 
| 407|0x00000000b9700000, 0x00000000b9700000, 0x00000000b9800000|  0%| F|  |TAMS 0x00000000b9700000, 0x00000000b9700000| Untracked 
| 408|0x00000000b9800000, 0x00000000b9800000, 0x00000000b9900000|  0%| F|  |TAMS 0x00000000b9800000, 0x00000000b9800000| Untracked 
| 409|0x00000000b9900000, 0x00000000b9900000, 0x00000000b9a00000|  0%| F|  |TAMS 0x00000000b9900000, 0x00000000b9900000| Untracked 
| 410|0x00000000b9a00000, 0x00000000b9a00000, 0x00000000b9b00000|  0%| F|  |TAMS 0x00000000b9a00000, 0x00000000b9a00000| Untracked 
| 411|0x00000000b9b00000, 0x00000000b9b00000, 0x00000000b9c00000|  0%| F|  |TAMS 0x00000000b9b00000, 0x00000000b9b00000| Untracked 
| 412|0x00000000b9c00000, 0x00000000b9c00000, 0x00000000b9d00000|  0%| F|  |TAMS 0x00000000b9c00000, 0x00000000b9c00000| Untracked 
| 413|0x00000000b9d00000, 0x00000000b9d00000, 0x00000000b9e00000|  0%| F|  |TAMS 0x00000000b9d00000, 0x00000000b9d00000| Untracked 
| 414|0x00000000b9e00000, 0x00000000b9e00000, 0x00000000b9f00000|  0%| F|  |TAMS 0x00000000b9e00000, 0x00000000b9e00000| Untracked 
| 415|0x00000000b9f00000, 0x00000000b9f00000, 0x00000000ba000000|  0%| F|  |TAMS 0x00000000b9f00000, 0x00000000b9f00000| Untracked 
| 416|0x00000000ba000000, 0x00000000ba000000, 0x00000000ba100000|  0%| F|  |TAMS 0x00000000ba000000, 0x00000000ba000000| Untracked 
| 417|0x00000000ba100000, 0x00000000ba100000, 0x00000000ba200000|  0%| F|  |TAMS 0x00000000ba100000, 0x00000000ba100000| Untracked 
| 418|0x00000000ba200000, 0x00000000ba200000, 0x00000000ba300000|  0%| F|  |TAMS 0x00000000ba200000, 0x00000000ba200000| Untracked 
| 419|0x00000000ba300000, 0x00000000ba300000, 0x00000000ba400000|  0%| F|  |TAMS 0x00000000ba300000, 0x00000000ba300000| Untracked 
| 420|0x00000000ba400000, 0x00000000ba4392e0, 0x00000000ba500000| 22%| S|CS|TAMS 0x00000000ba400000, 0x00000000ba400000| Complete 
| 421|0x00000000ba500000, 0x00000000ba600000, 0x00000000ba600000|100%| S|CS|TAMS 0x00000000ba500000, 0x00000000ba500000| Complete 
| 422|0x00000000ba600000, 0x00000000ba700000, 0x00000000ba700000|100%| S|CS|TAMS 0x00000000ba600000, 0x00000000ba600000| Complete 
| 423|0x00000000ba700000, 0x00000000ba800000, 0x00000000ba800000|100%| S|CS|TAMS 0x00000000ba700000, 0x00000000ba700000| Complete 
| 424|0x00000000ba800000, 0x00000000ba900000, 0x00000000ba900000|100%| S|CS|TAMS 0x00000000ba800000, 0x00000000ba800000| Complete 
| 425|0x00000000ba900000, 0x00000000baa00000, 0x00000000baa00000|100%| S|CS|TAMS 0x00000000ba900000, 0x00000000ba900000| Complete 
| 426|0x00000000baa00000, 0x00000000bab00000, 0x00000000bab00000|100%| S|CS|TAMS 0x00000000baa00000, 0x00000000baa00000| Complete 
| 427|0x00000000bab00000, 0x00000000bac00000, 0x00000000bac00000|100%| S|CS|TAMS 0x00000000bab00000, 0x00000000bab00000| Complete 
| 428|0x00000000bac00000, 0x00000000bad00000, 0x00000000bad00000|100%| S|CS|TAMS 0x00000000bac00000, 0x00000000bac00000| Complete 
| 429|0x00000000bad00000, 0x00000000bae00000, 0x00000000bae00000|100%| S|CS|TAMS 0x00000000bad00000, 0x00000000bad00000| Complete 
| 430|0x00000000bae00000, 0x00000000baf00000, 0x00000000baf00000|100%| S|CS|TAMS 0x00000000bae00000, 0x00000000bae00000| Complete 
| 431|0x00000000baf00000, 0x00000000bb000000, 0x00000000bb000000|100%| S|CS|TAMS 0x00000000baf00000, 0x00000000baf00000| Complete 
| 432|0x00000000bb000000, 0x00000000bb100000, 0x00000000bb100000|100%| S|CS|TAMS 0x00000000bb000000, 0x00000000bb000000| Complete 
| 433|0x00000000bb100000, 0x00000000bb200000, 0x00000000bb200000|100%| S|CS|TAMS 0x00000000bb100000, 0x00000000bb100000| Complete 
| 434|0x00000000bb200000, 0x00000000bb200000, 0x00000000bb300000|  0%| F|  |TAMS 0x00000000bb200000, 0x00000000bb200000| Untracked 
| 435|0x00000000bb300000, 0x00000000bb300000, 0x00000000bb400000|  0%| F|  |TAMS 0x00000000bb300000, 0x00000000bb300000| Untracked 
| 436|0x00000000bb400000, 0x00000000bb400000, 0x00000000bb500000|  0%| F|  |TAMS 0x00000000bb400000, 0x00000000bb400000| Untracked 
| 437|0x00000000bb500000, 0x00000000bb500000, 0x00000000bb600000|  0%| F|  |TAMS 0x00000000bb500000, 0x00000000bb500000| Untracked 
| 438|0x00000000bb600000, 0x00000000bb600000, 0x00000000bb700000|  0%| F|  |TAMS 0x00000000bb600000, 0x00000000bb600000| Untracked 
| 439|0x00000000bb700000, 0x00000000bb700000, 0x00000000bb800000|  0%| F|  |TAMS 0x00000000bb700000, 0x00000000bb700000| Untracked 
| 440|0x00000000bb800000, 0x00000000bb800000, 0x00000000bb900000|  0%| F|  |TAMS 0x00000000bb800000, 0x00000000bb800000| Untracked 
| 441|0x00000000bb900000, 0x00000000bb900000, 0x00000000bba00000|  0%| F|  |TAMS 0x00000000bb900000, 0x00000000bb900000| Untracked 
| 442|0x00000000bba00000, 0x00000000bba00000, 0x00000000bbb00000|  0%| F|  |TAMS 0x00000000bba00000, 0x00000000bba00000| Untracked 
| 443|0x00000000bbb00000, 0x00000000bbb00000, 0x00000000bbc00000|  0%| F|  |TAMS 0x00000000bbb00000, 0x00000000bbb00000| Untracked 
| 444|0x00000000bbc00000, 0x00000000bbc00000, 0x00000000bbd00000|  0%| F|  |TAMS 0x00000000bbc00000, 0x00000000bbc00000| Untracked 
| 445|0x00000000bbd00000, 0x00000000bbd00000, 0x00000000bbe00000|  0%| F|  |TAMS 0x00000000bbd00000, 0x00000000bbd00000| Untracked 
| 446|0x00000000bbe00000, 0x00000000bbe00000, 0x00000000bbf00000|  0%| F|  |TAMS 0x00000000bbe00000, 0x00000000bbe00000| Untracked 
| 447|0x00000000bbf00000, 0x00000000bbf00000, 0x00000000bc000000|  0%| F|  |TAMS 0x00000000bbf00000, 0x00000000bbf00000| Untracked 
| 448|0x00000000bc000000, 0x00000000bc000000, 0x00000000bc100000|  0%| F|  |TAMS 0x00000000bc000000, 0x00000000bc000000| Untracked 
| 449|0x00000000bc100000, 0x00000000bc100000, 0x00000000bc200000|  0%| F|  |TAMS 0x00000000bc100000, 0x00000000bc100000| Untracked 
| 450|0x00000000bc200000, 0x00000000bc200000, 0x00000000bc300000|  0%| F|  |TAMS 0x00000000bc200000, 0x00000000bc200000| Untracked 
| 451|0x00000000bc300000, 0x00000000bc300000, 0x00000000bc400000|  0%| F|  |TAMS 0x00000000bc300000, 0x00000000bc300000| Untracked 
| 452|0x00000000bc400000, 0x00000000bc400000, 0x00000000bc500000|  0%| F|  |TAMS 0x00000000bc400000, 0x00000000bc400000| Untracked 
| 453|0x00000000bc500000, 0x00000000bc500000, 0x00000000bc600000|  0%| F|  |TAMS 0x00000000bc500000, 0x00000000bc500000| Untracked 
| 454|0x00000000bc600000, 0x00000000bc600000, 0x00000000bc700000|  0%| F|  |TAMS 0x00000000bc600000, 0x00000000bc600000| Untracked 
| 455|0x00000000bc700000, 0x00000000bc700000, 0x00000000bc800000|  0%| F|  |TAMS 0x00000000bc700000, 0x00000000bc700000| Untracked 
| 456|0x00000000bc800000, 0x00000000bc800000, 0x00000000bc900000|  0%| F|  |TAMS 0x00000000bc800000, 0x00000000bc800000| Untracked 
| 457|0x00000000bc900000, 0x00000000bc900000, 0x00000000bca00000|  0%| F|  |TAMS 0x00000000bc900000, 0x00000000bc900000| Untracked 
| 458|0x00000000bca00000, 0x00000000bca00000, 0x00000000bcb00000|  0%| F|  |TAMS 0x00000000bca00000, 0x00000000bca00000| Untracked 
| 459|0x00000000bcb00000, 0x00000000bcb00000, 0x00000000bcc00000|  0%| F|  |TAMS 0x00000000bcb00000, 0x00000000bcb00000| Untracked 
| 460|0x00000000bcc00000, 0x00000000bcc00000, 0x00000000bcd00000|  0%| F|  |TAMS 0x00000000bcc00000, 0x00000000bcc00000| Untracked 
| 461|0x00000000bcd00000, 0x00000000bcd00000, 0x00000000bce00000|  0%| F|  |TAMS 0x00000000bcd00000, 0x00000000bcd00000| Untracked 
| 462|0x00000000bce00000, 0x00000000bce00000, 0x00000000bcf00000|  0%| F|  |TAMS 0x00000000bce00000, 0x00000000bce00000| Untracked 
| 463|0x00000000bcf00000, 0x00000000bcf00000, 0x00000000bd000000|  0%| F|  |TAMS 0x00000000bcf00000, 0x00000000bcf00000| Untracked 
| 464|0x00000000bd000000, 0x00000000bd000000, 0x00000000bd100000|  0%| F|  |TAMS 0x00000000bd000000, 0x00000000bd000000| Untracked 
| 465|0x00000000bd100000, 0x00000000bd100000, 0x00000000bd200000|  0%| F|  |TAMS 0x00000000bd100000, 0x00000000bd100000| Untracked 
| 466|0x00000000bd200000, 0x00000000bd200000, 0x00000000bd300000|  0%| F|  |TAMS 0x00000000bd200000, 0x00000000bd200000| Untracked 
| 467|0x00000000bd300000, 0x00000000bd300000, 0x00000000bd400000|  0%| F|  |TAMS 0x00000000bd300000, 0x00000000bd300000| Untracked 
| 468|0x00000000bd400000, 0x00000000bd400000, 0x00000000bd500000|  0%| F|  |TAMS 0x00000000bd400000, 0x00000000bd400000| Untracked 
| 469|0x00000000bd500000, 0x00000000bd500000, 0x00000000bd600000|  0%| F|  |TAMS 0x00000000bd500000, 0x00000000bd500000| Untracked 
| 470|0x00000000bd600000, 0x00000000bd6521a0, 0x00000000bd700000| 32%| E|  |TAMS 0x00000000bd600000, 0x00000000bd600000| Complete 
| 471|0x00000000bd700000, 0x00000000bd800000, 0x00000000bd800000|100%| E|CS|TAMS 0x00000000bd700000, 0x00000000bd700000| Complete 
| 472|0x00000000bd800000, 0x00000000bd900000, 0x00000000bd900000|100%| E|CS|TAMS 0x00000000bd800000, 0x00000000bd800000| Complete 
| 473|0x00000000bd900000, 0x00000000bda00000, 0x00000000bda00000|100%| E|CS|TAMS 0x00000000bd900000, 0x00000000bd900000| Complete 
| 474|0x00000000bda00000, 0x00000000bdb00000, 0x00000000bdb00000|100%| E|CS|TAMS 0x00000000bda00000, 0x00000000bda00000| Complete 
| 475|0x00000000bdb00000, 0x00000000bdc00000, 0x00000000bdc00000|100%| E|CS|TAMS 0x00000000bdb00000, 0x00000000bdb00000| Complete 
| 476|0x00000000bdc00000, 0x00000000bdd00000, 0x00000000bdd00000|100%| E|CS|TAMS 0x00000000bdc00000, 0x00000000bdc00000| Complete 
| 477|0x00000000bdd00000, 0x00000000bde00000, 0x00000000bde00000|100%| E|CS|TAMS 0x00000000bdd00000, 0x00000000bdd00000| Complete 
| 478|0x00000000bde00000, 0x00000000bdf00000, 0x00000000bdf00000|100%| E|CS|TAMS 0x00000000bde00000, 0x00000000bde00000| Complete 
| 479|0x00000000bdf00000, 0x00000000be000000, 0x00000000be000000|100%| E|CS|TAMS 0x00000000bdf00000, 0x00000000bdf00000| Complete 
| 480|0x00000000be000000, 0x00000000be100000, 0x00000000be100000|100%| E|CS|TAMS 0x00000000be000000, 0x00000000be000000| Complete 
| 481|0x00000000be100000, 0x00000000be200000, 0x00000000be200000|100%| E|CS|TAMS 0x00000000be100000, 0x00000000be100000| Complete 
| 482|0x00000000be200000, 0x00000000be300000, 0x00000000be300000|100%| E|CS|TAMS 0x00000000be200000, 0x00000000be200000| Complete 
| 483|0x00000000be300000, 0x00000000be400000, 0x00000000be400000|100%| E|CS|TAMS 0x00000000be300000, 0x00000000be300000| Complete 
| 484|0x00000000be400000, 0x00000000be500000, 0x00000000be500000|100%| E|CS|TAMS 0x00000000be400000, 0x00000000be400000| Complete 
| 485|0x00000000be500000, 0x00000000be600000, 0x00000000be600000|100%| E|CS|TAMS 0x00000000be500000, 0x00000000be500000| Complete 
| 486|0x00000000be600000, 0x00000000be700000, 0x00000000be700000|100%| E|CS|TAMS 0x00000000be600000, 0x00000000be600000| Complete 
| 487|0x00000000be700000, 0x00000000be800000, 0x00000000be800000|100%| E|CS|TAMS 0x00000000be700000, 0x00000000be700000| Complete 
| 488|0x00000000be800000, 0x00000000be900000, 0x00000000be900000|100%| E|CS|TAMS 0x00000000be800000, 0x00000000be800000| Complete 
| 489|0x00000000be900000, 0x00000000bea00000, 0x00000000bea00000|100%| E|CS|TAMS 0x00000000be900000, 0x00000000be900000| Complete 
| 490|0x00000000bea00000, 0x00000000beb00000, 0x00000000beb00000|100%| E|CS|TAMS 0x00000000bea00000, 0x00000000bea00000| Complete 
| 491|0x00000000beb00000, 0x00000000bec00000, 0x00000000bec00000|100%| E|CS|TAMS 0x00000000beb00000, 0x00000000beb00000| Complete 
| 492|0x00000000bec00000, 0x00000000bed00000, 0x00000000bed00000|100%| E|CS|TAMS 0x00000000bec00000, 0x00000000bec00000| Complete 
| 493|0x00000000bed00000, 0x00000000bee00000, 0x00000000bee00000|100%| E|CS|TAMS 0x00000000bed00000, 0x00000000bed00000| Complete 
| 494|0x00000000bee00000, 0x00000000bef00000, 0x00000000bef00000|100%| E|CS|TAMS 0x00000000bee00000, 0x00000000bee00000| Complete 
| 495|0x00000000bef00000, 0x00000000bf000000, 0x00000000bf000000|100%| E|CS|TAMS 0x00000000bef00000, 0x00000000bef00000| Complete 
| 496|0x00000000bf000000, 0x00000000bf100000, 0x00000000bf100000|100%| E|CS|TAMS 0x00000000bf000000, 0x00000000bf000000| Complete 
| 497|0x00000000bf100000, 0x00000000bf200000, 0x00000000bf200000|100%| E|CS|TAMS 0x00000000bf100000, 0x00000000bf100000| Complete 
| 498|0x00000000bf200000, 0x00000000bf300000, 0x00000000bf300000|100%| E|CS|TAMS 0x00000000bf200000, 0x00000000bf200000| Complete 
| 499|0x00000000bf300000, 0x00000000bf400000, 0x00000000bf400000|100%| E|CS|TAMS 0x00000000bf300000, 0x00000000bf300000| Complete 
| 500|0x00000000bf400000, 0x00000000bf500000, 0x00000000bf500000|100%| E|CS|TAMS 0x00000000bf400000, 0x00000000bf400000| Complete 
| 501|0x00000000bf500000, 0x00000000bf600000, 0x00000000bf600000|100%| E|CS|TAMS 0x00000000bf500000, 0x00000000bf500000| Complete 
| 502|0x00000000bf600000, 0x00000000bf700000, 0x00000000bf700000|100%| E|CS|TAMS 0x00000000bf600000, 0x00000000bf600000| Complete 
| 503|0x00000000bf700000, 0x00000000bf800000, 0x00000000bf800000|100%| E|CS|TAMS 0x00000000bf700000, 0x00000000bf700000| Complete 
| 504|0x00000000bf800000, 0x00000000bf900000, 0x00000000bf900000|100%| E|CS|TAMS 0x00000000bf800000, 0x00000000bf800000| Complete 
| 505|0x00000000bf900000, 0x00000000bfa00000, 0x00000000bfa00000|100%| E|CS|TAMS 0x00000000bf900000, 0x00000000bf900000| Complete 
| 506|0x00000000bfa00000, 0x00000000bfb00000, 0x00000000bfb00000|100%| E|CS|TAMS 0x00000000bfa00000, 0x00000000bfa00000| Complete 
| 507|0x00000000bfb00000, 0x00000000bfc00000, 0x00000000bfc00000|100%| E|CS|TAMS 0x00000000bfb00000, 0x00000000bfb00000| Complete 
| 508|0x00000000bfc00000, 0x00000000bfd00000, 0x00000000bfd00000|100%| E|CS|TAMS 0x00000000bfc00000, 0x00000000bfc00000| Complete 
| 509|0x00000000bfd00000, 0x00000000bfe00000, 0x00000000bfe00000|100%| E|CS|TAMS 0x00000000bfd00000, 0x00000000bfd00000| Complete 
| 510|0x00000000bfe00000, 0x00000000bff00000, 0x00000000bff00000|100%| E|CS|TAMS 0x00000000bfe00000, 0x00000000bfe00000| Complete 
| 511|0x00000000bff00000, 0x00000000c0000000, 0x00000000c0000000|100%| E|CS|TAMS 0x00000000bff00000, 0x00000000bff00000| Complete 
| 512|0x00000000c0000000, 0x00000000c0100000, 0x00000000c0100000|100%| E|CS|TAMS 0x00000000c0000000, 0x00000000c0000000| Complete 
| 513|0x00000000c0100000, 0x00000000c0200000, 0x00000000c0200000|100%| E|CS|TAMS 0x00000000c0100000, 0x00000000c0100000| Complete 
| 514|0x00000000c0200000, 0x00000000c0300000, 0x00000000c0300000|100%| E|CS|TAMS 0x00000000c0200000, 0x00000000c0200000| Complete 
| 515|0x00000000c0300000, 0x00000000c0400000, 0x00000000c0400000|100%| E|CS|TAMS 0x00000000c0300000, 0x00000000c0300000| Complete 
| 516|0x00000000c0400000, 0x00000000c0500000, 0x00000000c0500000|100%| E|CS|TAMS 0x00000000c0400000, 0x00000000c0400000| Complete 
| 517|0x00000000c0500000, 0x00000000c0600000, 0x00000000c0600000|100%| E|CS|TAMS 0x00000000c0500000, 0x00000000c0500000| Complete 
| 518|0x00000000c0600000, 0x00000000c0700000, 0x00000000c0700000|100%| E|CS|TAMS 0x00000000c0600000, 0x00000000c0600000| Complete 
| 519|0x00000000c0700000, 0x00000000c0800000, 0x00000000c0800000|100%| E|CS|TAMS 0x00000000c0700000, 0x00000000c0700000| Complete 
| 520|0x00000000c0800000, 0x00000000c0900000, 0x00000000c0900000|100%| E|CS|TAMS 0x00000000c0800000, 0x00000000c0800000| Complete 
| 521|0x00000000c0900000, 0x00000000c0a00000, 0x00000000c0a00000|100%| E|CS|TAMS 0x00000000c0900000, 0x00000000c0900000| Complete 
| 522|0x00000000c0a00000, 0x00000000c0b00000, 0x00000000c0b00000|100%| E|CS|TAMS 0x00000000c0a00000, 0x00000000c0a00000| Complete 
| 523|0x00000000c0b00000, 0x00000000c0c00000, 0x00000000c0c00000|100%| E|CS|TAMS 0x00000000c0b00000, 0x00000000c0b00000| Complete 
| 524|0x00000000c0c00000, 0x00000000c0d00000, 0x00000000c0d00000|100%| E|CS|TAMS 0x00000000c0c00000, 0x00000000c0c00000| Complete 
| 525|0x00000000c0d00000, 0x00000000c0e00000, 0x00000000c0e00000|100%| E|CS|TAMS 0x00000000c0d00000, 0x00000000c0d00000| Complete 
| 526|0x00000000c0e00000, 0x00000000c0f00000, 0x00000000c0f00000|100%| E|CS|TAMS 0x00000000c0e00000, 0x00000000c0e00000| Complete 
| 527|0x00000000c0f00000, 0x00000000c1000000, 0x00000000c1000000|100%| E|CS|TAMS 0x00000000c0f00000, 0x00000000c0f00000| Complete 
| 528|0x00000000c1000000, 0x00000000c1100000, 0x00000000c1100000|100%| E|CS|TAMS 0x00000000c1000000, 0x00000000c1000000| Complete 
| 529|0x00000000c1100000, 0x00000000c1200000, 0x00000000c1200000|100%| E|CS|TAMS 0x00000000c1100000, 0x00000000c1100000| Complete 
| 530|0x00000000c1200000, 0x00000000c1300000, 0x00000000c1300000|100%| E|CS|TAMS 0x00000000c1200000, 0x00000000c1200000| Complete 
| 531|0x00000000c1300000, 0x00000000c1400000, 0x00000000c1400000|100%| E|CS|TAMS 0x00000000c1300000, 0x00000000c1300000| Complete 
| 532|0x00000000c1400000, 0x00000000c1500000, 0x00000000c1500000|100%| E|CS|TAMS 0x00000000c1400000, 0x00000000c1400000| Complete 
| 533|0x00000000c1500000, 0x00000000c1600000, 0x00000000c1600000|100%| E|CS|TAMS 0x00000000c1500000, 0x00000000c1500000| Complete 
| 534|0x00000000c1600000, 0x00000000c1700000, 0x00000000c1700000|100%| E|CS|TAMS 0x00000000c1600000, 0x00000000c1600000| Complete 
| 535|0x00000000c1700000, 0x00000000c1800000, 0x00000000c1800000|100%| E|CS|TAMS 0x00000000c1700000, 0x00000000c1700000| Complete 
| 536|0x00000000c1800000, 0x00000000c1900000, 0x00000000c1900000|100%| E|CS|TAMS 0x00000000c1800000, 0x00000000c1800000| Complete 
| 537|0x00000000c1900000, 0x00000000c1a00000, 0x00000000c1a00000|100%| E|CS|TAMS 0x00000000c1900000, 0x00000000c1900000| Complete 
| 538|0x00000000c1a00000, 0x00000000c1b00000, 0x00000000c1b00000|100%| E|CS|TAMS 0x00000000c1a00000, 0x00000000c1a00000| Complete 
| 539|0x00000000c1b00000, 0x00000000c1c00000, 0x00000000c1c00000|100%| E|CS|TAMS 0x00000000c1b00000, 0x00000000c1b00000| Complete 

Card table byte_map: [0x00000268d4e20000,0x00000268d5120000] _byte_map_base: 0x00000268d4920000

Marking Bits (Prev, Next): (CMBitMap*) 0x00000268bbddd550, (CMBitMap*) 0x00000268bbddd590
 Prev Bits: [0x00000268d5420000, 0x00000268d6c20000)
 Next Bits: [0x00000268d6c20000, 0x00000268d8420000)

Polling page: 0x00000268bbaf0000

Metaspace:

Usage:
  Non-class:    109.95 MB used.
      Class:     17.49 MB used.
       Both:    127.44 MB used.

Virtual space:
  Non-class space:      128.00 MB reserved,     110.81 MB ( 87%) committed,  2 nodes.
      Class space:      320.00 MB reserved,      18.25 MB (  6%) committed,  1 nodes.
             Both:      448.00 MB reserved,     129.06 MB ( 29%) committed. 

Chunk freelists:
   Non-Class:  752.00 KB
       Class:  13.78 MB
        Both:  14.52 MB

MaxMetaspaceSize: 384.00 MB
CompressedClassSpaceSize: 320.00 MB
Initial GC threshold: 21.00 MB
Current GC threshold: 202.31 MB
CDS: on
MetaspaceReclaimPolicy: balanced
 - commit_granule_bytes: 65536.
 - commit_granule_words: 8192.
 - virtual_space_node_default_size: 8388608.
 - enlarge_chunks_in_place: 1.
 - new_chunks_are_fully_committed: 0.
 - uncommit_free_chunks: 1.
 - use_allocation_guard: 0.
 - handle_deallocations: 1.


Internal statistics:

num_allocs_failed_limit: 6.
num_arena_births: 2202.
num_arena_deaths: 0.
num_vsnodes_births: 3.
num_vsnodes_deaths: 0.
num_space_committed: 2064.
num_space_uncommitted: 0.
num_chunks_returned_to_freelist: 6.
num_chunks_taken_from_freelist: 8274.
num_chunk_merges: 6.
num_chunk_splits: 5180.
num_chunks_enlarged: 3137.
num_inconsistent_stats: 0.

CodeHeap 'non-profiled nmethods': size=120000Kb used=13662Kb max_used=14117Kb free=106338Kb
 bounds [0x00000268cc960000, 0x00000268cd730000, 0x00000268d3e90000]
CodeHeap 'profiled nmethods': size=120000Kb used=33360Kb max_used=33360Kb free=86639Kb
 bounds [0x00000268c4e90000, 0x00000268c6f30000, 0x00000268cc3c0000]
CodeHeap 'non-nmethods': size=5760Kb used=2500Kb max_used=2582Kb free=3259Kb
 bounds [0x00000268cc3c0000, 0x00000268cc650000, 0x00000268cc960000]
 total_blobs=17953 nmethods=16905 adapters=959
 compilation: enabled
              stopped_count=0, restarted_count=0
 full_count=0

Compilation events (20 events):
Event: 103.559 Thread 0x00000268db2612b0 20484       1       org.gradle.internal.fingerprint.impl.IgnoredPathFileSystemLocationFingerprint::getType (5 bytes)
Event: 103.559 Thread 0x00000268db2612b0 nmethod 20484 0x00000268cd3b3990 code [0x00000268cd3b3b20, 0x00000268cd3b3bf8]
Event: 103.559 Thread 0x00000268db2612b0 20485       1       org.gradle.internal.fingerprint.impl.IgnoredPathFileSystemLocationFingerprint::getNormalizedContentHash (5 bytes)
Event: 103.559 Thread 0x00000268db2612b0 nmethod 20485 0x00000268cd3b3690 code [0x00000268cd3b3820, 0x00000268cd3b38f8]
Event: 103.559 Thread 0x00000268db2612b0 20486       3       org.gradle.internal.execution.history.impl.FingerprintMapSerializer::writeFingerprint (147 bytes)
Event: 103.561 Thread 0x00000268db2612b0 nmethod 20486 0x00000268c6f15590 code [0x00000268c6f15860, 0x00000268c6f16a78]
Event: 103.561 Thread 0x00000268db2612b0 20487       3       org.gradle.internal.snapshot.SingletonChildMap::withReplacedChild (43 bytes)
Event: 103.561 Thread 0x00000268db2612b0 nmethod 20487 0x00000268c6f16f10 code [0x00000268c6f17100, 0x00000268c6f17528]
Event: 103.566 Thread 0x00000268db2612b0 20488       3       java.lang.String::valueOf (15 bytes)
Event: 103.566 Thread 0x00000268db2612b0 nmethod 20488 0x00000268c6f17710 code [0x00000268c6f178c0, 0x00000268c6f17ac8]
Event: 103.573 Thread 0x00000268db2609b0 20489       4       java.util.ArrayDeque::spliterator (9 bytes)
Event: 103.573 Thread 0x00000268db2612b0 20490       3       java.lang.StringBuilder::append (9 bytes)
Event: 103.574 Thread 0x00000268db2612b0 nmethod 20490 0x00000268c6f17b90 code [0x00000268c6f17d60, 0x00000268c6f18098]
Event: 103.574 Thread 0x00000268db2609b0 nmethod 20489 0x00000268cd3b3390 code [0x00000268cd3b3520, 0x00000268cd3b35f8]
Event: 103.578 Thread 0x00000268db2612b0 20491       3       org.gradle.internal.snapshot.SnapshotUtil$$Lambda$2392/0x00000268de014000::visitEntry (10 bytes)
Event: 103.579 Thread 0x00000268db2612b0 nmethod 20491 0x00000268c6f18210 code [0x00000268c6f183e0, 0x00000268c6f186b8]
Event: 103.623 Thread 0x0000026886055e10 20492       4       org.objectweb.asm.ByteVector::enlarge (73 bytes)
Event: 103.627 Thread 0x0000026886055e10 nmethod 20492 0x00000268cd3b2c90 code [0x00000268cd3b2e20, 0x00000268cd3b3218]
Event: 103.647 Thread 0x00000268db2612b0 20493       3       java.lang.invoke.LambdaFormBuffer::replaceFunctions (121 bytes)
Event: 103.648 Thread 0x00000268db2612b0 nmethod 20493 0x00000268c6f18810 code [0x00000268c6f18a60, 0x00000268c6f19428]

GC Heap History (20 events):
Event: 47.608 GC heap before
{Heap before GC invocations=69 (full 0):
 garbage-first heap   total 552960K, used 195360K [0x00000000a0000000, 0x0000000100000000)
  region size 1024K, 27 young (27648K), 20 survivors (20480K)
 Metaspace       used 103375K, committed 104512K, reserved 458752K
  class space    used 14485K, committed 15040K, reserved 327680K
}
Event: 47.616 GC heap after
{Heap after GC invocations=70 (full 0):
 garbage-first heap   total 552960K, used 190803K [0x00000000a0000000, 0x0000000100000000)
  region size 1024K, 4 young (4096K), 4 survivors (4096K)
 Metaspace       used 103375K, committed 104512K, reserved 458752K
  class space    used 14485K, committed 15040K, reserved 327680K
}
Event: 48.826 GC heap before
{Heap before GC invocations=70 (full 0):
 garbage-first heap   total 552960K, used 350547K [0x00000000a0000000, 0x0000000100000000)
  region size 1024K, 156 young (159744K), 4 survivors (4096K)
 Metaspace       used 105781K, committed 106944K, reserved 458752K
  class space    used 14785K, committed 15360K, reserved 327680K
}
Event: 48.833 GC heap after
{Heap after GC invocations=71 (full 0):
 garbage-first heap   total 552960K, used 207668K [0x00000000a0000000, 0x0000000100000000)
  region size 1024K, 18 young (18432K), 18 survivors (18432K)
 Metaspace       used 105781K, committed 106944K, reserved 458752K
  class space    used 14785K, committed 15360K, reserved 327680K
}
Event: 49.982 GC heap before
{Heap before GC invocations=71 (full 0):
 garbage-first heap   total 552960K, used 377652K [0x00000000a0000000, 0x0000000100000000)
  region size 1024K, 181 young (185344K), 18 survivors (18432K)
 Metaspace       used 107230K, committed 108416K, reserved 458752K
  class space    used 15002K, committed 15552K, reserved 327680K
}
Event: 49.996 GC heap after
{Heap after GC invocations=72 (full 0):
 garbage-first heap   total 552960K, used 225529K [0x00000000a0000000, 0x0000000100000000)
  region size 1024K, 19 young (19456K), 19 survivors (19456K)
 Metaspace       used 107230K, committed 108416K, reserved 458752K
  class space    used 15002K, committed 15552K, reserved 327680K
}
Event: 51.207 GC heap before
{Heap before GC invocations=72 (full 0):
 garbage-first heap   total 552960K, used 397561K [0x00000000a0000000, 0x0000000100000000)
  region size 1024K, 186 young (190464K), 19 survivors (19456K)
 Metaspace       used 107616K, committed 108864K, reserved 458752K
  class space    used 15047K, committed 15616K, reserved 327680K
}
Event: 51.218 GC heap after
{Heap after GC invocations=73 (full 0):
 garbage-first heap   total 552960K, used 235536K [0x00000000a0000000, 0x0000000100000000)
  region size 1024K, 13 young (13312K), 13 survivors (13312K)
 Metaspace       used 107616K, committed 108864K, reserved 458752K
  class space    used 15047K, committed 15616K, reserved 327680K
}
Event: 51.601 GC heap before
{Heap before GC invocations=73 (full 0):
 garbage-first heap   total 552960K, used 305168K [0x00000000a0000000, 0x0000000100000000)
  region size 1024K, 82 young (83968K), 13 survivors (13312K)
 Metaspace       used 107724K, committed 108992K, reserved 458752K
  class space    used 15064K, committed 15680K, reserved 327680K
}
Event: 51.608 GC heap after
{Heap after GC invocations=74 (full 0):
 garbage-first heap   total 552960K, used 237001K [0x00000000a0000000, 0x0000000100000000)
  region size 1024K, 14 young (14336K), 14 survivors (14336K)
 Metaspace       used 107724K, committed 108992K, reserved 458752K
  class space    used 15064K, committed 15680K, reserved 327680K
}
Event: 53.201 GC heap before
{Heap before GC invocations=75 (full 0):
 garbage-first heap   total 552960K, used 432585K [0x00000000a0000000, 0x0000000100000000)
  region size 1024K, 200 young (204800K), 14 survivors (14336K)
 Metaspace       used 112483K, committed 113920K, reserved 458752K
  class space    used 15671K, committed 16384K, reserved 327680K
}
Event: 53.222 GC heap after
{Heap after GC invocations=76 (full 0):
 garbage-first heap   total 552960K, used 266844K [0x00000000a0000000, 0x0000000100000000)
  region size 1024K, 25 young (25600K), 25 survivors (25600K)
 Metaspace       used 112483K, committed 113920K, reserved 458752K
  class space    used 15671K, committed 16384K, reserved 327680K
}
Event: 53.237 GC heap before
{Heap before GC invocations=76 (full 0):
 garbage-first heap   total 552960K, used 268892K [0x00000000a0000000, 0x0000000100000000)
  region size 1024K, 27 young (27648K), 25 survivors (25600K)
 Metaspace       used 112490K, committed 113984K, reserved 458752K
  class space    used 15673K, committed 16384K, reserved 327680K
}
Event: 53.251 GC heap after
{Heap after GC invocations=77 (full 0):
 garbage-first heap   total 552960K, used 269394K [0x00000000a0000000, 0x0000000100000000)
  region size 1024K, 3 young (3072K), 3 survivors (3072K)
 Metaspace       used 112490K, committed 113984K, reserved 458752K
  class space    used 15673K, committed 16384K, reserved 327680K
}
Event: 54.122 GC heap before
{Heap before GC invocations=77 (full 0):
 garbage-first heap   total 552960K, used 432210K [0x00000000a0000000, 0x0000000100000000)
  region size 1024K, 158 young (161792K), 3 survivors (3072K)
 Metaspace       used 115142K, committed 116544K, reserved 458752K
  class space    used 15986K, committed 16640K, reserved 327680K
}
Event: 54.132 GC heap after
{Heap after GC invocations=78 (full 0):
 garbage-first heap   total 552960K, used 275536K [0x00000000a0000000, 0x0000000100000000)
  region size 1024K, 9 young (9216K), 9 survivors (9216K)
 Metaspace       used 115142K, committed 116544K, reserved 458752K
  class space    used 15986K, committed 16640K, reserved 327680K
}
Event: 56.113 GC heap before
{Heap before GC invocations=78 (full 0):
 garbage-first heap   total 552960K, used 436304K [0x00000000a0000000, 0x0000000100000000)
  region size 1024K, 167 young (171008K), 9 survivors (9216K)
 Metaspace       used 116638K, committed 118144K, reserved 458752K
  class space    used 16171K, committed 16896K, reserved 327680K
}
Event: 56.120 GC heap after
{Heap after GC invocations=79 (full 0):
 garbage-first heap   total 552960K, used 279634K [0x00000000a0000000, 0x0000000100000000)
  region size 1024K, 13 young (13312K), 13 survivors (13312K)
 Metaspace       used 116638K, committed 118144K, reserved 458752K
  class space    used 16171K, committed 16896K, reserved 327680K
}
Event: 98.832 GC heap before
{Heap before GC invocations=79 (full 0):
 garbage-first heap   total 552960K, used 387154K [0x00000000a0000000, 0x0000000100000000)
  region size 1024K, 119 young (121856K), 13 survivors (13312K)
 Metaspace       used 122632K, committed 124288K, reserved 458752K
  class space    used 16965K, committed 17728K, reserved 327680K
}
Event: 98.855 GC heap after
{Heap after GC invocations=80 (full 0):
 garbage-first heap   total 552960K, used 286012K [0x00000000a0000000, 0x0000000100000000)
  region size 1024K, 14 young (14336K), 14 survivors (14336K)
 Metaspace       used 122632K, committed 124288K, reserved 458752K
  class space    used 16965K, committed 17728K, reserved 327680K
}

Deoptimization events (20 events):
Event: 103.330 Thread 0x00000268f91a3f00 DEOPT PACKING pc=0x00000268ccbec1e4 sp=0x000000f6e6cf9760
Event: 103.330 Thread 0x00000268f91a3f00 DEOPT UNPACKING pc=0x00000268cc4123a3 sp=0x000000f6e6cf9730 mode 2
Event: 103.330 Thread 0x00000268f91a3f00 Uncommon trap: trap_request=0xffffffde fr.pc=0x00000268ccbec1e4 relative=0x00000000000003a4
Event: 103.330 Thread 0x00000268f91a3f00 Uncommon trap: reason=class_check action=maybe_recompile pc=0x00000268ccbec1e4 method=org.gradle.api.internal.tasks.compile.incremental.compilerapi.deps.DependentsSet.dependents(Ljava/util/Set;Ljava/util/Set;Ljava/util/Set;)Lorg/gradle/api/internal/tasks/
Event: 103.330 Thread 0x00000268f91a3f00 DEOPT PACKING pc=0x00000268ccbec1e4 sp=0x000000f6e6cf9760
Event: 103.330 Thread 0x00000268f91a3f00 DEOPT UNPACKING pc=0x00000268cc4123a3 sp=0x000000f6e6cf9730 mode 2
Event: 103.330 Thread 0x00000268f91a3f00 Uncommon trap: trap_request=0xffffffde fr.pc=0x00000268ccbec1e4 relative=0x00000000000003a4
Event: 103.330 Thread 0x00000268f91a3f00 Uncommon trap: reason=class_check action=maybe_recompile pc=0x00000268ccbec1e4 method=org.gradle.api.internal.tasks.compile.incremental.compilerapi.deps.DependentsSet.dependents(Ljava/util/Set;Ljava/util/Set;Ljava/util/Set;)Lorg/gradle/api/internal/tasks/
Event: 103.330 Thread 0x00000268f91a3f00 DEOPT PACKING pc=0x00000268ccbec1e4 sp=0x000000f6e6cf9760
Event: 103.330 Thread 0x00000268f91a3f00 DEOPT UNPACKING pc=0x00000268cc4123a3 sp=0x000000f6e6cf9730 mode 2
Event: 103.466 Thread 0x00000268f91a3f00 Uncommon trap: trap_request=0xffffff45 fr.pc=0x00000268cd6c7d3c relative=0x00000000000000bc
Event: 103.466 Thread 0x00000268f91a3f00 Uncommon trap: reason=unstable_if action=reinterpret pc=0x00000268cd6c7d3c method=com.google.common.collect.HashBiMap.seekByValue(Ljava/lang/Object;I)Lcom/google/common/collect/HashBiMap$BiEntry; @ 21 c2
Event: 103.466 Thread 0x00000268f91a3f00 DEOPT PACKING pc=0x00000268cd6c7d3c sp=0x000000f6e6cf8e30
Event: 103.466 Thread 0x00000268f91a3f00 DEOPT UNPACKING pc=0x00000268cc4123a3 sp=0x000000f6e6cf8dd0 mode 2
Event: 103.509 Thread 0x00000268f91a3f00 DEOPT PACKING pc=0x00000268c69d6e49 sp=0x000000f6e6cf96f0
Event: 103.509 Thread 0x00000268f91a3f00 DEOPT UNPACKING pc=0x00000268cc412b43 sp=0x000000f6e6cf8b90 mode 0
Event: 103.530 Thread 0x00000268f91a3f00 Uncommon trap: trap_request=0xffffff45 fr.pc=0x00000268cd0792a4 relative=0x00000000000000a4
Event: 103.530 Thread 0x00000268f91a3f00 Uncommon trap: reason=unstable_if action=reinterpret pc=0x00000268cd0792a4 method=org.gradle.api.internal.tasks.compile.tooling.JavaCompileTaskSuccessResultPostProcessor.finished(Lorg/gradle/internal/operations/BuildOperationDescriptor;Lorg/gradle/interna
Event: 103.530 Thread 0x00000268f91a3f00 DEOPT PACKING pc=0x00000268cd0792a4 sp=0x000000f6e6cf9b80
Event: 103.530 Thread 0x00000268f91a3f00 DEOPT UNPACKING pc=0x00000268cc4123a3 sp=0x000000f6e6cf9af8 mode 2

Classes unloaded (0 events):
No events

Classes redefined (0 events):
No events

Internal exceptions (20 events):
Event: 101.672 Thread 0x00000268f91a3f00 Exception <a 'sun/nio/fs/WindowsException'{0x00000000bf8438b8}> (0x00000000bf8438b8) 
thrown [s\open\src\hotspot\share\prims\jni.cpp, line 516]
Event: 101.678 Thread 0x00000268f91a3f00 Exception <a 'sun/nio/fs/WindowsException'{0x00000000bf84f1e0}> (0x00000000bf84f1e0) 
thrown [s\open\src\hotspot\share\prims\jni.cpp, line 516]
Event: 101.705 Thread 0x00000268f91a3f00 Exception <a 'sun/nio/fs/WindowsException'{0x00000000bf87e738}> (0x00000000bf87e738) 
thrown [s\open\src\hotspot\share\prims\jni.cpp, line 516]
Event: 101.718 Thread 0x00000268f91a3f00 Exception <a 'sun/nio/fs/WindowsException'{0x00000000bf88de40}> (0x00000000bf88de40) 
thrown [s\open\src\hotspot\share\prims\jni.cpp, line 516]
Event: 101.718 Thread 0x00000268f91a3f00 Exception <a 'sun/nio/fs/WindowsException'{0x00000000bf88e080}> (0x00000000bf88e080) 
thrown [s\open\src\hotspot\share\prims\jni.cpp, line 516]
Event: 101.723 Thread 0x00000268f91a3f00 Exception <a 'sun/nio/fs/WindowsException'{0x00000000bf8fe7e8}> (0x00000000bf8fe7e8) 
thrown [s\open\src\hotspot\share\prims\jni.cpp, line 516]
Event: 101.723 Thread 0x00000268f91a3f00 Exception <a 'sun/nio/fs/WindowsException'{0x00000000bf8fea28}> (0x00000000bf8fea28) 
thrown [s\open\src\hotspot\share\prims\jni.cpp, line 516]
Event: 101.735 Thread 0x00000268f91a3f00 Implicit null exception at 0x00000268cd552f19 to 0x00000268cd553370
Event: 101.818 Thread 0x00000268f91a3f00 Exception <a 'sun/nio/fs/WindowsException'{0x00000000bf62b268}> (0x00000000bf62b268) 
thrown [s\open\src\hotspot\share\prims\jni.cpp, line 516]
Event: 101.818 Thread 0x00000268f91a3f00 Exception <a 'sun/nio/fs/WindowsException'{0x00000000bf62c7c0}> (0x00000000bf62c7c0) 
thrown [s\open\src\hotspot\share\prims\jni.cpp, line 516]
Event: 101.818 Thread 0x00000268f91a3f00 Exception <a 'sun/nio/fs/WindowsException'{0x00000000bf62dac8}> (0x00000000bf62dac8) 
thrown [s\open\src\hotspot\share\prims\jni.cpp, line 516]
Event: 101.818 Thread 0x00000268f91a3f00 Exception <a 'sun/nio/fs/WindowsException'{0x00000000bf62f018}> (0x00000000bf62f018) 
thrown [s\open\src\hotspot\share\prims\jni.cpp, line 516]
Event: 101.818 Thread 0x00000268f91a3f00 Exception <a 'sun/nio/fs/WindowsException'{0x00000000bf62f2a8}> (0x00000000bf62f2a8) 
thrown [s\open\src\hotspot\share\prims\jni.cpp, line 516]
Event: 101.819 Thread 0x00000268f91a3f00 Exception <a 'sun/nio/fs/WindowsException'{0x00000000bf631aa8}> (0x00000000bf631aa8) 
thrown [s\open\src\hotspot\share\prims\jni.cpp, line 516]
Event: 101.819 Thread 0x00000268f91a3f00 Exception <a 'sun/nio/fs/WindowsException'{0x00000000bf631d30}> (0x00000000bf631d30) 
thrown [s\open\src\hotspot\share\prims\jni.cpp, line 516]
Event: 101.819 Thread 0x00000268f91a3f00 Exception <a 'sun/nio/fs/WindowsException'{0x00000000bf634518}> (0x00000000bf634518) 
thrown [s\open\src\hotspot\share\prims\jni.cpp, line 516]
Event: 101.854 Thread 0x00000268f91a3f00 Exception <a 'sun/nio/fs/WindowsException'{0x00000000bf644258}> (0x00000000bf644258) 
thrown [s\open\src\hotspot\share\prims\jni.cpp, line 516]
Event: 101.900 Thread 0x00000268f91a3f00 Exception <a 'sun/nio/fs/WindowsException'{0x00000000bf669740}> (0x00000000bf669740) 
thrown [s\open\src\hotspot\share\prims\jni.cpp, line 516]
Event: 101.927 Thread 0x00000268f91a3f00 Exception <a 'sun/nio/fs/WindowsException'{0x00000000bf672220}> (0x00000000bf672220) 
thrown [s\open\src\hotspot\share\prims\jni.cpp, line 516]
Event: 101.937 Thread 0x00000268f91a3f00 Exception <a 'sun/nio/fs/WindowsException'{0x00000000bf67fdf0}> (0x00000000bf67fdf0) 
thrown [s\open\src\hotspot\share\prims\jni.cpp, line 516]

VM Operations (20 events):
Event: 99.169 Executing VM operation: G1Concurrent
Event: 99.169 Executing VM operation: G1Concurrent done
Event: 100.112 Executing VM operation: HandshakeAllThreads
Event: 100.112 Executing VM operation: HandshakeAllThreads done
Event: 101.123 Executing VM operation: Cleanup
Event: 101.124 Executing VM operation: Cleanup done
Event: 101.485 Executing VM operation: ICBufferFull
Event: 101.485 Executing VM operation: ICBufferFull done
Event: 101.491 Executing VM operation: HandshakeAllThreads
Event: 101.491 Executing VM operation: HandshakeAllThreads done
Event: 101.649 Executing VM operation: ICBufferFull
Event: 101.650 Executing VM operation: ICBufferFull done
Event: 101.755 Executing VM operation: HandshakeAllThreads
Event: 101.755 Executing VM operation: HandshakeAllThreads done
Event: 101.798 Executing VM operation: HandshakeAllThreads
Event: 101.799 Executing VM operation: HandshakeAllThreads done
Event: 101.860 Executing VM operation: ICBufferFull
Event: 101.861 Executing VM operation: ICBufferFull done
Event: 102.873 Executing VM operation: Cleanup
Event: 102.873 Executing VM operation: Cleanup done

Events (20 events):
Event: 101.609 loading class java/text/BreakIterator
Event: 101.611 loading class java/text/BreakIterator done
Event: 101.656 loading class java/nio/file/Path$1
Event: 101.656 loading class java/nio/file/Path$1 done
Event: 101.677 loading class java/util/function/ToIntBiFunction
Event: 101.677 loading class java/util/function/ToIntBiFunction done
Event: 101.702 Thread 0x00000268860553f0 Thread exited: 0x00000268860553f0
Event: 101.825 Thread 0x0000026886055e10 Thread added: 0x0000026886055e10
Event: 101.947 loading class java/util/EnumMap$Values
Event: 101.948 loading class java/util/EnumMap$Values done
Event: 101.948 loading class java/util/EnumMap$ValueIterator
Event: 101.948 loading class java/util/EnumMap$ValueIterator done
Event: 102.148 loading class java/util/PrimitiveIterator$OfInt
Event: 102.148 loading class java/util/PrimitiveIterator
Event: 102.148 loading class java/util/PrimitiveIterator done
Event: 102.148 loading class java/util/PrimitiveIterator$OfInt done
Event: 102.156 loading class java/util/concurrent/RecursiveAction
Event: 102.156 loading class java/util/concurrent/RecursiveAction done
Event: 102.231 Thread 0x0000026886163180 Thread added: 0x0000026886163180
Event: 102.329 Thread 0x0000026886057c70 Thread added: 0x0000026886057c70


Dynamic libraries:
0x00007ff7b9f40000 - 0x00007ff7b9f50000 	C:\Program Files\Java\jdk-17\bin\java.exe
0x00007ffceafa0000 - 0x00007ffceb207000 	C:\WINDOWS\SYSTEM32\ntdll.dll
0x00007ffcea150000 - 0x00007ffcea219000 	C:\WINDOWS\System32\KERNEL32.DLL
0x00007ffce7cd0000 - 0x00007ffce80c1000 	C:\WINDOWS\System32\KERNELBASE.dll
0x00007ffce8380000 - 0x00007ffce84cb000 	C:\WINDOWS\System32\ucrtbase.dll
0x00007ffcddc00000 - 0x00007ffcddc1b000 	C:\Program Files\Java\jdk-17\bin\VCRUNTIME140.dll
0x00007ffcddc20000 - 0x00007ffcddc39000 	C:\Program Files\Java\jdk-17\bin\jli.dll
0x00007ffcea060000 - 0x00007ffcea11b000 	C:\WINDOWS\System32\ADVAPI32.dll
0x00007ffceaa80000 - 0x00007ffceab29000 	C:\WINDOWS\System32\msvcrt.dll
0x00007ffceac50000 - 0x00007ffceacf7000 	C:\WINDOWS\System32\sechost.dll
0x00007ffceae30000 - 0x00007ffceaf48000 	C:\WINDOWS\System32\RPCRT4.dll
0x00007ffce9a60000 - 0x00007ffce9c25000 	C:\WINDOWS\System32\USER32.dll
0x00007ffce82c0000 - 0x00007ffce82e7000 	C:\WINDOWS\System32\win32u.dll
0x00007ffcea120000 - 0x00007ffcea14b000 	C:\WINDOWS\System32\GDI32.dll
0x00007ffce8190000 - 0x00007ffce82bb000 	C:\WINDOWS\System32\gdi32full.dll
0x00007ffcc3790000 - 0x00007ffcc3a23000 	C:\WINDOWS\WinSxS\amd64_microsoft.windows.common-controls_6595b64144ccf1df_6.0.26100.8037_none_3e092faae333b53b\COMCTL32.dll
0x00007ffce79f0000 - 0x00007ffce7a93000 	C:\WINDOWS\System32\msvcp_win.dll
0x00007ffcdc6f0000 - 0x00007ffcdc6fb000 	C:\WINDOWS\SYSTEM32\VERSION.dll
0x00007ffcead80000 - 0x00007ffceadb1000 	C:\WINDOWS\System32\IMM32.DLL
0x00007ffcddbf0000 - 0x00007ffcddbfc000 	C:\Program Files\Java\jdk-17\bin\vcruntime140_1.dll
0x00007ffc94d90000 - 0x00007ffc94e1e000 	C:\Program Files\Java\jdk-17\bin\msvcp140.dll
0x00007ffc3f870000 - 0x00007ffc40450000 	C:\Program Files\Java\jdk-17\bin\server\jvm.dll
0x00007ffceaf50000 - 0x00007ffceaf58000 	C:\WINDOWS\System32\PSAPI.DLL
0x00007ffcddb10000 - 0x00007ffcddb1a000 	C:\WINDOWS\SYSTEM32\WSOCK32.dll
0x00007ffcd1ee0000 - 0x00007ffcd1f15000 	C:\WINDOWS\SYSTEM32\WINMM.dll
0x00007ffce9fd0000 - 0x00007ffcea044000 	C:\WINDOWS\System32\WS2_32.dll
0x00007ffce6610000 - 0x00007ffce662b000 	C:\WINDOWS\SYSTEM32\kernel.appcore.dll
0x00007ffcdd640000 - 0x00007ffcdd64a000 	C:\Program Files\Java\jdk-17\bin\jimage.dll
0x00007ffce5650000 - 0x00007ffce5892000 	C:\WINDOWS\SYSTEM32\DBGHELP.DLL
0x00007ffce9c40000 - 0x00007ffce9fc2000 	C:\WINDOWS\System32\combase.dll
0x00007ffcea9a0000 - 0x00007ffceaa77000 	C:\WINDOWS\System32\OLEAUT32.dll
0x00007ffcbe3c0000 - 0x00007ffcbe3fb000 	C:\WINDOWS\SYSTEM32\dbgcore.DLL
0x00007ffce7aa0000 - 0x00007ffce7b45000 	C:\WINDOWS\System32\bcryptPrimitives.dll
0x00007ffcc5d40000 - 0x00007ffcc5d4e000 	C:\Program Files\Java\jdk-17\bin\instrument.dll
0x00007ffcc4870000 - 0x00007ffcc4895000 	C:\Program Files\Java\jdk-17\bin\java.dll
0x00007ffc94670000 - 0x00007ffc94747000 	C:\Program Files\Java\jdk-17\bin\jsvml.dll
0x00007ffce90c0000 - 0x00007ffce981f000 	C:\WINDOWS\System32\SHELL32.dll
0x00007ffce7880000 - 0x00007ffce79ea000 	C:\WINDOWS\System32\wintypes.dll
0x00007ffce84d0000 - 0x00007ffce8d34000 	C:\WINDOWS\System32\windows.storage.dll
0x00007ffceab50000 - 0x00007ffceac47000 	C:\WINDOWS\System32\SHCORE.dll
0x00007ffceadc0000 - 0x00007ffceae27000 	C:\WINDOWS\System32\shlwapi.dll
0x00007ffce77a0000 - 0x00007ffce77c9000 	C:\WINDOWS\SYSTEM32\profapi.dll
0x00007ffcc40a0000 - 0x00007ffcc40b8000 	C:\Program Files\Java\jdk-17\bin\zip.dll
0x00007ffcc4850000 - 0x00007ffcc4869000 	C:\Program Files\Java\jdk-17\bin\net.dll
0x00007ffcde6d0000 - 0x00007ffcde7f7000 	C:\WINDOWS\SYSTEM32\WINHTTP.dll
0x00007ffce6bf0000 - 0x00007ffce6c5b000 	C:\WINDOWS\system32\mswsock.dll
0x00007ffcc40c0000 - 0x00007ffcc40d6000 	C:\Program Files\Java\jdk-17\bin\nio.dll
0x00007ffcdcb90000 - 0x00007ffcdcba0000 	C:\Program Files\Java\jdk-17\bin\verify.dll
0x00007ffcc2bb0000 - 0x00007ffcc2bd7000 	C:\Users\nitis\.gradle\native\c067742578af261105cb4f569cf0c3c89f3d7b1fecec35dd04571415982c5e48\windows-amd64\native-platform.dll
0x00007ffc942e0000 - 0x00007ffc94424000 	C:\Users\nitis\.gradle\native\100fb08df4bc3b14c8652ba06237920a3bd2aa13389f12d3474272988ae205f9\windows-amd64\native-platform-file-events.dll
0x00007ffcdb860000 - 0x00007ffcdb86a000 	C:\Program Files\Java\jdk-17\bin\management.dll
0x00007ffcd2cc0000 - 0x00007ffcd2ccb000 	C:\Program Files\Java\jdk-17\bin\management_ext.dll
0x00007ffce6ef0000 - 0x00007ffce6f0b000 	C:\WINDOWS\SYSTEM32\CRYPTSP.dll
0x00007ffce6570000 - 0x00007ffce65a9000 	C:\WINDOWS\system32\rsaenh.dll
0x00007ffce6ca0000 - 0x00007ffce6cd2000 	C:\WINDOWS\SYSTEM32\USERENV.dll
0x00007ffce7770000 - 0x00007ffce779a000 	C:\WINDOWS\SYSTEM32\bcrypt.dll
0x00007ffce6f10000 - 0x00007ffce6f1c000 	C:\WINDOWS\SYSTEM32\CRYPTBASE.dll
0x00007ffce6050000 - 0x00007ffce6083000 	C:\WINDOWS\SYSTEM32\IPHLPAPI.DLL
0x00007ffcea050000 - 0x00007ffcea05a000 	C:\WINDOWS\System32\NSI.dll
0x00007ffce1480000 - 0x00007ffce149d000 	C:\WINDOWS\SYSTEM32\dhcpcsvc6.DLL
0x00007ffce1420000 - 0x00007ffce1443000 	C:\WINDOWS\SYSTEM32\dhcpcsvc.DLL
0x00007ffce60f0000 - 0x00007ffce621a000 	C:\WINDOWS\SYSTEM32\DNSAPI.dll
0x00007ffcc4da0000 - 0x00007ffcc4dae000 	C:\Program Files\Java\jdk-17\bin\sunmscapi.dll
0x00007ffce7b50000 - 0x00007ffce7cc7000 	C:\WINDOWS\System32\CRYPT32.dll
0x00007ffce71a0000 - 0x00007ffce71d0000 	C:\WINDOWS\SYSTEM32\ncrypt.dll
0x00007ffce7150000 - 0x00007ffce718f000 	C:\WINDOWS\SYSTEM32\NTASN1.dll
0x00007ffcb26e0000 - 0x00007ffcb26e8000 	C:\WINDOWS\system32\wshunix.dll
0x00007ffcb5750000 - 0x00007ffcb5768000 	C:\WINDOWS\system32\napinsp.dll
0x00007ffcb4300000 - 0x00007ffcb4312000 	C:\WINDOWS\System32\winrnr.dll
0x00007ffcdc150000 - 0x00007ffcdc166000 	C:\WINDOWS\system32\wshbth.dll
0x00007ffcb3c00000 - 0x00007ffcb3c22000 	C:\WINDOWS\system32\nlansp_c.dll
0x00007ffcdd960000 - 0x00007ffcdd96b000 	C:\Windows\System32\rasadhlp.dll
0x00007ffce1b60000 - 0x00007ffce1be6000 	C:\WINDOWS\System32\fwpuclnt.dll
0x00007ffce3eb0000 - 0x00007ffce3ece000 	C:\Users\nitis\AppData\Local\Temp\native-platform2402981953523783878dir\native-platform.dll
0x00007ffce27d0000 - 0x00007ffce27d7000 	C:\Program Files\Java\jdk-17\bin\rmi.dll

dbghelp: loaded successfully - version: 4.0.5 - missing functions: none
symbol engine: initialized successfully - sym options: 0x614 - pdb path: .;C:\Program Files\Java\jdk-17\bin;C:\WINDOWS\SYSTEM32;C:\WINDOWS\WinSxS\amd64_microsoft.windows.common-controls_6595b64144ccf1df_6.0.26100.8037_none_3e092faae333b53b;C:\Program Files\Java\jdk-17\bin\server;C:\Users\nitis\.gradle\native\c067742578af261105cb4f569cf0c3c89f3d7b1fecec35dd04571415982c5e48\windows-amd64;C:\Users\nitis\.gradle\native\100fb08df4bc3b14c8652ba06237920a3bd2aa13389f12d3474272988ae205f9\windows-amd64;C:\Users\nitis\AppData\Local\Temp\native-platform2402981953523783878dir

VM Arguments:
jvm_args: -XX:MaxMetaspaceSize=384m -XX:+HeapDumpOnOutOfMemoryError --add-opens=java.base/java.util=ALL-UNNAMED --add-opens=java.base/java.lang=ALL-UNNAMED --add-opens=java.base/java.lang.invoke=ALL-UNNAMED --add-opens=java.prefs/java.util.prefs=ALL-UNNAMED --add-opens=java.base/java.nio.charset=ALL-UNNAMED --add-opens=java.base/java.net=ALL-UNNAMED --add-opens=java.base/java.util.concurrent.atomic=ALL-UNNAMED -Xmx1536m -Dfile.encoding=UTF-8 -Duser.country=IN -Duser.language=en -Duser.variant -javaagent:C:\Users\nitis\.gradle\wrapper\dists\gradle-8.8-all\6gdy1pgp427xkqcjbxw3ylt6h\gradle-8.8\lib\agents\gradle-instrumentation-agent-8.8.jar 
java_command: org.gradle.launcher.daemon.bootstrap.GradleDaemon 8.8
java_class_path (initial): C:\Users\nitis\.gradle\wrapper\dists\gradle-8.8-all\6gdy1pgp427xkqcjbxw3ylt6h\gradle-8.8\lib\gradle-launcher-8.8.jar
Launcher Type: SUN_STANDARD

[Global flags]
     intx CICompilerCount                          = 4                                         {product} {ergonomic}
   size_t CompressedClassSpaceSize                 = 335544320                                 {product} {ergonomic}
     uint ConcGCThreads                            = 3                                         {product} {ergonomic}
     uint G1ConcRefinementThreads                  = 10                                        {product} {ergonomic}
   size_t G1HeapRegionSize                         = 1048576                                   {product} {ergonomic}
    uintx GCDrainStackTargetSize                   = 64                                        {product} {ergonomic}
     bool HeapDumpOnOutOfMemoryError               = true                                   {manageable} {command line}
   size_t InitialHeapSize                          = 264241152                                 {product} {ergonomic}
   size_t MarkStackSize                            = 4194304                                   {product} {ergonomic}
   size_t MaxHeapSize                              = 1610612736                                {product} {command line}
   size_t MaxMetaspaceSize                         = 402653184                                 {product} {command line}
   size_t MaxNewSize                               = 965738496                                 {product} {ergonomic}
   size_t MinHeapDeltaBytes                        = 1048576                                   {product} {ergonomic}
   size_t MinHeapSize                              = 8388608                                   {product} {ergonomic}
    uintx NonNMethodCodeHeapSize                   = 5839372                                {pd product} {ergonomic}
    uintx NonProfiledCodeHeapSize                  = 122909434                              {pd product} {ergonomic}
    uintx ProfiledCodeHeapSize                     = 122909434                              {pd product} {ergonomic}
    uintx ReservedCodeCacheSize                    = 251658240                              {pd product} {ergonomic}
     bool SegmentedCodeCache                       = true                                      {product} {ergonomic}
   size_t SoftMaxHeapSize                          = 1610612736                             {manageable} {ergonomic}
     bool UseCompressedClassPointers               = true                           {product lp64_product} {ergonomic}
     bool UseCompressedOops                        = true                           {product lp64_product} {ergonomic}
     bool UseG1GC                                  = true                                      {product} {ergonomic}
     bool UseLargePagesIndividualAllocation        = false                                  {pd product} {ergonomic}

Logging:
Log output configuration:
 #0: stdout all=warning uptime,level,tags
 #1: stderr all=off uptime,level,tags

Environment Variables:
JAVA_HOME=C:\Program Files\Java\jdk-17
CLASSPATH=E:\Faculty\android\\gradle\wrapper\gradle-wrapper.jar
PATH=C:/Users/nitis/.gemini/antigravity-ide/bin;C:\windows\system32;C:\windows;C:\windows\System32\Wbem;C:\windows\System32\WindowsPowerShell\v1.0\;C:\windows\System32\OpenSSH\;C:\Program Files (x86)\NVIDIA Corporation\PhysX\Common;C:\Users\Administrator\AppData\Local\Microsoft\WindowsApps;C:\Program Files\HP\OMEN-Broadcast\Common;C:\WINDOWS\system32;C:\WINDOWS;C:\WINDOWS\System32\Wbem;C:\WINDOWS\System32\WindowsPowerShell\v1.0\;C:\WINDOWS\System32\OpenSSH\;C:\Program Files\dotnet\;C:\Program Files\nodejs\;C:\ProgramData\chocolatey\bin;C:\Python313;C:\Program Files\NVIDIA Corporation\NVIDIA App\NvDLISR;E:\Android\Sdk\platform-tools;C:\Program Files\Java\jdk-17\bin;E:\Android\cmdline-tools\bin;"D:\hadoop-3.4.2-src\hadoop-3.4.3\bin;C:\windows\system32;C:\windows;C:\windows\System32\Wbem;C:\windows\System32\WindowsPowerShell\v1.0\;C:\windows\System32\OpenSSH\;C:\Program Files (x86)\NVIDIA Corporation\PhysX\Common;C:\Users\Administrator\AppData\Local\Microsoft\WindowsApps;C:\Program Files\HP\OMEN-Broadcast\Common;C:\WINDOWS\system32;C:\WINDOWS;C:\WINDOWS\System32\Wbem;C:\WINDOWS\System32\WindowsPowerShell\v1.0\;C:\WINDOWS\System32\OpenSSH\;C:\Program Files\dotnet\;C:\Program Files\nodejs\;C:\ProgramData\chocolatey\bin;C:\Python313;C:\Program Files\NVIDIA Corporation\NVIDIA App\NvDLISR;E:\Android\Sdk\platform-tools;C:\Program Files\Java\jdk-17\bin;E:\Android\cmdline-tools\bin;";";C:\Program Files\Java\jdk-17\bin;D:\hadoop-3.4.3\bin;";C:\Program Files\Java\jdk-17\bin;D:\hadoop-3.4.3\bin;C:\Users\nitis\.local\bin;C:\Program Files\Git\cmd;C:\Program Files (x86)\Microsoft SQL Server\170\Tools\Binn\;C:\Program Files\Microsoft SQL Server\170\Tools\Binn\;C:\Program Files\Microsoft SQL Server\Client SDK\ODBC\180\Tools\Binn\;C:\Program Files\Microsoft SQL Server\170\DTS\Binn\;C:\Users\nitis\AppData\Local\Programs\Python\Python311\Scripts\;C:\Users\nitis\AppData\Local\Programs\Python\Python311\;C:\Users\nitis\AppData\Local\Programs\Python\Python314\Scripts\;C:\Users\nitis\AppData\Loc
USERNAME=nitis
OS=Windows_NT
PROCESSOR_IDENTIFIER=Intel64 Family 6 Model 186 Stepping 2, GenuineIntel



---------------  S Y S T E M  ---------------

OS:
 Windows 11 , 64 bit Build 26100 (10.0.26100.7920)
OS uptime: 0 days 20:57 hours
Hyper-V role detected

CPU: total 12 (initial active 12) (6 cores per cpu, 2 threads per core) family 6 model 186 stepping 2 microcode 0x4122, cx8, cmov, fxsr, ht, mmx, 3dnowpref, sse, sse2, sse3, ssse3, sse4.1, sse4.2, popcnt, lzcnt, tsc, tscinvbit, avx, avx2, aes, erms, clmul, bmi1, bmi2, adx, sha, fma, vzeroupper, clflush, clflushopt, clwb, hv

Memory: 4k page, system-wide physical 16024M (1086M free)
TotalPageFile size 26986M (AvailPageFile size 4M)
current process WorkingSet (physical memory assigned to process): 918M, peak: 923M
current process commit charge ("private bytes"): 985M, peak: 991M

vm_info: Java HotSpot(TM) 64-Bit Server VM (17.0.17+8-LTS-360) for windows-amd64 JRE (17.0.17+8-LTS-360), built on Sep 27 2025 05:17:01 by "mach5run" with MS VC++ 17.6 (VS2022)

END.
