#
# There is insufficient memory for the Java Runtime Environment to continue.
# Native memory allocation (mmap) failed to map 480247808 bytes for G1 virtual space
# Possible reasons:
#   The system is out of physical RAM or swap space
#   The process is running with CompressedOops enabled, and the Java Heap may be blocking the growth of the native heap
# Possible solutions:
#   Reduce memory load on the system
#   Increase physical memory or swap space
#   Check if swap backing store is full
#   Decrease Java heap size (-Xmx/-Xms)
#   Decrease number of Java threads
#   Decrease Java thread stack sizes (-Xss)
#   Set larger code cache with -XX:ReservedCodeCacheSize=
#   JVM is running with Zero Based Compressed Oops mode in which the Java heap is
#     placed in the first 32GB address space. The Java Heap base address is the
#     maximum limit for the native heap growth. Please use -XX:HeapBaseMinAddress
#     to set the Java Heap base and to place the Java Heap above 32GB virtual address.
# This output file may be truncated or incomplete.
#
#  Out of Memory Error (os_windows.cpp:3551), pid=21316, tid=5956
#
# JRE version: Java(TM) SE Runtime Environment (17.0.17+8) (build 17.0.17+8-LTS-360)
# Java VM: Java HotSpot(TM) 64-Bit Server VM (17.0.17+8-LTS-360, mixed mode, sharing, tiered, compressed oops, compressed class ptrs, g1 gc, windows-amd64)
# No core dump will be written. Minidumps are not enabled by default on client versions of Windows
#

---------------  S U M M A R Y ------------

Command Line: -XX:MaxMetaspaceSize=384m -XX:+HeapDumpOnOutOfMemoryError --add-opens=java.base/java.util=ALL-UNNAMED --add-opens=java.base/java.lang=ALL-UNNAMED --add-opens=java.base/java.lang.invoke=ALL-UNNAMED --add-opens=java.prefs/java.util.prefs=ALL-UNNAMED --add-opens=java.base/java.nio.charset=ALL-UNNAMED --add-opens=java.base/java.net=ALL-UNNAMED --add-opens=java.base/java.util.concurrent.atomic=ALL-UNNAMED -Xmx3072m -Dfile.encoding=UTF-8 -Duser.country=IN -Duser.language=en -Duser.variant -javaagent:C:\Users\nitis\.gradle\wrapper\dists\gradle-8.8-all\6gdy1pgp427xkqcjbxw3ylt6h\gradle-8.8\lib\agents\gradle-instrumentation-agent-8.8.jar org.gradle.launcher.daemon.bootstrap.GradleDaemon 8.8

Host: 13th Gen Intel(R) Core(TM) i5-13420H, 12 cores, 15G,  Windows 11 , 64 bit Build 26100 (10.0.26100.7920)
Time: Tue Jul 14 10:11:02 2026 India Standard Time elapsed time: 53.922175 seconds (0d 0h 0m 53s)

---------------  T H R E A D  ---------------

Current thread (0x0000022b5d22e580):  VMThread "VM Thread" [stack: 0x000000f771800000,0x000000f771900000] [id=5956]

Stack: [0x000000f771800000,0x000000f771900000]
Native frames: (J=compiled Java code, j=interpreted, Vv=VM code, C=native code)
V  [jvm.dll+0x67a0ea]
V  [jvm.dll+0x7da56d]
V  [jvm.dll+0x7dbeb3]
V  [jvm.dll+0x7dc523]
V  [jvm.dll+0x2453af]
V  [jvm.dll+0x677119]
V  [jvm.dll+0x66bda2]
V  [jvm.dll+0x3022a6]
V  [jvm.dll+0x309846]
V  [jvm.dll+0x35a25e]
V  [jvm.dll+0x35a48f]
V  [jvm.dll+0x2d9378]
V  [jvm.dll+0x2d77ad]
V  [jvm.dll+0x2d6dfc]
V  [jvm.dll+0x31a95b]
V  [jvm.dll+0x7e0e1b]
V  [jvm.dll+0x7e1b54]
V  [jvm.dll+0x7e206d]
V  [jvm.dll+0x7e2444]
V  [jvm.dll+0x7e2510]
V  [jvm.dll+0x78af4a]
V  [jvm.dll+0x678fd5]
C  [ucrtbase.dll+0x37b0]
C  [KERNEL32.DLL+0x2e8d7]
C  [ntdll.dll+0x8c48c]

VM_Operation (0x000000f77fcfe500): G1CollectForAllocation, mode: safepoint, requested by thread 0x0000022b5da29190


---------------  P R O C E S S  ---------------

Threads class SMR info:
_java_thread_list=0x0000022b7e537a10, length=226, elements={
0x0000022b3c959b80, 0x0000022b5d22eab0, 0x0000022b5d684e50, 0x0000022b5d696790,
0x0000022b5d699070, 0x0000022b5d699540, 0x0000022b5d699a10, 0x0000022b5d6a02e0,
0x0000022b5d6a08a0, 0x0000022b5d6a2dc0, 0x0000022b5d22d3f0, 0x0000022b5d893eb0,
0x0000022b78896990, 0x0000022b78c36280, 0x0000022b78978040, 0x0000022b7915b990,
0x0000022b788c3190, 0x0000022b78d7ed90, 0x0000022b78e94340, 0x0000022b78e86820,
0x0000022b773656b0, 0x0000022b77362b60, 0x0000022b77364370, 0x0000022b77363030,
0x0000022b77362690, 0x0000022b77361cf0, 0x0000022b773621c0, 0x0000022b77364d10,
0x0000022b77363500, 0x0000022b773639d0, 0x0000022b77363ea0, 0x0000022b794d0030,
0x0000022b794ccb40, 0x0000022b794cd4e0, 0x0000022b794ce820, 0x0000022b794cd010,
0x0000022b794cf690, 0x0000022b794cd9b0, 0x0000022b794d2b80, 0x0000022b794d0ea0,
0x0000022b794d0500, 0x0000022b794cfb60, 0x0000022b794d39f0, 0x0000022b794d3520,
0x0000022b794d3ec0, 0x0000022b794d21e0, 0x0000022b794d26b0, 0x0000022b7b53b870,
0x0000022b7b53da20, 0x0000022b7b53a530, 0x0000022b7b53d080, 0x0000022b7b53c6e0,
0x0000022b7b53c210, 0x0000022b7b53aed0, 0x0000022b7b53b3a0, 0x0000022b7b53bd40,
0x0000022b7b53aa00, 0x0000022b7b53cbb0, 0x0000022b7b53a060, 0x0000022b7b53f700,
0x0000022b7b53fbd0, 0x0000022b7b540570, 0x0000022b7b5400a0, 0x0000022b7b53d550,
0x0000022b7b53e3c0, 0x0000022b7b53e890, 0x0000022b7b540a40, 0x0000022b7b53ed60,
0x0000022b7b540f10, 0x0000022b7b53f230, 0x0000022b7b5413e0, 0x0000022b7b5418b0,
0x0000022b7b53def0, 0x0000022b77d08d30, 0x0000022b77d06b80, 0x0000022b77d07ec0,
0x0000022b77d061e0, 0x0000022b77d08860, 0x0000022b77d09ba0, 0x0000022b77d0a070,
0x0000022b77d066b0, 0x0000022b77d0a540, 0x0000022b77d0aa10, 0x0000022b77d0aee0,
0x0000022b77d07520, 0x0000022b77d0b3b0, 0x0000022b77d0d560, 0x0000022b77d0b880,
0x0000022b77d0bd50, 0x0000022b77d0d090, 0x0000022b77d0cbc0, 0x0000022b79688200,
0x0000022b796869f0, 0x0000022b79687860, 0x0000022b79686ec0, 0x0000022b796886d0,
0x0000022b79689540, 0x0000022b79688ba0, 0x0000022b79689070, 0x0000022b79686520,
0x0000022b79687390, 0x0000022b79689a10, 0x0000022b79686050, 0x0000022b7968b220,
0x0000022b7968ad50, 0x0000022b7968a3b0, 0x0000022b79689ee0, 0x0000022b7968a880,
0x0000022b7968b6f0, 0x0000022b79687d30, 0x0000022b7968bbc0, 0x0000022b7968c560,
0x0000022b7968c090, 0x0000022b7968ca30, 0x0000022b7968cf00, 0x0000022b7968d3d0,
0x0000022b7968d8a0, 0x0000022b77cb0480, 0x0000022b77cacf90, 0x0000022b77cae2d0,
0x0000022b77cacac0, 0x0000022b77cad460, 0x0000022b77caf140, 0x0000022b77caf610,
0x0000022b77cad930, 0x0000022b77caffb0, 0x0000022b77cafae0, 0x0000022b77cade00,
0x0000022b77cae7a0, 0x0000022b77caec70, 0x0000022b77104230, 0x0000022b77103d60,
0x0000022b77103890, 0x0000022b771050a0, 0x0000022b77106d80, 0x0000022b77107250,
0x0000022b771080c0, 0x0000022b77105a40, 0x0000022b77107720, 0x0000022b771063e0,
0x0000022b77107bf0, 0x0000022b77104bd0, 0x0000022b77104700, 0x0000022b77108a60,
0x0000022b77108590, 0x0000022b77108f30, 0x0000022b77105570, 0x0000022b771098d0,
0x0000022b77109400, 0x0000022b77105f10, 0x0000022b77109da0, 0x0000022b7c1325b0,
0x0000022b7c1338f0, 0x0000022b7c131c10, 0x0000022b7c131740, 0x0000022b7c134c30,
0x0000022b7c1355d0, 0x0000022b7c134760, 0x0000022b7c136440, 0x0000022b7c135f70,
0x0000022b7c135aa0, 0x0000022b7c136910, 0x0000022b7c136de0, 0x0000022b7d6ded10,
0x0000022b7d6dd500, 0x0000022b7d6e09f0, 0x0000022b7d6df1e0, 0x0000022b7d6df6b0,
0x0000022b7d6dd030, 0x0000022b7d6e0050, 0x0000022b7d6de370, 0x0000022b7d6e0ec0,
0x0000022b7d6e0520, 0x0000022b7d6e1390, 0x0000022b7d6dfb80, 0x0000022b7d6dd9d0,
0x0000022b7d6e1860, 0x0000022b7d6de840, 0x0000022b7d6ddea0, 0x0000022b7d6e3ee0,
0x0000022b7d6e3540, 0x0000022b7d6e2200, 0x0000022b7d6e3070, 0x0000022b7d6e26d0,
0x0000022b7d6e43b0, 0x0000022b7d6e2ba0, 0x0000022b7d6e4880, 0x0000022b7d6e1d30,
0x0000022b7c131270, 0x0000022b7c134290, 0x0000022b77d0c6f0, 0x0000022b7d364900,
0x0000022b7d365770, 0x0000022b7d3635c0, 0x0000022b7d363f60, 0x0000022b04f035c0,
0x0000022b7b7413c0, 0x0000022b7b740ef0, 0x0000022b06eabff0, 0x0000022b06eaa7e0,
0x0000022b06c597a0, 0x0000022b06eaacb0, 0x0000022b06eab650, 0x0000022b06eaa310,
0x0000022b06eab180, 0x0000022b06eac4c0, 0x0000022b06eabb20, 0x0000022b05c092d0,
0x0000022b05c097a0, 0x0000022b05c0a140, 0x0000022b05c0a610, 0x0000022b05c0aae0,
0x0000022b7ba19ba0, 0x0000022b053c6e50, 0x0000022b5da29190, 0x0000022b04f03a90,
0x0000022b7a253c80, 0x0000022b05a75d40, 0x0000022b04e4cb00, 0x0000022b06f6c5c0,
0x0000022b04cf1630, 0x0000022b7d3605a0, 0x0000022b04cf0c90, 0x0000022b7a251fa0,
0x0000022b7a252940, 0x0000022b7a254af0
}

Java Threads: ( => current thread )
  0x0000022b3c959b80 JavaThread "main" [_thread_blocked, id=13016, stack(0x000000f771200000,0x000000f771300000)]
  0x0000022b5d22eab0 JavaThread "Reference Handler" daemon [_thread_blocked, id=14412, stack(0x000000f771900000,0x000000f771a00000)]
  0x0000022b5d684e50 JavaThread "Finalizer" daemon [_thread_blocked, id=24180, stack(0x000000f771a00000,0x000000f771b00000)]
  0x0000022b5d696790 JavaThread "Signal Dispatcher" daemon [_thread_blocked, id=6100, stack(0x000000f771b00000,0x000000f771c00000)]
  0x0000022b5d699070 JavaThread "Attach Listener" daemon [_thread_blocked, id=14432, stack(0x000000f771c00000,0x000000f771d00000)]
  0x0000022b5d699540 JavaThread "Service Thread" daemon [_thread_blocked, id=13316, stack(0x000000f771d00000,0x000000f771e00000)]
  0x0000022b5d699a10 JavaThread "Monitor Deflation Thread" daemon [_thread_blocked, id=27632, stack(0x000000f771e00000,0x000000f771f00000)]
  0x0000022b5d6a02e0 JavaThread "C2 CompilerThread0" daemon [_thread_blocked, id=28280, stack(0x000000f771f00000,0x000000f772000000)]
  0x0000022b5d6a08a0 JavaThread "C1 CompilerThread0" daemon [_thread_blocked, id=3976, stack(0x000000f772000000,0x000000f772100000)]
  0x0000022b5d6a2dc0 JavaThread "Sweeper thread" daemon [_thread_blocked, id=14696, stack(0x000000f772100000,0x000000f772200000)]
  0x0000022b5d22d3f0 JavaThread "Common-Cleaner" daemon [_thread_blocked, id=19732, stack(0x000000f772200000,0x000000f772300000)]
  0x0000022b5d893eb0 JavaThread "Notification Thread" daemon [_thread_blocked, id=21248, stack(0x000000f772300000,0x000000f772400000)]
  0x0000022b78896990 JavaThread "Daemon health stats" [_thread_blocked, id=11712, stack(0x000000f772600000,0x000000f772700000)]
  0x0000022b78c36280 JavaThread "Incoming local TCP Connector on port 54073" [_thread_in_native, id=17220, stack(0x000000f772c00000,0x000000f772d00000)]
  0x0000022b78978040 JavaThread "Daemon periodic checks" [_thread_blocked, id=24328, stack(0x000000f772d00000,0x000000f772e00000)]
  0x0000022b7915b990 JavaThread "Daemon" [_thread_blocked, id=26984, stack(0x000000f772500000,0x000000f772600000)]
  0x0000022b788c3190 JavaThread "Handler for socket connection from /127.0.0.1:54073 to /127.0.0.1:56769" [_thread_in_native, id=23872, stack(0x000000f772e00000,0x000000f772f00000)]
  0x0000022b78d7ed90 JavaThread "Cancel handler" [_thread_blocked, id=18648, stack(0x000000f772f00000,0x000000f773000000)]
  0x0000022b78e94340 JavaThread "Daemon worker" [_thread_blocked, id=9208, stack(0x000000f773000000,0x000000f773100000)]
  0x0000022b78e86820 JavaThread "Asynchronous log dispatcher for DefaultDaemonConnection: socket connection from /127.0.0.1:54073 to /127.0.0.1:56769" [_thread_blocked, id=14912, stack(0x000000f773100000,0x000000f773200000)]
  0x0000022b773656b0 JavaThread "Stdin handler" [_thread_blocked, id=16388, stack(0x000000f773200000,0x000000f773300000)]
  0x0000022b77362b60 JavaThread "Daemon client event forwarder" [_thread_blocked, id=27144, stack(0x000000f773300000,0x000000f773400000)]
  0x0000022b77364370 JavaThread "Cache worker for journal cache (C:\Users\nitis\.gradle\caches\journal-1)" [_thread_blocked, id=20972, stack(0x000000f773400000,0x000000f773500000)]
  0x0000022b77363030 JavaThread "File lock request listener" [_thread_in_native, id=20444, stack(0x000000f773500000,0x000000f773600000)]
  0x0000022b77362690 JavaThread "Cache worker for file hash cache (C:\Users\nitis\.gradle\caches\8.8\fileHashes)" [_thread_blocked, id=23156, stack(0x000000f773600000,0x000000f773700000)]
  0x0000022b77361cf0 JavaThread "Cache worker for file hash cache (E:\college\Faculty\android\.gradle\8.8\fileHashes)" [_thread_blocked, id=26204, stack(0x000000f773800000,0x000000f773900000)]
  0x0000022b773621c0 JavaThread "File watcher server" daemon [_thread_blocked, id=10548, stack(0x000000f773d00000,0x000000f773e00000)]
  0x0000022b77364d10 JavaThread "File watcher consumer" daemon [_thread_blocked, id=24724, stack(0x000000f773e00000,0x000000f773f00000)]
  0x0000022b77363500 JavaThread "Cache worker for checksums cache (E:\college\Faculty\android\.gradle\8.8\checksums)" [_thread_blocked, id=20252, stack(0x000000f774100000,0x000000f774200000)]
  0x0000022b773639d0 JavaThread "Cache worker for file content cache (C:\Users\nitis\.gradle\caches\8.8\fileContent)" [_thread_blocked, id=23616, stack(0x000000f774200000,0x000000f774300000)]
  0x0000022b77363ea0 JavaThread "Cache worker for cache directory md-rule (C:\Users\nitis\.gradle\caches\8.8\md-rule)" [_thread_blocked, id=27964, stack(0x000000f774300000,0x000000f774400000)]
  0x0000022b794d0030 JavaThread "Cache worker for cache directory md-supplier (C:\Users\nitis\.gradle\caches\8.8\md-supplier)" [_thread_blocked, id=16688, stack(0x000000f774400000,0x000000f774500000)]
  0x0000022b794ccb40 JavaThread "jar transforms" [_thread_blocked, id=23732, stack(0x000000f774600000,0x000000f774700000)]
  0x0000022b794cd4e0 JavaThread "jar transforms Thread 2" [_thread_blocked, id=18088, stack(0x000000f774700000,0x000000f774800000)]
  0x0000022b794ce820 JavaThread "jar transforms Thread 3" [_thread_blocked, id=22088, stack(0x000000f774800000,0x000000f774900000)]
  0x0000022b794cd010 JavaThread "jar transforms Thread 4" [_thread_blocked, id=23048, stack(0x000000f774900000,0x000000f774a00000)]
  0x0000022b794cf690 JavaThread "Unconstrained build operations" [_thread_blocked, id=19668, stack(0x000000f774500000,0x000000f774600000)]
  0x0000022b794cd9b0 JavaThread "Unconstrained build operations Thread 2" [_thread_blocked, id=13720, stack(0x000000f774a00000,0x000000f774b00000)]
  0x0000022b794d2b80 JavaThread "Unconstrained build operations Thread 3" [_thread_blocked, id=26384, stack(0x000000f774b00000,0x000000f774c00000)]
  0x0000022b794d0ea0 JavaThread "Unconstrained build operations Thread 4" [_thread_blocked, id=14132, stack(0x000000f774c00000,0x000000f774d00000)]
  0x0000022b794d0500 JavaThread "Unconstrained build operations Thread 5" [_thread_blocked, id=12204, stack(0x000000f774d00000,0x000000f774e00000)]
  0x0000022b794cfb60 JavaThread "Unconstrained build operations Thread 6" [_thread_blocked, id=13268, stack(0x000000f774e00000,0x000000f774f00000)]
  0x0000022b794d39f0 JavaThread "Cache worker for Build Output Cleanup Cache (E:\college\Faculty\node_modules\@react-native\gradle-plugin\.gradle\buildOutputCleanup)" [_thread_blocked, id=12096, stack(0x000000f774f00000,0x000000f775000000)]
  0x0000022b794d3520 JavaThread "Unconstrained build operations Thread 7" [_thread_blocked, id=13732, stack(0x000000f775000000,0x000000f775100000)]
  0x0000022b794d3ec0 JavaThread "Unconstrained build operations Thread 8" [_thread_blocked, id=14864, stack(0x000000f775100000,0x000000f775200000)]
  0x0000022b794d21e0 JavaThread "Unconstrained build operations Thread 9" [_thread_blocked, id=27540, stack(0x000000f775200000,0x000000f775300000)]
  0x0000022b794d26b0 JavaThread "Unconstrained build operations Thread 10" [_thread_blocked, id=22864, stack(0x000000f775300000,0x000000f775400000)]
  0x0000022b7b53b870 JavaThread "Unconstrained build operations Thread 11" [_thread_blocked, id=11200, stack(0x000000f775400000,0x000000f775500000)]
  0x0000022b7b53da20 JavaThread "Unconstrained build operations Thread 12" [_thread_blocked, id=8508, stack(0x000000f775500000,0x000000f775600000)]
  0x0000022b7b53a530 JavaThread "Unconstrained build operations Thread 13" [_thread_blocked, id=13060, stack(0x000000f775600000,0x000000f775700000)]
  0x0000022b7b53d080 JavaThread "Unconstrained build operations Thread 14" [_thread_blocked, id=11552, stack(0x000000f775700000,0x000000f775800000)]
  0x0000022b7b53c6e0 JavaThread "Unconstrained build operations Thread 15" [_thread_blocked, id=1544, stack(0x000000f775800000,0x000000f775900000)]
  0x0000022b7b53c210 JavaThread "Unconstrained build operations Thread 16" [_thread_blocked, id=3100, stack(0x000000f775900000,0x000000f775a00000)]
  0x0000022b7b53aed0 JavaThread "Unconstrained build operations Thread 17" [_thread_blocked, id=2648, stack(0x000000f775a00000,0x000000f775b00000)]
  0x0000022b7b53b3a0 JavaThread "Unconstrained build operations Thread 18" [_thread_blocked, id=15648, stack(0x000000f775b00000,0x000000f775c00000)]
  0x0000022b7b53bd40 JavaThread "Unconstrained build operations Thread 19" [_thread_blocked, id=5988, stack(0x000000f775c00000,0x000000f775d00000)]
  0x0000022b7b53aa00 JavaThread "Unconstrained build operations Thread 20" [_thread_blocked, id=4492, stack(0x000000f775d00000,0x000000f775e00000)]
  0x0000022b7b53cbb0 JavaThread "Unconstrained build operations Thread 21" [_thread_blocked, id=15596, stack(0x000000f775e00000,0x000000f775f00000)]
  0x0000022b7b53a060 JavaThread "Unconstrained build operations Thread 22" [_thread_blocked, id=8572, stack(0x000000f775f00000,0x000000f776000000)]
  0x0000022b7b53f700 JavaThread "Unconstrained build operations Thread 23" [_thread_blocked, id=21656, stack(0x000000f776000000,0x000000f776100000)]
  0x0000022b7b53fbd0 JavaThread "Unconstrained build operations Thread 24" [_thread_blocked, id=15824, stack(0x000000f776100000,0x000000f776200000)]
  0x0000022b7b540570 JavaThread "Unconstrained build operations Thread 25" [_thread_blocked, id=7980, stack(0x000000f776200000,0x000000f776300000)]
  0x0000022b7b5400a0 JavaThread "Unconstrained build operations Thread 26" [_thread_blocked, id=2460, stack(0x000000f776300000,0x000000f776400000)]
  0x0000022b7b53d550 JavaThread "Unconstrained build operations Thread 27" [_thread_blocked, id=5068, stack(0x000000f776400000,0x000000f776500000)]
  0x0000022b7b53e3c0 JavaThread "Unconstrained build operations Thread 28" [_thread_blocked, id=14580, stack(0x000000f776500000,0x000000f776600000)]
  0x0000022b7b53e890 JavaThread "Unconstrained build operations Thread 29" [_thread_blocked, id=13280, stack(0x000000f776600000,0x000000f776700000)]
  0x0000022b7b540a40 JavaThread "Unconstrained build operations Thread 30" [_thread_blocked, id=4212, stack(0x000000f776700000,0x000000f776800000)]
  0x0000022b7b53ed60 JavaThread "Unconstrained build operations Thread 31" [_thread_blocked, id=17332, stack(0x000000f776800000,0x000000f776900000)]
  0x0000022b7b540f10 JavaThread "Unconstrained build operations Thread 32" [_thread_blocked, id=18100, stack(0x000000f776900000,0x000000f776a00000)]
  0x0000022b7b53f230 JavaThread "Unconstrained build operations Thread 33" [_thread_blocked, id=16736, stack(0x000000f776a00000,0x000000f776b00000)]
  0x0000022b7b5413e0 JavaThread "Unconstrained build operations Thread 34" [_thread_blocked, id=27020, stack(0x000000f776b00000,0x000000f776c00000)]
  0x0000022b7b5418b0 JavaThread "Unconstrained build operations Thread 35" [_thread_blocked, id=10692, stack(0x000000f776c00000,0x000000f776d00000)]
  0x0000022b7b53def0 JavaThread "Unconstrained build operations Thread 36" [_thread_blocked, id=2728, stack(0x000000f776d00000,0x000000f776e00000)]
  0x0000022b77d08d30 JavaThread "Unconstrained build operations Thread 37" [_thread_blocked, id=28492, stack(0x000000f776e00000,0x000000f776f00000)]
  0x0000022b77d06b80 JavaThread "Unconstrained build operations Thread 38" [_thread_blocked, id=9828, stack(0x000000f776f00000,0x000000f777000000)]
  0x0000022b77d07ec0 JavaThread "Unconstrained build operations Thread 39" [_thread_blocked, id=22096, stack(0x000000f777000000,0x000000f777100000)]
  0x0000022b77d061e0 JavaThread "Memory manager" [_thread_blocked, id=24404, stack(0x000000f777100000,0x000000f777200000)]
  0x0000022b77d08860 JavaThread "Cache worker for Build Output Cleanup Cache (E:\college\Faculty\android\.gradle\buildOutputCleanup)" [_thread_blocked, id=11912, stack(0x000000f777300000,0x000000f777400000)]
  0x0000022b77d09ba0 JavaThread "jar transforms Thread 5" [_thread_blocked, id=8316, stack(0x000000f777400000,0x000000f777500000)]
  0x0000022b77d0a070 JavaThread "ForkJoinPool.commonPool-worker-1" daemon [_thread_blocked, id=2772, stack(0x000000f777500000,0x000000f777600000)]
  0x0000022b77d066b0 JavaThread "ForkJoinPool.commonPool-worker-2" daemon [_thread_blocked, id=24344, stack(0x000000f777600000,0x000000f777700000)]
  0x0000022b77d0a540 JavaThread "ForkJoinPool.commonPool-worker-3" daemon [_thread_blocked, id=17372, stack(0x000000f777700000,0x000000f777800000)]
  0x0000022b77d0aa10 JavaThread "ForkJoinPool.commonPool-worker-4" daemon [_thread_blocked, id=12872, stack(0x000000f777800000,0x000000f777900000)]
  0x0000022b77d0aee0 JavaThread "ForkJoinPool.commonPool-worker-5" daemon [_thread_blocked, id=4480, stack(0x000000f777900000,0x000000f777a00000)]
  0x0000022b77d07520 JavaThread "ForkJoinPool.commonPool-worker-6" daemon [_thread_blocked, id=3696, stack(0x000000f777a00000,0x000000f777b00000)]
  0x0000022b77d0b3b0 JavaThread "ForkJoinPool.commonPool-worker-7" daemon [_thread_blocked, id=5668, stack(0x000000f777b00000,0x000000f777c00000)]
  0x0000022b77d0d560 JavaThread "ForkJoinPool.commonPool-worker-8" daemon [_thread_blocked, id=22684, stack(0x000000f777c00000,0x000000f777d00000)]
  0x0000022b77d0b880 JavaThread "ForkJoinPool.commonPool-worker-9" daemon [_thread_blocked, id=25860, stack(0x000000f777d00000,0x000000f777e00000)]
  0x0000022b77d0bd50 JavaThread "ForkJoinPool.commonPool-worker-10" daemon [_thread_blocked, id=3936, stack(0x000000f777e00000,0x000000f777f00000)]
  0x0000022b77d0d090 JavaThread "included builds" [_thread_blocked, id=844, stack(0x000000f777f00000,0x000000f778000000)]
  0x0000022b77d0cbc0 JavaThread "Execution worker" [_thread_blocked, id=18160, stack(0x000000f778000000,0x000000f778100000)]
  0x0000022b79688200 JavaThread "Execution worker Thread 2" [_thread_blocked, id=21132, stack(0x000000f778100000,0x000000f778200000)]
  0x0000022b796869f0 JavaThread "Execution worker Thread 3" [_thread_blocked, id=25676, stack(0x000000f778200000,0x000000f778300000)]
  0x0000022b79687860 JavaThread "Execution worker Thread 4" [_thread_blocked, id=17616, stack(0x000000f778300000,0x000000f778400000)]
  0x0000022b79686ec0 JavaThread "Execution worker Thread 5" [_thread_blocked, id=26280, stack(0x000000f778400000,0x000000f778500000)]
  0x0000022b796886d0 JavaThread "Execution worker Thread 6" [_thread_blocked, id=23120, stack(0x000000f778500000,0x000000f778600000)]
  0x0000022b79689540 JavaThread "Execution worker Thread 7" [_thread_blocked, id=14024, stack(0x000000f778600000,0x000000f778700000)]
  0x0000022b79688ba0 JavaThread "Execution worker Thread 8" [_thread_blocked, id=22024, stack(0x000000f778700000,0x000000f778800000)]
  0x0000022b79689070 JavaThread "Execution worker Thread 9" [_thread_blocked, id=18676, stack(0x000000f778800000,0x000000f778900000)]
  0x0000022b79686520 JavaThread "Execution worker Thread 10" [_thread_blocked, id=13200, stack(0x000000f778900000,0x000000f778a00000)]
  0x0000022b79687390 JavaThread "Execution worker Thread 11" [_thread_blocked, id=23952, stack(0x000000f778a00000,0x000000f778b00000)]
  0x0000022b79689a10 JavaThread "Cache worker for execution history cache (E:\college\Faculty\node_modules\@react-native\gradle-plugin\.gradle\8.8\executionHistory)" [_thread_blocked, id=28196, stack(0x000000f778b00000,0x000000f778c00000)]
  0x0000022b79686050 JavaThread "Unconstrained build operations Thread 40" [_thread_blocked, id=24308, stack(0x000000f778c00000,0x000000f778d00000)]
  0x0000022b7968b220 JavaThread "Unconstrained build operations Thread 41" [_thread_blocked, id=22184, stack(0x000000f778d00000,0x000000f778e00000)]
  0x0000022b7968ad50 JavaThread "Unconstrained build operations Thread 42" [_thread_blocked, id=20032, stack(0x000000f778e00000,0x000000f778f00000)]
  0x0000022b7968a3b0 JavaThread "Unconstrained build operations Thread 43" [_thread_blocked, id=8776, stack(0x000000f778f00000,0x000000f779000000)]
  0x0000022b79689ee0 JavaThread "Unconstrained build operations Thread 44" [_thread_blocked, id=28324, stack(0x000000f779000000,0x000000f779100000)]
  0x0000022b7968a880 JavaThread "Unconstrained build operations Thread 45" [_thread_blocked, id=15600, stack(0x000000f779100000,0x000000f779200000)]
  0x0000022b7968b6f0 JavaThread "Unconstrained build operations Thread 46" [_thread_blocked, id=12088, stack(0x000000f779200000,0x000000f779300000)]
  0x0000022b79687d30 JavaThread "Unconstrained build operations Thread 47" [_thread_blocked, id=12444, stack(0x000000f779300000,0x000000f779400000)]
  0x0000022b7968bbc0 JavaThread "Unconstrained build operations Thread 48" [_thread_blocked, id=19268, stack(0x000000f779400000,0x000000f779500000)]
  0x0000022b7968c560 JavaThread "Unconstrained build operations Thread 49" [_thread_blocked, id=10536, stack(0x000000f779500000,0x000000f779600000)]
  0x0000022b7968c090 JavaThread "Unconstrained build operations Thread 50" [_thread_blocked, id=15224, stack(0x000000f779600000,0x000000f779700000)]
  0x0000022b7968ca30 JavaThread "Unconstrained build operations Thread 51" [_thread_blocked, id=16916, stack(0x000000f779700000,0x000000f779800000)]
  0x0000022b7968cf00 JavaThread "Unconstrained build operations Thread 52" [_thread_blocked, id=22404, stack(0x000000f779800000,0x000000f779900000)]
  0x0000022b7968d3d0 JavaThread "Unconstrained build operations Thread 53" [_thread_blocked, id=23172, stack(0x000000f779900000,0x000000f779a00000)]
  0x0000022b7968d8a0 JavaThread "Unconstrained build operations Thread 54" [_thread_blocked, id=28284, stack(0x000000f779a00000,0x000000f779b00000)]
  0x0000022b77cb0480 JavaThread "Unconstrained build operations Thread 55" [_thread_blocked, id=5396, stack(0x000000f779b00000,0x000000f779c00000)]
  0x0000022b77cacf90 JavaThread "Unconstrained build operations Thread 56" [_thread_blocked, id=4100, stack(0x000000f779c00000,0x000000f779d00000)]
  0x0000022b77cae2d0 JavaThread "Unconstrained build operations Thread 57" [_thread_blocked, id=25916, stack(0x000000f779d00000,0x000000f779e00000)]
  0x0000022b77cacac0 JavaThread "Unconstrained build operations Thread 58" [_thread_blocked, id=27276, stack(0x000000f779e00000,0x000000f779f00000)]
  0x0000022b77cad460 JavaThread "Unconstrained build operations Thread 59" [_thread_blocked, id=13072, stack(0x000000f779f00000,0x000000f77a000000)]
  0x0000022b77caf140 JavaThread "Unconstrained build operations Thread 60" [_thread_blocked, id=8792, stack(0x000000f77a000000,0x000000f77a100000)]
  0x0000022b77caf610 JavaThread "Unconstrained build operations Thread 61" [_thread_blocked, id=12664, stack(0x000000f77a100000,0x000000f77a200000)]
  0x0000022b77cad930 JavaThread "Unconstrained build operations Thread 62" [_thread_blocked, id=3304, stack(0x000000f77a200000,0x000000f77a300000)]
  0x0000022b77caffb0 JavaThread "Unconstrained build operations Thread 63" [_thread_blocked, id=28484, stack(0x000000f77a300000,0x000000f77a400000)]
  0x0000022b77cafae0 JavaThread "Unconstrained build operations Thread 64" [_thread_blocked, id=1856, stack(0x000000f77a400000,0x000000f77a500000)]
  0x0000022b77cade00 JavaThread "Unconstrained build operations Thread 65" [_thread_blocked, id=19000, stack(0x000000f77a500000,0x000000f77a600000)]
  0x0000022b77cae7a0 JavaThread "Unconstrained build operations Thread 66" [_thread_blocked, id=11648, stack(0x000000f77a600000,0x000000f77a700000)]
  0x0000022b77caec70 JavaThread "Unconstrained build operations Thread 67" [_thread_blocked, id=23636, stack(0x000000f77a700000,0x000000f77a800000)]
  0x0000022b77104230 JavaThread "Unconstrained build operations Thread 68" [_thread_blocked, id=6156, stack(0x000000f77a800000,0x000000f77a900000)]
  0x0000022b77103d60 JavaThread "Unconstrained build operations Thread 69" [_thread_blocked, id=19752, stack(0x000000f77a900000,0x000000f77aa00000)]
  0x0000022b77103890 JavaThread "Unconstrained build operations Thread 70" [_thread_blocked, id=13020, stack(0x000000f77aa00000,0x000000f77ab00000)]
  0x0000022b771050a0 JavaThread "Unconstrained build operations Thread 71" [_thread_blocked, id=18208, stack(0x000000f77ab00000,0x000000f77ac00000)]
  0x0000022b77106d80 JavaThread "Unconstrained build operations Thread 72" [_thread_blocked, id=28088, stack(0x000000f77ac00000,0x000000f77ad00000)]
  0x0000022b77107250 JavaThread "Unconstrained build operations Thread 73" [_thread_blocked, id=16004, stack(0x000000f77ad00000,0x000000f77ae00000)]
  0x0000022b771080c0 JavaThread "Unconstrained build operations Thread 74" [_thread_blocked, id=13528, stack(0x000000f77ae00000,0x000000f77af00000)]
  0x0000022b77105a40 JavaThread "Unconstrained build operations Thread 75" [_thread_blocked, id=13432, stack(0x000000f77af00000,0x000000f77b000000)]
  0x0000022b77107720 JavaThread "Unconstrained build operations Thread 76" [_thread_blocked, id=25204, stack(0x000000f77b000000,0x000000f77b100000)]
  0x0000022b771063e0 JavaThread "Unconstrained build operations Thread 77" [_thread_blocked, id=4464, stack(0x000000f77b100000,0x000000f77b200000)]
  0x0000022b77107bf0 JavaThread "Unconstrained build operations Thread 78" [_thread_blocked, id=2956, stack(0x000000f77b200000,0x000000f77b300000)]
  0x0000022b77104bd0 JavaThread "Unconstrained build operations Thread 79" [_thread_blocked, id=22956, stack(0x000000f77b300000,0x000000f77b400000)]
  0x0000022b77104700 JavaThread "Unconstrained build operations Thread 80" [_thread_blocked, id=2244, stack(0x000000f77b400000,0x000000f77b500000)]
  0x0000022b77108a60 JavaThread "Unconstrained build operations Thread 81" [_thread_blocked, id=26676, stack(0x000000f77b500000,0x000000f77b600000)]
  0x0000022b77108590 JavaThread "Unconstrained build operations Thread 82" [_thread_blocked, id=23280, stack(0x000000f77b600000,0x000000f77b700000)]
  0x0000022b77108f30 JavaThread "Unconstrained build operations Thread 83" [_thread_blocked, id=18488, stack(0x000000f77b700000,0x000000f77b800000)]
  0x0000022b77105570 JavaThread "Unconstrained build operations Thread 84" [_thread_blocked, id=25452, stack(0x000000f77b800000,0x000000f77b900000)]
  0x0000022b771098d0 JavaThread "Unconstrained build operations Thread 85" [_thread_blocked, id=10720, stack(0x000000f77b900000,0x000000f77ba00000)]
  0x0000022b77109400 JavaThread "jar transforms Thread 6" [_thread_blocked, id=28216, stack(0x000000f77ba00000,0x000000f77bb00000)]
  0x0000022b77105f10 JavaThread "jar transforms Thread 7" [_thread_blocked, id=23272, stack(0x000000f77bb00000,0x000000f77bc00000)]
  0x0000022b77109da0 JavaThread "jar transforms Thread 8" [_thread_blocked, id=10956, stack(0x000000f77bc00000,0x000000f77bd00000)]
  0x0000022b7c1325b0 JavaThread "build event listener" [_thread_blocked, id=6488, stack(0x000000f77bd00000,0x000000f77be00000)]
  0x0000022b7c1338f0 JavaThread "jar transforms Thread 9" [_thread_blocked, id=21820, stack(0x000000f77be00000,0x000000f77bf00000)]
  0x0000022b7c131c10 JavaThread "jar transforms Thread 10" [_thread_blocked, id=15396, stack(0x000000f77bf00000,0x000000f77c000000)]
  0x0000022b7c131740 JavaThread "jar transforms Thread 11" [_thread_blocked, id=7040, stack(0x000000f77c000000,0x000000f77c100000)]
  0x0000022b7c134c30 JavaThread "Unconstrained build operations Thread 86" [_thread_blocked, id=21772, stack(0x000000f77c100000,0x000000f77c200000)]
  0x0000022b7c1355d0 JavaThread "Unconstrained build operations Thread 87" [_thread_blocked, id=14272, stack(0x000000f77c200000,0x000000f77c300000)]
  0x0000022b7c134760 JavaThread "Unconstrained build operations Thread 88" [_thread_blocked, id=16704, stack(0x000000f77c300000,0x000000f77c400000)]
  0x0000022b7c136440 JavaThread "Unconstrained build operations Thread 89" [_thread_blocked, id=25388, stack(0x000000f77c400000,0x000000f77c500000)]
  0x0000022b7c135f70 JavaThread "Unconstrained build operations Thread 90" [_thread_blocked, id=13404, stack(0x000000f77c500000,0x000000f77c600000)]
  0x0000022b7c135aa0 JavaThread "Unconstrained build operations Thread 91" [_thread_blocked, id=1632, stack(0x000000f77c600000,0x000000f77c700000)]
  0x0000022b7c136910 JavaThread "Unconstrained build operations Thread 92" [_thread_blocked, id=18384, stack(0x000000f77c700000,0x000000f77c800000)]
  0x0000022b7c136de0 JavaThread "Unconstrained build operations Thread 93" [_thread_blocked, id=12400, stack(0x000000f77c800000,0x000000f77c900000)]
  0x0000022b7d6ded10 JavaThread "Unconstrained build operations Thread 94" [_thread_blocked, id=11532, stack(0x000000f77c900000,0x000000f77ca00000)]
  0x0000022b7d6dd500 JavaThread "Unconstrained build operations Thread 95" [_thread_blocked, id=27808, stack(0x000000f77ca00000,0x000000f77cb00000)]
  0x0000022b7d6e09f0 JavaThread "Unconstrained build operations Thread 96" [_thread_blocked, id=19264, stack(0x000000f77cb00000,0x000000f77cc00000)]
  0x0000022b7d6df1e0 JavaThread "Unconstrained build operations Thread 97" [_thread_blocked, id=27028, stack(0x000000f77cc00000,0x000000f77cd00000)]
  0x0000022b7d6df6b0 JavaThread "Unconstrained build operations Thread 98" [_thread_blocked, id=11676, stack(0x000000f77cd00000,0x000000f77ce00000)]
  0x0000022b7d6dd030 JavaThread "Unconstrained build operations Thread 99" [_thread_blocked, id=17496, stack(0x000000f77ce00000,0x000000f77cf00000)]
  0x0000022b7d6e0050 JavaThread "Unconstrained build operations Thread 100" [_thread_blocked, id=15976, stack(0x000000f77cf00000,0x000000f77d000000)]
  0x0000022b7d6de370 JavaThread "Unconstrained build operations Thread 101" [_thread_blocked, id=22568, stack(0x000000f77d000000,0x000000f77d100000)]
  0x0000022b7d6e0ec0 JavaThread "Unconstrained build operations Thread 102" [_thread_blocked, id=23160, stack(0x000000f77d100000,0x000000f77d200000)]
  0x0000022b7d6e0520 JavaThread "Unconstrained build operations Thread 103" [_thread_blocked, id=11772, stack(0x000000f77d200000,0x000000f77d300000)]
  0x0000022b7d6e1390 JavaThread "Unconstrained build operations Thread 104" [_thread_blocked, id=22612, stack(0x000000f77d300000,0x000000f77d400000)]
  0x0000022b7d6dfb80 JavaThread "Unconstrained build operations Thread 105" [_thread_blocked, id=17244, stack(0x000000f77d400000,0x000000f77d500000)]
  0x0000022b7d6dd9d0 JavaThread "Unconstrained build operations Thread 106" [_thread_blocked, id=24248, stack(0x000000f77d500000,0x000000f77d600000)]
  0x0000022b7d6e1860 JavaThread "Unconstrained build operations Thread 107" [_thread_blocked, id=12508, stack(0x000000f77d600000,0x000000f77d700000)]
  0x0000022b7d6de840 JavaThread "Unconstrained build operations Thread 108" [_thread_blocked, id=17256, stack(0x000000f77d700000,0x000000f77d800000)]
  0x0000022b7d6ddea0 JavaThread "Unconstrained build operations Thread 109" [_thread_blocked, id=21440, stack(0x000000f77d800000,0x000000f77d900000)]
  0x0000022b7d6e3ee0 JavaThread "Unconstrained build operations Thread 110" [_thread_blocked, id=15832, stack(0x000000f77d900000,0x000000f77da00000)]
  0x0000022b7d6e3540 JavaThread "Unconstrained build operations Thread 111" [_thread_blocked, id=22328, stack(0x000000f77da00000,0x000000f77db00000)]
  0x0000022b7d6e2200 JavaThread "jar transforms Thread 12" [_thread_blocked, id=20148, stack(0x000000f77db00000,0x000000f77dc00000)]
  0x0000022b7d6e3070 JavaThread "Unconstrained build operations Thread 112" [_thread_blocked, id=23748, stack(0x000000f77dc00000,0x000000f77dd00000)]
  0x0000022b7d6e26d0 JavaThread "Unconstrained build operations Thread 113" [_thread_blocked, id=11972, stack(0x000000f77dd00000,0x000000f77de00000)]
  0x0000022b7d6e43b0 JavaThread "Unconstrained build operations Thread 114" [_thread_blocked, id=26268, stack(0x000000f77de00000,0x000000f77df00000)]
  0x0000022b7d6e2ba0 JavaThread "Unconstrained build operations Thread 115" [_thread_blocked, id=23580, stack(0x000000f77df00000,0x000000f77e000000)]
  0x0000022b7d6e4880 JavaThread "Unconstrained build operations Thread 116" [_thread_blocked, id=10640, stack(0x000000f77e000000,0x000000f77e100000)]
  0x0000022b7d6e1d30 JavaThread "Unconstrained build operations Thread 117" [_thread_blocked, id=11168, stack(0x000000f77e100000,0x000000f77e200000)]
  0x0000022b7c131270 JavaThread "Unconstrained build operations Thread 118" [_thread_blocked, id=16108, stack(0x000000f77e200000,0x000000f77e300000)]
  0x0000022b7c134290 JavaThread "Unconstrained build operations Thread 119" [_thread_blocked, id=12856, stack(0x000000f77e300000,0x000000f77e400000)]
  0x0000022b77d0c6f0 JavaThread "Unconstrained build operations Thread 120" [_thread_blocked, id=13012, stack(0x000000f77e400000,0x000000f77e500000)]
  0x0000022b7d364900 JavaThread "Cache worker for execution history cache (E:\college\Faculty\android\.gradle\8.8\executionHistory)" [_thread_blocked, id=10740, stack(0x000000f77e600000,0x000000f77e700000)]
  0x0000022b7d365770 JavaThread "Exec process" [_thread_blocked, id=640, stack(0x000000f77e500000,0x000000f77e600000)]
  0x0000022b7d3635c0 JavaThread "Exec process Thread 2" [_thread_blocked, id=22156, stack(0x000000f77e700000,0x000000f77e800000)]
  0x0000022b7d363f60 JavaThread "Exec process Thread 3" [_thread_blocked, id=2824, stack(0x000000f77e800000,0x000000f77e900000)]
  0x0000022b04f035c0 JavaThread "WorkerExecutor Queue" [_thread_blocked, id=27060, stack(0x000000f77ea00000,0x000000f77eb00000)]
  0x0000022b7b7413c0 JavaThread "RMI Scheduler(0)" daemon [_thread_blocked, id=17928, stack(0x000000f77eb00000,0x000000f77ec00000)]
  0x0000022b7b740ef0 JavaThread "RMI GC Daemon" daemon [_thread_blocked, id=13076, stack(0x000000f77ed00000,0x000000f77ee00000)]
  0x0000022b06eabff0 JavaThread "RMI TCP Accept-0" daemon [_thread_in_native, id=12292, stack(0x000000f77ee00000,0x000000f77ef00000)]
  0x0000022b06eaa7e0 JavaThread "RMI Reaper" [_thread_blocked, id=9868, stack(0x000000f77ef00000,0x000000f77f000000)]
  0x0000022b06c597a0 JavaThread "RMI TCP Connection(1)-127.0.0.1" daemon [_thread_in_native, id=26628, stack(0x000000f77f000000,0x000000f77f100000)]
  0x0000022b06eaacb0 JavaThread "WorkerExecutor Queue Thread 2" [_thread_blocked, id=18672, stack(0x000000f77f100000,0x000000f77f200000)]
  0x0000022b06eab650 JavaThread "WorkerExecutor Queue Thread 3" [_thread_blocked, id=10768, stack(0x000000f77f200000,0x000000f77f300000)]
  0x0000022b06eaa310 JavaThread "WorkerExecutor Queue Thread 4" [_thread_blocked, id=26004, stack(0x000000f77f300000,0x000000f77f400000)]
  0x0000022b06eab180 JavaThread "WorkerExecutor Queue Thread 5" [_thread_blocked, id=9084, stack(0x000000f77f400000,0x000000f77f500000)]
  0x0000022b06eac4c0 JavaThread "WorkerExecutor Queue Thread 6" [_thread_blocked, id=15876, stack(0x000000f77f500000,0x000000f77f600000)]
  0x0000022b06eabb20 JavaThread "WorkerExecutor Queue Thread 7" [_thread_blocked, id=27088, stack(0x000000f77f600000,0x000000f77f700000)]
  0x0000022b05c092d0 JavaThread "WorkerExecutor Queue Thread 8" [_thread_blocked, id=14892, stack(0x000000f77f700000,0x000000f77f800000)]
  0x0000022b05c097a0 JavaThread "WorkerExecutor Queue Thread 9" [_thread_blocked, id=21308, stack(0x000000f77f800000,0x000000f77f900000)]
  0x0000022b05c0a140 JavaThread "WorkerExecutor Queue Thread 10" [_thread_blocked, id=7968, stack(0x000000f77f900000,0x000000f77fa00000)]
  0x0000022b05c0a610 JavaThread "WorkerExecutor Queue Thread 11" [_thread_blocked, id=380, stack(0x000000f77fa00000,0x000000f77fb00000)]
  0x0000022b05c0aae0 JavaThread "WorkerExecutor Queue Thread 12" [_thread_blocked, id=23228, stack(0x000000f77fb00000,0x000000f77fc00000)]
  0x0000022b7ba19ba0 JavaThread "C2 CompilerThread1" daemon [_thread_blocked, id=23032, stack(0x000000f773700000,0x000000f773800000)]
  0x0000022b053c6e50 JavaThread "C2 CompilerThread2" daemon [_thread_blocked, id=13004, stack(0x000000f77ec00000,0x000000f77ed00000)]
  0x0000022b5da29190 JavaThread "ForkJoinPool-1-worker-1" daemon [_thread_blocked, id=13092, stack(0x000000f77fc00000,0x000000f77fd00000)]
  0x0000022b04f03a90 JavaThread "ForkJoinPool-1-worker-2" daemon [_thread_blocked, id=25480, stack(0x000000f77fd00000,0x000000f77fe00000)]
  0x0000022b7a253c80 JavaThread "ForkJoinPool-1-worker-3" daemon [_thread_blocked, id=17052, stack(0x000000f77fe00000,0x000000f77ff00000)]
  0x0000022b05a75d40 JavaThread "ForkJoinPool-1-worker-4" daemon [_thread_blocked, id=28220, stack(0x000000f77ff00000,0x000000f780000000)]
  0x0000022b04e4cb00 JavaThread "ForkJoinPool-1-worker-5" daemon [_thread_blocked, id=21628, stack(0x000000f700000000,0x000000f700100000)]
  0x0000022b06f6c5c0 JavaThread "ForkJoinPool-1-worker-6" daemon [_thread_blocked, id=14464, stack(0x000000f700100000,0x000000f700200000)]
  0x0000022b04cf1630 JavaThread "ForkJoinPool-1-worker-7" daemon [_thread_blocked, id=7932, stack(0x000000f700200000,0x000000f700300000)]
  0x0000022b7d3605a0 JavaThread "ForkJoinPool-1-worker-8" daemon [_thread_blocked, id=14684, stack(0x000000f700300000,0x000000f700400000)]
  0x0000022b04cf0c90 JavaThread "ForkJoinPool-1-worker-9" daemon [_thread_blocked, id=22696, stack(0x000000f700400000,0x000000f700500000)]
  0x0000022b7a251fa0 JavaThread "ForkJoinPool-1-worker-10" daemon [_thread_blocked, id=26940, stack(0x000000f700500000,0x000000f700600000)]
  0x0000022b7a252940 JavaThread "ForkJoinPool-1-worker-11" daemon [_thread_blocked, id=23984, stack(0x000000f700600000,0x000000f700700000)]
  0x0000022b7a254af0 JavaThread "ForkJoinPool-1-worker-12" daemon [_thread_blocked, id=16036, stack(0x000000f700700000,0x000000f700800000)]

Other Threads:
=>0x0000022b5d22e580 VMThread "VM Thread" [stack: 0x000000f771800000,0x000000f771900000] [id=5956]
  0x0000022b3c9cc270 WatcherThread [stack: 0x000000f772400000,0x000000f772500000] [id=15940]
  0x0000022b3c9b27e0 GCTaskThread "GC Thread#0" [stack: 0x000000f771300000,0x000000f771400000] [id=11796]
  0x0000022b77b55900 GCTaskThread "GC Thread#1" [stack: 0x000000f772700000,0x000000f772800000] [id=22124]
  0x0000022b77b80020 GCTaskThread "GC Thread#2" [stack: 0x000000f772800000,0x000000f772900000] [id=27836]
  0x0000022b77b802e0 GCTaskThread "GC Thread#3" [stack: 0x000000f772900000,0x000000f772a00000] [id=11668]
  0x0000022b77f4d300 GCTaskThread "GC Thread#4" [stack: 0x000000f772a00000,0x000000f772b00000] [id=19440]
  0x0000022b77f4d5c0 GCTaskThread "GC Thread#5" [stack: 0x000000f772b00000,0x000000f772c00000] [id=4228]
  0x0000022b7a6976c0 GCTaskThread "GC Thread#6" [stack: 0x000000f773900000,0x000000f773a00000] [id=21020]
  0x0000022b7a58d830 GCTaskThread "GC Thread#7" [stack: 0x000000f773a00000,0x000000f773b00000] [id=21788]
  0x0000022b7a692160 GCTaskThread "GC Thread#8" [stack: 0x000000f773b00000,0x000000f773c00000] [id=7844]
  0x0000022b7a692420 GCTaskThread "GC Thread#9" [stack: 0x000000f773c00000,0x000000f773d00000] [id=11688]
  0x0000022b3c9c0310 ConcurrentGCThread "G1 Main Marker" [stack: 0x000000f771400000,0x000000f771500000] [id=18232]
  0x0000022b3c9c0c30 ConcurrentGCThread "G1 Conc#0" [stack: 0x000000f771500000,0x000000f771600000] [id=25708]
  0x0000022b7a692ef0 ConcurrentGCThread "G1 Conc#1" [stack: 0x000000f773f00000,0x000000f774000000] [id=5764]
  0x0000022b7aef5d10 ConcurrentGCThread "G1 Conc#2" [stack: 0x000000f774000000,0x000000f774100000] [id=23744]
  0x0000022b3ca12040 ConcurrentGCThread "G1 Refine#0" [stack: 0x000000f771600000,0x000000f771700000] [id=13516]
  0x0000022b7e32a9f0 ConcurrentGCThread "G1 Refine#1" [stack: 0x000000f77e900000,0x000000f77ea00000] [id=10164]
  0x0000022b7e3289a0 ConcurrentGCThread "G1 Refine#2" [stack: 0x000000f700800000,0x000000f700900000] [id=22756]
  0x0000022b7e32a700 ConcurrentGCThread "G1 Refine#3" [stack: 0x000000f700900000,0x000000f700a00000] [id=27348]
  0x0000022b7e328f80 ConcurrentGCThread "G1 Refine#4" [stack: 0x000000f700a00000,0x000000f700b00000] [id=20656]
  0x0000022b7e329e30 ConcurrentGCThread "G1 Refine#5" [stack: 0x000000f700b00000,0x000000f700c00000] [id=9444]
  0x0000022b7e329850 ConcurrentGCThread "G1 Refine#6" [stack: 0x000000f700c00000,0x000000f700d00000] [id=13104]
  0x0000022b7e329b40 ConcurrentGCThread "G1 Refine#7" [stack: 0x000000f700d00000,0x000000f700e00000] [id=11788]
  0x0000022b7bb0a750 ConcurrentGCThread "G1 Refine#8" [stack: 0x000000f701000000,0x000000f701100000] [id=15772]
  0x0000022b7bb095b0 ConcurrentGCThread "G1 Refine#9" [stack: 0x000000f701100000,0x000000f701200000] [id=26644]
  0x0000022b5d0f6ba0 ConcurrentGCThread "G1 Service" [stack: 0x000000f771700000,0x000000f771800000] [id=3648]

Threads with active compile tasks:
C2 CompilerThread0    53942 23567       4       java.util.TimSort::mergeHi (732 bytes)
C2 CompilerThread1    53942 23544       4       com.android.tools.r8.graph.u5::a (200 bytes)
C2 CompilerThread2    53942 23569       4       java.util.TimSort::mergeLo (659 bytes)

VM state: at safepoint (normal execution)

VM Mutex/Monitor currently owned by a thread:  ([mutex/lock_event])
[0x0000022b3c955ad0] Threads_lock - owner thread: 0x0000022b5d22e580
[0x0000022b3c954e70] Heap_lock - owner thread: 0x0000022b5da29190

Heap address: 0x0000000740000000, size: 3072 MB, Compressed Oops mode: Zero based, Oop shift amount: 3

CDS archive(s) mapped at: [0x0000022b5e000000-0x0000022b5ebd0000-0x0000022b5ebd0000), size 12386304, SharedBaseAddress: 0x0000022b5e000000, ArchiveRelocationMode: 1.
Compressed class space mapped at: 0x0000022b5f000000-0x0000022b73000000, reserved size: 335544320
Narrow klass base: 0x0000022b5e000000, Narrow klass shift: 0, Narrow klass range: 0x100000000

GC Precious Log:
 CPUs: 12 total, 12 available
 Memory: 16024M
 Large Page Support: Disabled
 NUMA Support: Disabled
 Compressed Oops: Enabled (Zero based)
 Heap Region Size: 2M
 Heap Min Capacity: 8M
 Heap Initial Capacity: 252M
 Heap Max Capacity: 3G
 Pre-touch: Disabled
 Parallel Workers: 10
 Concurrent Workers: 3
 Concurrent Refinement Workers: 10
 Periodic GC: Disabled

Heap:
 garbage-first heap   total 802816K, used 468106K [0x0000000740000000, 0x0000000800000000)
  region size 2048K, 5 young (10240K), 5 survivors (10240K)
 Metaspace       used 141488K, committed 143232K, reserved 458752K
  class space    used 19801K, committed 20608K, reserved 327680K

Heap Regions: E=young(eden), S=young(survivor), O=old, HS=humongous(starts), HC=humongous(continues), CS=collection set, F=free, OA=open archive, CA=closed archive, TAMS=top-at-mark-start (previous, next)
|   0|0x0000000740000000, 0x0000000740200000, 0x0000000740200000|100%|HS|  |TAMS 0x0000000740200000, 0x0000000740000000| Complete 
|   1|0x0000000740200000, 0x0000000740400000, 0x0000000740400000|100%|HC|  |TAMS 0x0000000740400000, 0x0000000740200000| Complete 
|   2|0x0000000740400000, 0x0000000740600000, 0x0000000740600000|100%| O|  |TAMS 0x0000000740600000, 0x0000000740400000| Untracked 
|   3|0x0000000740600000, 0x0000000740800000, 0x0000000740800000|100%| O|  |TAMS 0x0000000740800000, 0x0000000740600000| Untracked 
|   4|0x0000000740800000, 0x0000000740a00000, 0x0000000740a00000|100%| O|  |TAMS 0x0000000740a00000, 0x0000000740800000| Untracked 
|   5|0x0000000740a00000, 0x0000000740c00000, 0x0000000740c00000|100%| O|  |TAMS 0x0000000740c00000, 0x0000000740a00000| Untracked 
|   6|0x0000000740c00000, 0x0000000740e00000, 0x0000000740e00000|100%| O|  |TAMS 0x0000000740e00000, 0x0000000740c00000| Untracked 
|   7|0x0000000740e00000, 0x0000000741000000, 0x0000000741000000|100%| O|  |TAMS 0x0000000741000000, 0x0000000740e00000| Untracked 
|   8|0x0000000741000000, 0x0000000741200000, 0x0000000741200000|100%| O|  |TAMS 0x0000000741200000, 0x0000000741000000| Untracked 
|   9|0x0000000741200000, 0x0000000741400000, 0x0000000741400000|100%| O|  |TAMS 0x0000000741400000, 0x0000000741200000| Untracked 
|  10|0x0000000741400000, 0x00000007415de800, 0x0000000741600000| 93%| O|  |TAMS 0x00000007415de800, 0x0000000741400000| Untracked 
|  11|0x0000000741600000, 0x0000000741800000, 0x0000000741800000|100%| O|  |TAMS 0x0000000741800000, 0x0000000741600000| Untracked 
|  12|0x0000000741800000, 0x0000000741a00000, 0x0000000741a00000|100%| O|  |TAMS 0x0000000741a00000, 0x0000000741800000| Untracked 
|  13|0x0000000741a00000, 0x0000000741c00000, 0x0000000741c00000|100%|HS|  |TAMS 0x0000000741a00000, 0x0000000741a00000| Complete 
|  14|0x0000000741c00000, 0x0000000741e00000, 0x0000000741e00000|100%| O|  |TAMS 0x0000000741e00000, 0x0000000741c00000| Untracked 
|  15|0x0000000741e00000, 0x0000000742000000, 0x0000000742000000|100%| O|  |TAMS 0x0000000742000000, 0x0000000741e00000| Untracked 
|  16|0x0000000742000000, 0x0000000742200000, 0x0000000742200000|100%| O|  |TAMS 0x0000000742200000, 0x0000000742000000| Untracked 
|  17|0x0000000742200000, 0x0000000742400000, 0x0000000742400000|100%| O|  |TAMS 0x0000000742400000, 0x0000000742200000| Untracked 
|  18|0x0000000742400000, 0x0000000742600000, 0x0000000742600000|100%| O|  |TAMS 0x0000000742600000, 0x0000000742400000| Untracked 
|  19|0x0000000742600000, 0x0000000742800000, 0x0000000742800000|100%| O|  |TAMS 0x0000000742800000, 0x0000000742600000| Untracked 
|  20|0x0000000742800000, 0x0000000742a00000, 0x0000000742a00000|100%| O|  |TAMS 0x0000000742a00000, 0x0000000742800000| Untracked 
|  21|0x0000000742a00000, 0x0000000742c00000, 0x0000000742c00000|100%| O|  |TAMS 0x0000000742c00000, 0x0000000742a00000| Untracked 
|  22|0x0000000742c00000, 0x0000000742e00000, 0x0000000742e00000|100%| O|  |TAMS 0x0000000742e00000, 0x0000000742c00000| Untracked 
|  23|0x0000000742e00000, 0x0000000743000000, 0x0000000743000000|100%|HS|  |TAMS 0x0000000743000000, 0x0000000742e00000| Complete 
|  24|0x0000000743000000, 0x0000000743200000, 0x0000000743200000|100%|HS|  |TAMS 0x0000000743200000, 0x0000000743000000| Complete 
|  25|0x0000000743200000, 0x0000000743400000, 0x0000000743400000|100%| O|  |TAMS 0x0000000743400000, 0x0000000743200000| Untracked 
|  26|0x0000000743400000, 0x0000000743600000, 0x0000000743600000|100%|HS|  |TAMS 0x0000000743600000, 0x0000000743400000| Complete 
|  27|0x0000000743600000, 0x0000000743800000, 0x0000000743800000|100%|HC|  |TAMS 0x0000000743800000, 0x0000000743600000| Complete 
|  28|0x0000000743800000, 0x0000000743a00000, 0x0000000743a00000|100%| O|  |TAMS 0x0000000743a00000, 0x0000000743800000| Untracked 
|  29|0x0000000743a00000, 0x0000000743c00000, 0x0000000743c00000|100%|HS|  |TAMS 0x0000000743c00000, 0x0000000743a00000| Complete 
|  30|0x0000000743c00000, 0x0000000743e00000, 0x0000000743e00000|100%|HS|  |TAMS 0x0000000743e00000, 0x0000000743c00000| Complete 
|  31|0x0000000743e00000, 0x0000000744000000, 0x0000000744000000|100%|HC|  |TAMS 0x0000000744000000, 0x0000000743e00000| Complete 
|  32|0x0000000744000000, 0x0000000744200000, 0x0000000744200000|100%| O|  |TAMS 0x0000000744200000, 0x0000000744000000| Untracked 
|  33|0x0000000744200000, 0x0000000744400000, 0x0000000744400000|100%| O|  |TAMS 0x0000000744400000, 0x0000000744200000| Untracked 
|  34|0x0000000744400000, 0x0000000744600000, 0x0000000744600000|100%| O|  |TAMS 0x0000000744600000, 0x0000000744400000| Untracked 
|  35|0x0000000744600000, 0x0000000744800000, 0x0000000744800000|100%| O|  |TAMS 0x0000000744800000, 0x0000000744600000| Untracked 
|  36|0x0000000744800000, 0x0000000744a00000, 0x0000000744a00000|100%| O|  |TAMS 0x0000000744a00000, 0x0000000744800000| Untracked 
|  37|0x0000000744a00000, 0x0000000744c00000, 0x0000000744c00000|100%|HS|  |TAMS 0x0000000744a00000, 0x0000000744a00000| Complete 
|  38|0x0000000744c00000, 0x0000000744e00000, 0x0000000744e00000|100%|HS|  |TAMS 0x0000000744c00000, 0x0000000744c00000| Complete 
|  39|0x0000000744e00000, 0x0000000745000000, 0x0000000745000000|100%| O|  |TAMS 0x0000000745000000, 0x0000000744e00000| Untracked 
|  40|0x0000000745000000, 0x0000000745200000, 0x0000000745200000|100%| O|  |TAMS 0x0000000745200000, 0x0000000745000000| Untracked 
|  41|0x0000000745200000, 0x0000000745400000, 0x0000000745400000|100%| O|  |TAMS 0x0000000745400000, 0x0000000745200000| Untracked 
|  42|0x0000000745400000, 0x0000000745600000, 0x0000000745600000|100%|HS|  |TAMS 0x0000000745600000, 0x0000000745400000| Complete 
|  43|0x0000000745600000, 0x0000000745800000, 0x0000000745800000|100%|HC|  |TAMS 0x0000000745800000, 0x0000000745600000| Complete 
|  44|0x0000000745800000, 0x0000000745a00000, 0x0000000745a00000|100%|HS|  |TAMS 0x0000000745a00000, 0x0000000745800000| Complete 
|  45|0x0000000745a00000, 0x0000000745c00000, 0x0000000745c00000|100%|HS|  |TAMS 0x0000000745c00000, 0x0000000745a00000| Complete 
|  46|0x0000000745c00000, 0x0000000745e00000, 0x0000000745e00000|100%|HC|  |TAMS 0x0000000745e00000, 0x0000000745c00000| Complete 
|  47|0x0000000745e00000, 0x0000000746000000, 0x0000000746000000|100%| O|  |TAMS 0x0000000746000000, 0x0000000745e00000| Untracked 
|  48|0x0000000746000000, 0x0000000746200000, 0x0000000746200000|100%| O|  |TAMS 0x0000000746200000, 0x0000000746000000| Untracked 
|  49|0x0000000746200000, 0x0000000746400000, 0x0000000746400000|100%| O|  |TAMS 0x0000000746400000, 0x0000000746200000| Untracked 
|  50|0x0000000746400000, 0x0000000746600000, 0x0000000746600000|100%| O|  |TAMS 0x0000000746600000, 0x0000000746400000| Untracked 
|  51|0x0000000746600000, 0x0000000746800000, 0x0000000746800000|100%| O|  |TAMS 0x0000000746800000, 0x0000000746600000| Untracked 
|  52|0x0000000746800000, 0x0000000746a00000, 0x0000000746a00000|100%| O|  |TAMS 0x0000000746a00000, 0x0000000746800000| Untracked 
|  53|0x0000000746a00000, 0x0000000746c00000, 0x0000000746c00000|100%| O|  |TAMS 0x0000000746c00000, 0x0000000746a00000| Untracked 
|  54|0x0000000746c00000, 0x0000000746e00000, 0x0000000746e00000|100%| O|  |TAMS 0x0000000746e00000, 0x0000000746c00000| Untracked 
|  55|0x0000000746e00000, 0x0000000747000000, 0x0000000747000000|100%| O|  |TAMS 0x0000000747000000, 0x0000000746e00000| Untracked 
|  56|0x0000000747000000, 0x0000000747200000, 0x0000000747200000|100%| O|  |TAMS 0x0000000747200000, 0x0000000747000000| Untracked 
|  57|0x0000000747200000, 0x0000000747400000, 0x0000000747400000|100%| O|  |TAMS 0x0000000747400000, 0x0000000747200000| Untracked 
|  58|0x0000000747400000, 0x0000000747600000, 0x0000000747600000|100%| O|  |TAMS 0x0000000747600000, 0x0000000747400000| Untracked 
|  59|0x0000000747600000, 0x0000000747800000, 0x0000000747800000|100%| O|  |TAMS 0x0000000747800000, 0x0000000747600000| Untracked 
|  60|0x0000000747800000, 0x0000000747a00000, 0x0000000747a00000|100%| O|  |TAMS 0x0000000747a00000, 0x0000000747800000| Untracked 
|  61|0x0000000747a00000, 0x0000000747c00000, 0x0000000747c00000|100%| O|  |TAMS 0x0000000747c00000, 0x0000000747a00000| Untracked 
|  62|0x0000000747c00000, 0x0000000747e00000, 0x0000000747e00000|100%| O|  |TAMS 0x0000000747e00000, 0x0000000747c00000| Untracked 
|  63|0x0000000747e00000, 0x0000000748000000, 0x0000000748000000|100%| O|  |TAMS 0x0000000748000000, 0x0000000747e00000| Untracked 
|  64|0x0000000748000000, 0x0000000748200000, 0x0000000748200000|100%| O|  |TAMS 0x0000000748200000, 0x0000000748000000| Untracked 
|  65|0x0000000748200000, 0x0000000748400000, 0x0000000748400000|100%| O|  |TAMS 0x0000000748400000, 0x0000000748200000| Untracked 
|  66|0x0000000748400000, 0x0000000748600000, 0x0000000748600000|100%| O|  |TAMS 0x0000000748600000, 0x0000000748400000| Untracked 
|  67|0x0000000748600000, 0x0000000748800000, 0x0000000748800000|100%| O|  |TAMS 0x0000000748800000, 0x0000000748600000| Untracked 
|  68|0x0000000748800000, 0x0000000748a00000, 0x0000000748a00000|100%| O|  |TAMS 0x0000000748a00000, 0x0000000748800000| Untracked 
|  69|0x0000000748a00000, 0x0000000748c00000, 0x0000000748c00000|100%| O|  |TAMS 0x0000000748c00000, 0x0000000748a00000| Untracked 
|  70|0x0000000748c00000, 0x0000000748e00000, 0x0000000748e00000|100%| O|  |TAMS 0x0000000748e00000, 0x0000000748c00000| Untracked 
|  71|0x0000000748e00000, 0x0000000749000000, 0x0000000749000000|100%| O|  |TAMS 0x0000000749000000, 0x0000000748e00000| Untracked 
|  72|0x0000000749000000, 0x0000000749200000, 0x0000000749200000|100%| O|  |TAMS 0x0000000749200000, 0x0000000749000000| Untracked 
|  73|0x0000000749200000, 0x0000000749400000, 0x0000000749400000|100%| O|  |TAMS 0x0000000749400000, 0x0000000749200000| Untracked 
|  74|0x0000000749400000, 0x0000000749600000, 0x0000000749600000|100%| O|  |TAMS 0x0000000749600000, 0x0000000749400000| Untracked 
|  75|0x0000000749600000, 0x0000000749800000, 0x0000000749800000|100%| O|  |TAMS 0x0000000749800000, 0x0000000749600000| Untracked 
|  76|0x0000000749800000, 0x0000000749a00000, 0x0000000749a00000|100%| O|  |TAMS 0x0000000749a00000, 0x0000000749800000| Untracked 
|  77|0x0000000749a00000, 0x0000000749c00000, 0x0000000749c00000|100%| O|  |TAMS 0x0000000749c00000, 0x0000000749a00000| Untracked 
|  78|0x0000000749c00000, 0x0000000749e00000, 0x0000000749e00000|100%| O|  |TAMS 0x0000000749e00000, 0x0000000749c00000| Untracked 
|  79|0x0000000749e00000, 0x000000074a000000, 0x000000074a000000|100%| O|  |TAMS 0x000000074a000000, 0x0000000749e00000| Untracked 
|  80|0x000000074a000000, 0x000000074a200000, 0x000000074a200000|100%| O|  |TAMS 0x000000074a200000, 0x000000074a000000| Untracked 
|  81|0x000000074a200000, 0x000000074a400000, 0x000000074a400000|100%| O|  |TAMS 0x000000074a400000, 0x000000074a200000| Untracked 
|  82|0x000000074a400000, 0x000000074a600000, 0x000000074a600000|100%| O|  |TAMS 0x000000074a600000, 0x000000074a400000| Untracked 
|  83|0x000000074a600000, 0x000000074a800000, 0x000000074a800000|100%| O|  |TAMS 0x000000074a800000, 0x000000074a600000| Untracked 
|  84|0x000000074a800000, 0x000000074aa00000, 0x000000074aa00000|100%|HS|  |TAMS 0x000000074aa00000, 0x000000074a800000| Complete 
|  85|0x000000074aa00000, 0x000000074ac00000, 0x000000074ac00000|100%| O|  |TAMS 0x000000074ac00000, 0x000000074aa00000| Untracked 
|  86|0x000000074ac00000, 0x000000074ae00000, 0x000000074ae00000|100%| O|  |TAMS 0x000000074ae00000, 0x000000074ac00000| Untracked 
|  87|0x000000074ae00000, 0x000000074b000000, 0x000000074b000000|100%| O|  |TAMS 0x000000074b000000, 0x000000074ae00000| Untracked 
|  88|0x000000074b000000, 0x000000074b200000, 0x000000074b200000|100%| O|  |TAMS 0x000000074b200000, 0x000000074b000000| Untracked 
|  89|0x000000074b200000, 0x000000074b400000, 0x000000074b400000|100%| O|  |TAMS 0x000000074b400000, 0x000000074b200000| Untracked 
|  90|0x000000074b400000, 0x000000074b600000, 0x000000074b600000|100%| O|  |TAMS 0x000000074b600000, 0x000000074b400000| Untracked 
|  91|0x000000074b600000, 0x000000074b800000, 0x000000074b800000|100%| O|  |TAMS 0x000000074b800000, 0x000000074b600000| Untracked 
|  92|0x000000074b800000, 0x000000074ba00000, 0x000000074ba00000|100%| O|  |TAMS 0x000000074ba00000, 0x000000074b800000| Untracked 
|  93|0x000000074ba00000, 0x000000074bc00000, 0x000000074bc00000|100%| O|  |TAMS 0x000000074bc00000, 0x000000074ba00000| Untracked 
|  94|0x000000074bc00000, 0x000000074be00000, 0x000000074be00000|100%| O|  |TAMS 0x000000074be00000, 0x000000074bc00000| Untracked 
|  95|0x000000074be00000, 0x000000074be00000, 0x000000074c000000|  0%| F|  |TAMS 0x000000074be00000, 0x000000074be00000| Untracked 
|  96|0x000000074c000000, 0x000000074c200000, 0x000000074c200000|100%| O|  |TAMS 0x000000074c200000, 0x000000074c000000| Untracked 
|  97|0x000000074c200000, 0x000000074c200000, 0x000000074c400000|  0%| F|  |TAMS 0x000000074c200000, 0x000000074c200000| Untracked 
|  98|0x000000074c400000, 0x000000074c600000, 0x000000074c600000|100%| O|  |TAMS 0x000000074c600000, 0x000000074c400000| Untracked 
|  99|0x000000074c600000, 0x000000074c800000, 0x000000074c800000|100%| O|  |TAMS 0x000000074c800000, 0x000000074c600000| Untracked 
| 100|0x000000074c800000, 0x000000074ca00000, 0x000000074ca00000|100%| O|  |TAMS 0x000000074ca00000, 0x000000074c800000| Untracked 
| 101|0x000000074ca00000, 0x000000074cc00000, 0x000000074cc00000|100%| O|  |TAMS 0x000000074cc00000, 0x000000074ca00000| Untracked 
| 102|0x000000074cc00000, 0x000000074ce00000, 0x000000074ce00000|100%| O|  |TAMS 0x000000074ce00000, 0x000000074cc00000| Untracked 
| 103|0x000000074ce00000, 0x000000074d000000, 0x000000074d000000|100%| O|  |TAMS 0x000000074d000000, 0x000000074ce00000| Untracked 
| 104|0x000000074d000000, 0x000000074d200000, 0x000000074d200000|100%| O|  |TAMS 0x000000074d200000, 0x000000074d000000| Untracked 
| 105|0x000000074d200000, 0x000000074d400000, 0x000000074d400000|100%| O|  |TAMS 0x000000074d400000, 0x000000074d200000| Untracked 
| 106|0x000000074d400000, 0x000000074d600000, 0x000000074d600000|100%| O|  |TAMS 0x000000074d600000, 0x000000074d400000| Untracked 
| 107|0x000000074d600000, 0x000000074d800000, 0x000000074d800000|100%| O|  |TAMS 0x000000074d800000, 0x000000074d600000| Untracked 
| 108|0x000000074d800000, 0x000000074da00000, 0x000000074da00000|100%| O|  |TAMS 0x000000074da00000, 0x000000074d800000| Untracked 
| 109|0x000000074da00000, 0x000000074dc00000, 0x000000074dc00000|100%| O|  |TAMS 0x000000074dc00000, 0x000000074da00000| Untracked 
| 110|0x000000074dc00000, 0x000000074de00000, 0x000000074de00000|100%| O|  |TAMS 0x000000074de00000, 0x000000074dc00000| Untracked 
| 111|0x000000074de00000, 0x000000074e000000, 0x000000074e000000|100%| O|  |TAMS 0x000000074e000000, 0x000000074de00000| Untracked 
| 112|0x000000074e000000, 0x000000074e200000, 0x000000074e200000|100%| O|  |TAMS 0x000000074e200000, 0x000000074e000000| Untracked 
| 113|0x000000074e200000, 0x000000074e400000, 0x000000074e400000|100%| O|  |TAMS 0x000000074e400000, 0x000000074e200000| Untracked 
| 114|0x000000074e400000, 0x000000074e600000, 0x000000074e600000|100%| O|  |TAMS 0x000000074e600000, 0x000000074e400000| Untracked 
| 115|0x000000074e600000, 0x000000074e800000, 0x000000074e800000|100%| O|  |TAMS 0x000000074e800000, 0x000000074e600000| Untracked 
| 116|0x000000074e800000, 0x000000074ea00000, 0x000000074ea00000|100%| O|  |TAMS 0x000000074ea00000, 0x000000074e800000| Untracked 
| 117|0x000000074ea00000, 0x000000074ec00000, 0x000000074ec00000|100%| O|  |TAMS 0x000000074ec00000, 0x000000074ea00000| Untracked 
| 118|0x000000074ec00000, 0x000000074ee00000, 0x000000074ee00000|100%| O|  |TAMS 0x000000074ee00000, 0x000000074ec00000| Untracked 
| 119|0x000000074ee00000, 0x000000074f000000, 0x000000074f000000|100%| O|  |TAMS 0x000000074f000000, 0x000000074ee00000| Untracked 
| 120|0x000000074f000000, 0x000000074f200000, 0x000000074f200000|100%| O|  |TAMS 0x000000074f200000, 0x000000074f000000| Untracked 
| 121|0x000000074f200000, 0x000000074f400000, 0x000000074f400000|100%| O|  |TAMS 0x000000074f400000, 0x000000074f200000| Untracked 
| 122|0x000000074f400000, 0x000000074f600000, 0x000000074f600000|100%| O|  |TAMS 0x000000074f600000, 0x000000074f400000| Untracked 
| 123|0x000000074f600000, 0x000000074f800000, 0x000000074f800000|100%| O|  |TAMS 0x000000074f800000, 0x000000074f600000| Untracked 
| 124|0x000000074f800000, 0x000000074f800000, 0x000000074fa00000|  0%| F|  |TAMS 0x000000074f800000, 0x000000074f800000| Untracked 
| 125|0x000000074fa00000, 0x000000074fc00000, 0x000000074fc00000|100%| O|  |TAMS 0x000000074fc00000, 0x000000074fa00000| Untracked 
| 126|0x000000074fc00000, 0x000000074fe00000, 0x000000074fe00000|100%| O|  |TAMS 0x000000074fe00000, 0x000000074fc00000| Untracked 
| 127|0x000000074fe00000, 0x0000000750000000, 0x0000000750000000|100%| O|  |TAMS 0x0000000750000000, 0x000000074fe00000| Untracked 
| 128|0x0000000750000000, 0x0000000750200000, 0x0000000750200000|100%| O|  |TAMS 0x0000000750200000, 0x0000000750000000| Untracked 
| 129|0x0000000750200000, 0x0000000750400000, 0x0000000750400000|100%| O|  |TAMS 0x0000000750400000, 0x0000000750200000| Untracked 
| 130|0x0000000750400000, 0x0000000750400000, 0x0000000750600000|  0%| F|  |TAMS 0x0000000750400000, 0x0000000750400000| Untracked 
| 131|0x0000000750600000, 0x0000000750800000, 0x0000000750800000|100%| O|  |TAMS 0x0000000750800000, 0x0000000750600000| Untracked 
| 132|0x0000000750800000, 0x0000000750a00000, 0x0000000750a00000|100%| O|  |TAMS 0x0000000750a00000, 0x0000000750800000| Untracked 
| 133|0x0000000750a00000, 0x0000000750c00000, 0x0000000750c00000|100%| O|  |TAMS 0x0000000750c00000, 0x0000000750a00000| Untracked 
| 134|0x0000000750c00000, 0x0000000750e00000, 0x0000000750e00000|100%| O|  |TAMS 0x0000000750e00000, 0x0000000750c00000| Untracked 
| 135|0x0000000750e00000, 0x0000000751000000, 0x0000000751000000|100%| O|  |TAMS 0x0000000751000000, 0x0000000750e00000| Untracked 
| 136|0x0000000751000000, 0x0000000751200000, 0x0000000751200000|100%| O|  |TAMS 0x0000000751200000, 0x0000000751000000| Untracked 
| 137|0x0000000751200000, 0x0000000751400000, 0x0000000751400000|100%| O|  |TAMS 0x0000000751400000, 0x0000000751200000| Untracked 
| 138|0x0000000751400000, 0x0000000751600000, 0x0000000751600000|100%| O|  |TAMS 0x0000000751600000, 0x0000000751400000| Untracked 
| 139|0x0000000751600000, 0x0000000751800000, 0x0000000751800000|100%| O|  |TAMS 0x0000000751800000, 0x0000000751600000| Untracked 
| 140|0x0000000751800000, 0x0000000751a00000, 0x0000000751a00000|100%| O|  |TAMS 0x0000000751a00000, 0x0000000751800000| Untracked 
| 141|0x0000000751a00000, 0x0000000751c00000, 0x0000000751c00000|100%| O|  |TAMS 0x0000000751c00000, 0x0000000751a00000| Untracked 
| 142|0x0000000751c00000, 0x0000000751e00000, 0x0000000751e00000|100%|HS|  |TAMS 0x0000000751e00000, 0x0000000751c00000| Complete 
| 143|0x0000000751e00000, 0x0000000752000000, 0x0000000752000000|100%|HC|  |TAMS 0x0000000752000000, 0x0000000751e00000| Complete 
| 144|0x0000000752000000, 0x0000000752200000, 0x0000000752200000|100%|HC|  |TAMS 0x0000000752200000, 0x0000000752000000| Complete 
| 145|0x0000000752200000, 0x0000000752400000, 0x0000000752400000|100%|HC|  |TAMS 0x0000000752400000, 0x0000000752200000| Complete 
| 146|0x0000000752400000, 0x0000000752600000, 0x0000000752600000|100%| O|  |TAMS 0x0000000752400000, 0x0000000752400000| Untracked 
| 147|0x0000000752600000, 0x0000000752800000, 0x0000000752800000|100%|HS|  |TAMS 0x0000000752800000, 0x0000000752600000| Complete 
| 148|0x0000000752800000, 0x0000000752a00000, 0x0000000752a00000|100%|HC|  |TAMS 0x0000000752a00000, 0x0000000752800000| Complete 
| 149|0x0000000752a00000, 0x0000000752c00000, 0x0000000752c00000|100%|HC|  |TAMS 0x0000000752c00000, 0x0000000752a00000| Complete 
| 150|0x0000000752c00000, 0x0000000752e00000, 0x0000000752e00000|100%|HC|  |TAMS 0x0000000752e00000, 0x0000000752c00000| Complete 
| 151|0x0000000752e00000, 0x0000000753000000, 0x0000000753000000|100%| O|  |TAMS 0x0000000753000000, 0x0000000752e00000| Untracked 
| 152|0x0000000753000000, 0x0000000753200000, 0x0000000753200000|100%| O|  |TAMS 0x0000000753200000, 0x0000000753000000| Untracked 
| 153|0x0000000753200000, 0x0000000753400000, 0x0000000753400000|100%| O|  |TAMS 0x0000000753400000, 0x0000000753200000| Untracked 
| 154|0x0000000753400000, 0x0000000753600000, 0x0000000753600000|100%| O|  |TAMS 0x0000000753600000, 0x0000000753400000| Untracked 
| 155|0x0000000753600000, 0x0000000753800000, 0x0000000753800000|100%|HS|  |TAMS 0x0000000753800000, 0x0000000753600000| Complete 
| 156|0x0000000753800000, 0x0000000753a00000, 0x0000000753a00000|100%|HC|  |TAMS 0x0000000753a00000, 0x0000000753800000| Complete 
| 157|0x0000000753a00000, 0x0000000753c00000, 0x0000000753c00000|100%|HC|  |TAMS 0x0000000753c00000, 0x0000000753a00000| Complete 
| 158|0x0000000753c00000, 0x0000000753e00000, 0x0000000753e00000|100%| O|  |TAMS 0x0000000753c00000, 0x0000000753c00000| Untracked 
| 159|0x0000000753e00000, 0x0000000754000000, 0x0000000754000000|100%| O|  |TAMS 0x0000000753e00000, 0x0000000753e00000| Untracked 
| 160|0x0000000754000000, 0x0000000754200000, 0x0000000754200000|100%| O|  |TAMS 0x0000000754000000, 0x0000000754000000| Untracked 
| 161|0x0000000754200000, 0x0000000754400000, 0x0000000754400000|100%| O|  |TAMS 0x0000000754400000, 0x0000000754200000| Untracked 
| 162|0x0000000754400000, 0x0000000754600000, 0x0000000754600000|100%| O|  |TAMS 0x0000000754600000, 0x0000000754400000| Untracked 
| 163|0x0000000754600000, 0x0000000754800000, 0x0000000754800000|100%| O|  |TAMS 0x0000000754600000, 0x0000000754600000| Untracked 
| 164|0x0000000754800000, 0x0000000754a00000, 0x0000000754a00000|100%| O|  |TAMS 0x0000000754800000, 0x0000000754800000| Untracked 
| 165|0x0000000754a00000, 0x0000000754c00000, 0x0000000754c00000|100%| O|  |TAMS 0x0000000754a00000, 0x0000000754a00000| Untracked 
| 166|0x0000000754c00000, 0x0000000754e00000, 0x0000000754e00000|100%| O|  |TAMS 0x0000000754c00000, 0x0000000754c00000| Untracked 
| 167|0x0000000754e00000, 0x0000000755000000, 0x0000000755000000|100%| O|  |TAMS 0x0000000754e00000, 0x0000000754e00000| Untracked 
| 168|0x0000000755000000, 0x0000000755200000, 0x0000000755200000|100%| O|  |TAMS 0x0000000755000000, 0x0000000755000000| Untracked 
| 169|0x0000000755200000, 0x0000000755400000, 0x0000000755400000|100%| O|  |TAMS 0x0000000755200000, 0x0000000755200000| Untracked 
| 170|0x0000000755400000, 0x0000000755600000, 0x0000000755600000|100%| O|  |TAMS 0x0000000755400000, 0x0000000755400000| Untracked 
| 171|0x0000000755600000, 0x0000000755800000, 0x0000000755800000|100%| O|  |TAMS 0x0000000755600000, 0x0000000755600000| Untracked 
| 172|0x0000000755800000, 0x0000000755a00000, 0x0000000755a00000|100%| O|  |TAMS 0x0000000755a00000, 0x0000000755800000| Untracked 
| 173|0x0000000755a00000, 0x0000000755c00000, 0x0000000755c00000|100%| O|  |TAMS 0x0000000755c00000, 0x0000000755a00000| Untracked 
| 174|0x0000000755c00000, 0x0000000755e00000, 0x0000000755e00000|100%| O|  |TAMS 0x0000000755e00000, 0x0000000755c00000| Untracked 
| 175|0x0000000755e00000, 0x0000000756000000, 0x0000000756000000|100%| O|  |TAMS 0x0000000756000000, 0x0000000755e00000| Untracked 
| 176|0x0000000756000000, 0x0000000756200000, 0x0000000756200000|100%| O|  |TAMS 0x0000000756200000, 0x0000000756000000| Untracked 
| 177|0x0000000756200000, 0x0000000756400000, 0x0000000756400000|100%| O|  |TAMS 0x0000000756400000, 0x0000000756200000| Untracked 
| 178|0x0000000756400000, 0x0000000756600000, 0x0000000756600000|100%| O|  |TAMS 0x0000000756600000, 0x0000000756400000| Untracked 
| 179|0x0000000756600000, 0x0000000756800000, 0x0000000756800000|100%| O|  |TAMS 0x0000000756800000, 0x0000000756600000| Untracked 
| 180|0x0000000756800000, 0x0000000756a00000, 0x0000000756a00000|100%| O|  |TAMS 0x0000000756a00000, 0x0000000756800000| Untracked 
| 181|0x0000000756a00000, 0x0000000756c00000, 0x0000000756c00000|100%| O|  |TAMS 0x0000000756c00000, 0x0000000756a00000| Untracked 
| 182|0x0000000756c00000, 0x0000000756e00000, 0x0000000756e00000|100%| O|  |TAMS 0x0000000756e00000, 0x0000000756c00000| Untracked 
| 183|0x0000000756e00000, 0x0000000757000000, 0x0000000757000000|100%| O|  |TAMS 0x0000000757000000, 0x0000000756e00000| Untracked 
| 184|0x0000000757000000, 0x0000000757200000, 0x0000000757200000|100%| O|  |TAMS 0x0000000757200000, 0x0000000757000000| Untracked 
| 185|0x0000000757200000, 0x0000000757400000, 0x0000000757400000|100%| O|  |TAMS 0x0000000757400000, 0x0000000757200000| Untracked 
| 186|0x0000000757400000, 0x0000000757600000, 0x0000000757600000|100%| O|  |TAMS 0x0000000757600000, 0x0000000757400000| Untracked 
| 187|0x0000000757600000, 0x0000000757800000, 0x0000000757800000|100%| O|  |TAMS 0x0000000757800000, 0x0000000757600000| Untracked 
| 188|0x0000000757800000, 0x0000000757a00000, 0x0000000757a00000|100%| O|  |TAMS 0x0000000757a00000, 0x0000000757800000| Untracked 
| 189|0x0000000757a00000, 0x0000000757c00000, 0x0000000757c00000|100%| O|  |TAMS 0x0000000757c00000, 0x0000000757a00000| Untracked 
| 190|0x0000000757c00000, 0x0000000757e00000, 0x0000000757e00000|100%| O|  |TAMS 0x0000000757e00000, 0x0000000757c00000| Untracked 
| 191|0x0000000757e00000, 0x0000000758000000, 0x0000000758000000|100%| O|  |TAMS 0x0000000758000000, 0x0000000757e00000| Untracked 
| 192|0x0000000758000000, 0x0000000758200000, 0x0000000758200000|100%| O|  |TAMS 0x0000000758200000, 0x0000000758000000| Untracked 
| 193|0x0000000758200000, 0x0000000758400000, 0x0000000758400000|100%| O|  |TAMS 0x0000000758400000, 0x0000000758200000| Untracked 
| 194|0x0000000758400000, 0x0000000758600000, 0x0000000758600000|100%| O|  |TAMS 0x0000000758600000, 0x0000000758400000| Untracked 
| 195|0x0000000758600000, 0x0000000758800000, 0x0000000758800000|100%| O|  |TAMS 0x0000000758800000, 0x0000000758600000| Untracked 
| 196|0x0000000758800000, 0x0000000758a00000, 0x0000000758a00000|100%| O|  |TAMS 0x0000000758a00000, 0x0000000758800000| Untracked 
| 197|0x0000000758a00000, 0x0000000758c00000, 0x0000000758c00000|100%| O|  |TAMS 0x0000000758c00000, 0x0000000758a00000| Untracked 
| 198|0x0000000758c00000, 0x0000000758e00000, 0x0000000758e00000|100%| O|  |TAMS 0x0000000758e00000, 0x0000000758c00000| Untracked 
| 199|0x0000000758e00000, 0x0000000759000000, 0x0000000759000000|100%| O|  |TAMS 0x0000000759000000, 0x0000000758e00000| Untracked 
| 200|0x0000000759000000, 0x0000000759200000, 0x0000000759200000|100%| O|  |TAMS 0x0000000759200000, 0x0000000759000000| Untracked 
| 201|0x0000000759200000, 0x0000000759400000, 0x0000000759400000|100%| O|  |TAMS 0x0000000759400000, 0x0000000759200000| Untracked 
| 202|0x0000000759400000, 0x0000000759600000, 0x0000000759600000|100%| O|  |TAMS 0x0000000759600000, 0x0000000759400000| Untracked 
| 203|0x0000000759600000, 0x0000000759800000, 0x0000000759800000|100%| O|  |TAMS 0x0000000759800000, 0x0000000759600000| Untracked 
| 204|0x0000000759800000, 0x0000000759a00000, 0x0000000759a00000|100%| O|  |TAMS 0x00000007599d3000, 0x0000000759800000| Untracked 
| 205|0x0000000759a00000, 0x0000000759c00000, 0x0000000759c00000|100%| O|  |TAMS 0x0000000759a00000, 0x0000000759a00000| Untracked 
| 206|0x0000000759c00000, 0x0000000759e00000, 0x0000000759e00000|100%| O|  |TAMS 0x0000000759c00000, 0x0000000759c00000| Untracked 
| 207|0x0000000759e00000, 0x000000075a000000, 0x000000075a000000|100%| O|  |TAMS 0x0000000759e00000, 0x0000000759e00000| Untracked 
| 208|0x000000075a000000, 0x000000075a200000, 0x000000075a200000|100%| O|  |TAMS 0x000000075a000000, 0x000000075a000000| Untracked 
| 209|0x000000075a200000, 0x000000075a400000, 0x000000075a400000|100%| O|  |TAMS 0x000000075a200000, 0x000000075a200000| Untracked 
| 210|0x000000075a400000, 0x000000075a600000, 0x000000075a600000|100%| O|  |TAMS 0x000000075a400000, 0x000000075a400000| Untracked 
| 211|0x000000075a600000, 0x000000075a800000, 0x000000075a800000|100%| O|  |TAMS 0x000000075a600000, 0x000000075a600000| Untracked 
| 212|0x000000075a800000, 0x000000075aa00000, 0x000000075aa00000|100%| O|  |TAMS 0x000000075a800000, 0x000000075a800000| Untracked 
| 213|0x000000075aa00000, 0x000000075ac00000, 0x000000075ac00000|100%| O|  |TAMS 0x000000075aa00000, 0x000000075aa00000| Untracked 
| 214|0x000000075ac00000, 0x000000075ae00000, 0x000000075ae00000|100%| O|  |TAMS 0x000000075ac00000, 0x000000075ac00000| Untracked 
| 215|0x000000075ae00000, 0x000000075b000000, 0x000000075b000000|100%| O|  |TAMS 0x000000075ae00000, 0x000000075ae00000| Untracked 
| 216|0x000000075b000000, 0x000000075b200000, 0x000000075b200000|100%| O|  |TAMS 0x000000075b000000, 0x000000075b000000| Untracked 
| 217|0x000000075b200000, 0x000000075b400000, 0x000000075b400000|100%| O|  |TAMS 0x000000075b200000, 0x000000075b200000| Untracked 
| 218|0x000000075b400000, 0x000000075b600000, 0x000000075b600000|100%| O|  |TAMS 0x000000075b400000, 0x000000075b400000| Untracked 
| 219|0x000000075b600000, 0x000000075b800000, 0x000000075b800000|100%| O|  |TAMS 0x000000075b600000, 0x000000075b600000| Untracked 
| 220|0x000000075b800000, 0x000000075b800000, 0x000000075ba00000|  0%| F|  |TAMS 0x000000075b800000, 0x000000075b800000| Untracked 
| 221|0x000000075ba00000, 0x000000075bc00000, 0x000000075bc00000|100%| O|  |TAMS 0x000000075ba00000, 0x000000075ba00000| Untracked 
| 222|0x000000075bc00000, 0x000000075be00000, 0x000000075be00000|100%| O|  |TAMS 0x000000075bc00000, 0x000000075bc00000| Untracked 
| 223|0x000000075be00000, 0x000000075c000000, 0x000000075c000000|100%| O|  |TAMS 0x000000075be00000, 0x000000075be00000| Untracked 
| 224|0x000000075c000000, 0x000000075c200000, 0x000000075c200000|100%| O|  |TAMS 0x000000075c000000, 0x000000075c000000| Untracked 
| 225|0x000000075c200000, 0x000000075c400000, 0x000000075c400000|100%| O|  |TAMS 0x000000075c200000, 0x000000075c200000| Untracked 
| 226|0x000000075c400000, 0x000000075c600000, 0x000000075c600000|100%| O|  |TAMS 0x000000075c400000, 0x000000075c400000| Untracked 
| 227|0x000000075c600000, 0x000000075c800000, 0x000000075c800000|100%| O|  |TAMS 0x000000075c600000, 0x000000075c600000| Untracked 
| 228|0x000000075c800000, 0x000000075ca00000, 0x000000075ca00000|100%| O|  |TAMS 0x000000075c800000, 0x000000075c800000| Untracked 
| 229|0x000000075ca00000, 0x000000075ca00000, 0x000000075cc00000|  0%| F|  |TAMS 0x000000075ca00000, 0x000000075ca00000| Untracked 
| 230|0x000000075cc00000, 0x000000075cc00000, 0x000000075ce00000|  0%| F|  |TAMS 0x000000075cc00000, 0x000000075cc00000| Untracked 
| 231|0x000000075ce00000, 0x000000075ce00000, 0x000000075d000000|  0%| F|  |TAMS 0x000000075ce00000, 0x000000075ce00000| Untracked 
| 232|0x000000075d000000, 0x000000075d000000, 0x000000075d200000|  0%| F|  |TAMS 0x000000075d000000, 0x000000075d000000| Untracked 
| 233|0x000000075d200000, 0x000000075d200000, 0x000000075d400000|  0%| F|  |TAMS 0x000000075d200000, 0x000000075d200000| Untracked 
| 234|0x000000075d400000, 0x000000075d400000, 0x000000075d600000|  0%| F|  |TAMS 0x000000075d400000, 0x000000075d400000| Untracked 
| 235|0x000000075d600000, 0x000000075d600000, 0x000000075d800000|  0%| F|  |TAMS 0x000000075d600000, 0x000000075d600000| Untracked 
| 236|0x000000075d800000, 0x000000075d800000, 0x000000075da00000|  0%| F|  |TAMS 0x000000075d800000, 0x000000075d800000| Untracked 
| 237|0x000000075da00000, 0x000000075da00000, 0x000000075dc00000|  0%| F|  |TAMS 0x000000075da00000, 0x000000075da00000| Untracked 
| 238|0x000000075dc00000, 0x000000075dc00000, 0x000000075de00000|  0%| F|  |TAMS 0x000000075dc00000, 0x000000075dc00000| Untracked 
| 239|0x000000075de00000, 0x000000075de00000, 0x000000075e000000|  0%| F|  |TAMS 0x000000075de00000, 0x000000075de00000| Untracked 
| 240|0x000000075e000000, 0x000000075e000000, 0x000000075e200000|  0%| F|  |TAMS 0x000000075e000000, 0x000000075e000000| Untracked 
| 241|0x000000075e200000, 0x000000075e200000, 0x000000075e400000|  0%| F|  |TAMS 0x000000075e200000, 0x000000075e200000| Untracked 
| 242|0x000000075e400000, 0x000000075e400000, 0x000000075e600000|  0%| F|  |TAMS 0x000000075e400000, 0x000000075e400000| Untracked 
| 243|0x000000075e600000, 0x000000075e600000, 0x000000075e800000|  0%| F|  |TAMS 0x000000075e600000, 0x000000075e600000| Untracked 
| 244|0x000000075e800000, 0x000000075e800000, 0x000000075ea00000|  0%| F|  |TAMS 0x000000075e800000, 0x000000075e800000| Untracked 
| 245|0x000000075ea00000, 0x000000075ea00000, 0x000000075ec00000|  0%| F|  |TAMS 0x000000075ea00000, 0x000000075ea00000| Untracked 
| 246|0x000000075ec00000, 0x000000075ec00000, 0x000000075ee00000|  0%| F|  |TAMS 0x000000075ec00000, 0x000000075ec00000| Untracked 
| 247|0x000000075ee00000, 0x000000075ee00000, 0x000000075f000000|  0%| F|  |TAMS 0x000000075ee00000, 0x000000075ee00000| Untracked 
| 248|0x000000075f000000, 0x000000075f000000, 0x000000075f200000|  0%| F|  |TAMS 0x000000075f000000, 0x000000075f000000| Untracked 
| 249|0x000000075f200000, 0x000000075f200000, 0x000000075f400000|  0%| F|  |TAMS 0x000000075f200000, 0x000000075f200000| Untracked 
| 250|0x000000075f400000, 0x000000075f400000, 0x000000075f600000|  0%| F|  |TAMS 0x000000075f400000, 0x000000075f400000| Untracked 
| 251|0x000000075f600000, 0x000000075f600000, 0x000000075f800000|  0%| F|  |TAMS 0x000000075f600000, 0x000000075f600000| Untracked 
| 252|0x000000075f800000, 0x000000075f800000, 0x000000075fa00000|  0%| F|  |TAMS 0x000000075f800000, 0x000000075f800000| Untracked 
| 253|0x000000075fa00000, 0x000000075fa00000, 0x000000075fc00000|  0%| F|  |TAMS 0x000000075fa00000, 0x000000075fa00000| Untracked 
| 254|0x000000075fc00000, 0x000000075fc00000, 0x000000075fe00000|  0%| F|  |TAMS 0x000000075fc00000, 0x000000075fc00000| Untracked 
| 255|0x000000075fe00000, 0x000000075fe00000, 0x0000000760000000|  0%| F|  |TAMS 0x000000075fe00000, 0x000000075fe00000| Untracked 
| 256|0x0000000760000000, 0x0000000760000000, 0x0000000760200000|  0%| F|  |TAMS 0x0000000760000000, 0x0000000760000000| Untracked 
| 257|0x0000000760200000, 0x0000000760200000, 0x0000000760400000|  0%| F|  |TAMS 0x0000000760200000, 0x0000000760200000| Untracked 
| 258|0x0000000760400000, 0x0000000760400000, 0x0000000760600000|  0%| F|  |TAMS 0x0000000760400000, 0x0000000760400000| Untracked 
| 259|0x0000000760600000, 0x0000000760600000, 0x0000000760800000|  0%| F|  |TAMS 0x0000000760600000, 0x0000000760600000| Untracked 
| 260|0x0000000760800000, 0x0000000760800000, 0x0000000760a00000|  0%| F|  |TAMS 0x0000000760800000, 0x0000000760800000| Untracked 
| 261|0x0000000760a00000, 0x0000000760a00000, 0x0000000760c00000|  0%| F|  |TAMS 0x0000000760a00000, 0x0000000760a00000| Untracked 
| 262|0x0000000760c00000, 0x0000000760c00000, 0x0000000760e00000|  0%| F|  |TAMS 0x0000000760c00000, 0x0000000760c00000| Untracked 
| 263|0x0000000760e00000, 0x0000000760e00000, 0x0000000761000000|  0%| F|  |TAMS 0x0000000760e00000, 0x0000000760e00000| Untracked 
| 264|0x0000000761000000, 0x0000000761000000, 0x0000000761200000|  0%| F|  |TAMS 0x0000000761000000, 0x0000000761000000| Untracked 
| 265|0x0000000761200000, 0x0000000761200000, 0x0000000761400000|  0%| F|  |TAMS 0x0000000761200000, 0x0000000761200000| Untracked 
| 266|0x0000000761400000, 0x0000000761400000, 0x0000000761600000|  0%| F|  |TAMS 0x0000000761400000, 0x0000000761400000| Untracked 
| 267|0x0000000761600000, 0x0000000761600000, 0x0000000761800000|  0%| F|  |TAMS 0x0000000761600000, 0x0000000761600000| Untracked 
| 268|0x0000000761800000, 0x0000000761800000, 0x0000000761a00000|  0%| F|  |TAMS 0x0000000761800000, 0x0000000761800000| Untracked 
| 269|0x0000000761a00000, 0x0000000761a00000, 0x0000000761c00000|  0%| F|  |TAMS 0x0000000761a00000, 0x0000000761a00000| Untracked 
| 270|0x0000000761c00000, 0x0000000761c00000, 0x0000000761e00000|  0%| F|  |TAMS 0x0000000761c00000, 0x0000000761c00000| Untracked 
| 271|0x0000000761e00000, 0x0000000761e00000, 0x0000000762000000|  0%| F|  |TAMS 0x0000000761e00000, 0x0000000761e00000| Untracked 
| 272|0x0000000762000000, 0x0000000762000000, 0x0000000762200000|  0%| F|  |TAMS 0x0000000762000000, 0x0000000762000000| Untracked 
| 273|0x0000000762200000, 0x0000000762200000, 0x0000000762400000|  0%| F|  |TAMS 0x0000000762200000, 0x0000000762200000| Untracked 
| 274|0x0000000762400000, 0x0000000762400000, 0x0000000762600000|  0%| F|  |TAMS 0x0000000762400000, 0x0000000762400000| Untracked 
| 275|0x0000000762600000, 0x0000000762600000, 0x0000000762800000|  0%| F|  |TAMS 0x0000000762600000, 0x0000000762600000| Untracked 
| 276|0x0000000762800000, 0x0000000762800000, 0x0000000762a00000|  0%| F|  |TAMS 0x0000000762800000, 0x0000000762800000| Untracked 
| 277|0x0000000762a00000, 0x0000000762a00000, 0x0000000762c00000|  0%| F|  |TAMS 0x0000000762a00000, 0x0000000762a00000| Untracked 
| 278|0x0000000762c00000, 0x0000000762c00000, 0x0000000762e00000|  0%| F|  |TAMS 0x0000000762c00000, 0x0000000762c00000| Untracked 
| 279|0x0000000762e00000, 0x0000000762e00000, 0x0000000763000000|  0%| F|  |TAMS 0x0000000762e00000, 0x0000000762e00000| Untracked 
| 280|0x0000000763000000, 0x0000000763000000, 0x0000000763200000|  0%| F|  |TAMS 0x0000000763000000, 0x0000000763000000| Untracked 
| 281|0x0000000763200000, 0x0000000763200000, 0x0000000763400000|  0%| F|  |TAMS 0x0000000763200000, 0x0000000763200000| Untracked 
| 282|0x0000000763400000, 0x0000000763400000, 0x0000000763600000|  0%| F|  |TAMS 0x0000000763400000, 0x0000000763400000| Untracked 
| 283|0x0000000763600000, 0x0000000763600000, 0x0000000763800000|  0%| F|  |TAMS 0x0000000763600000, 0x0000000763600000| Untracked 
| 284|0x0000000763800000, 0x0000000763800000, 0x0000000763a00000|  0%| F|  |TAMS 0x0000000763800000, 0x0000000763800000| Untracked 
| 285|0x0000000763a00000, 0x0000000763a00000, 0x0000000763c00000|  0%| F|  |TAMS 0x0000000763a00000, 0x0000000763a00000| Untracked 
| 286|0x0000000763c00000, 0x0000000763c00000, 0x0000000763e00000|  0%| F|  |TAMS 0x0000000763c00000, 0x0000000763c00000| Untracked 
| 287|0x0000000763e00000, 0x0000000763e00000, 0x0000000764000000|  0%| F|  |TAMS 0x0000000763e00000, 0x0000000763e00000| Untracked 
| 288|0x0000000764000000, 0x0000000764000000, 0x0000000764200000|  0%| F|  |TAMS 0x0000000764000000, 0x0000000764000000| Untracked 
| 289|0x0000000764200000, 0x0000000764200000, 0x0000000764400000|  0%| F|  |TAMS 0x0000000764200000, 0x0000000764200000| Untracked 
| 290|0x0000000764400000, 0x0000000764400000, 0x0000000764600000|  0%| F|  |TAMS 0x0000000764400000, 0x0000000764400000| Untracked 
| 291|0x0000000764600000, 0x0000000764600000, 0x0000000764800000|  0%| F|  |TAMS 0x0000000764600000, 0x0000000764600000| Untracked 
| 292|0x0000000764800000, 0x0000000764800000, 0x0000000764a00000|  0%| F|  |TAMS 0x0000000764800000, 0x0000000764800000| Untracked 
| 293|0x0000000764a00000, 0x0000000764a00000, 0x0000000764c00000|  0%| F|  |TAMS 0x0000000764a00000, 0x0000000764a00000| Untracked 
| 294|0x0000000764c00000, 0x0000000764c00000, 0x0000000764e00000|  0%| F|  |TAMS 0x0000000764c00000, 0x0000000764c00000| Untracked 
| 295|0x0000000764e00000, 0x0000000764e00000, 0x0000000765000000|  0%| F|  |TAMS 0x0000000764e00000, 0x0000000764e00000| Untracked 
| 296|0x0000000765000000, 0x0000000765000000, 0x0000000765200000|  0%| F|  |TAMS 0x0000000765000000, 0x0000000765000000| Untracked 
| 297|0x0000000765200000, 0x0000000765200000, 0x0000000765400000|  0%| F|  |TAMS 0x0000000765200000, 0x0000000765200000| Untracked 
| 298|0x0000000765400000, 0x0000000765400000, 0x0000000765600000|  0%| F|  |TAMS 0x0000000765400000, 0x0000000765400000| Untracked 
| 299|0x0000000765600000, 0x0000000765600000, 0x0000000765800000|  0%| F|  |TAMS 0x0000000765600000, 0x0000000765600000| Untracked 
| 300|0x0000000765800000, 0x0000000765800000, 0x0000000765a00000|  0%| F|  |TAMS 0x0000000765800000, 0x0000000765800000| Untracked 
| 301|0x0000000765a00000, 0x0000000765a00000, 0x0000000765c00000|  0%| F|  |TAMS 0x0000000765a00000, 0x0000000765a00000| Untracked 
| 302|0x0000000765c00000, 0x0000000765c00000, 0x0000000765e00000|  0%| F|  |TAMS 0x0000000765c00000, 0x0000000765c00000| Untracked 
| 303|0x0000000765e00000, 0x0000000765e00000, 0x0000000766000000|  0%| F|  |TAMS 0x0000000765e00000, 0x0000000765e00000| Untracked 
| 304|0x0000000766000000, 0x0000000766000000, 0x0000000766200000|  0%| F|  |TAMS 0x0000000766000000, 0x0000000766000000| Untracked 
| 305|0x0000000766200000, 0x0000000766200000, 0x0000000766400000|  0%| F|  |TAMS 0x0000000766200000, 0x0000000766200000| Untracked 
| 306|0x0000000766400000, 0x0000000766400000, 0x0000000766600000|  0%| F|  |TAMS 0x0000000766400000, 0x0000000766400000| Untracked 
| 307|0x0000000766600000, 0x0000000766600000, 0x0000000766800000|  0%| F|  |TAMS 0x0000000766600000, 0x0000000766600000| Untracked 
| 308|0x0000000766800000, 0x0000000766800000, 0x0000000766a00000|  0%| F|  |TAMS 0x0000000766800000, 0x0000000766800000| Untracked 
| 309|0x0000000766a00000, 0x0000000766b44068, 0x0000000766c00000| 63%| S|CS|TAMS 0x0000000766a00000, 0x0000000766a00000| Complete 
| 310|0x0000000766c00000, 0x0000000766e00000, 0x0000000766e00000|100%| S|CS|TAMS 0x0000000766c00000, 0x0000000766c00000| Complete 
| 311|0x0000000766e00000, 0x0000000767000000, 0x0000000767000000|100%| S|CS|TAMS 0x0000000766e00000, 0x0000000766e00000| Complete 
| 312|0x0000000767000000, 0x0000000767200000, 0x0000000767200000|100%| S|CS|TAMS 0x0000000767000000, 0x0000000767000000| Complete 
| 313|0x0000000767200000, 0x0000000767400000, 0x0000000767400000|100%| S|CS|TAMS 0x0000000767200000, 0x0000000767200000| Complete 
| 314|0x0000000767400000, 0x0000000767400000, 0x0000000767600000|  0%| F|  |TAMS 0x0000000767400000, 0x0000000767400000| Untracked 
| 315|0x0000000767600000, 0x0000000767600000, 0x0000000767800000|  0%| F|  |TAMS 0x0000000767600000, 0x0000000767600000| Untracked 
| 316|0x0000000767800000, 0x0000000767800000, 0x0000000767a00000|  0%| F|  |TAMS 0x0000000767800000, 0x0000000767800000| Untracked 
| 317|0x0000000767a00000, 0x0000000767a00000, 0x0000000767c00000|  0%| F|  |TAMS 0x0000000767a00000, 0x0000000767a00000| Untracked 
| 318|0x0000000767c00000, 0x0000000767c00000, 0x0000000767e00000|  0%| F|  |TAMS 0x0000000767c00000, 0x0000000767c00000| Untracked 
| 319|0x0000000767e00000, 0x0000000767e00000, 0x0000000768000000|  0%| F|  |TAMS 0x0000000767e00000, 0x0000000767e00000| Untracked 
| 320|0x0000000768000000, 0x0000000768000000, 0x0000000768200000|  0%| F|  |TAMS 0x0000000768000000, 0x0000000768000000| Untracked 
| 321|0x0000000768200000, 0x0000000768200000, 0x0000000768400000|  0%| F|  |TAMS 0x0000000768200000, 0x0000000768200000| Untracked 
| 322|0x0000000768400000, 0x0000000768400000, 0x0000000768600000|  0%| F|  |TAMS 0x0000000768400000, 0x0000000768400000| Untracked 
| 323|0x0000000768600000, 0x0000000768600000, 0x0000000768800000|  0%| F|  |TAMS 0x0000000768600000, 0x0000000768600000| Untracked 
| 324|0x0000000768800000, 0x0000000768800000, 0x0000000768a00000|  0%| F|  |TAMS 0x0000000768800000, 0x0000000768800000| Untracked 
| 325|0x0000000768a00000, 0x0000000768a00000, 0x0000000768c00000|  0%| F|  |TAMS 0x0000000768a00000, 0x0000000768a00000| Untracked 
| 326|0x0000000768c00000, 0x0000000768c00000, 0x0000000768e00000|  0%| F|  |TAMS 0x0000000768c00000, 0x0000000768c00000| Untracked 
| 327|0x0000000768e00000, 0x0000000768e00000, 0x0000000769000000|  0%| F|  |TAMS 0x0000000768e00000, 0x0000000768e00000| Untracked 
| 328|0x0000000769000000, 0x0000000769000000, 0x0000000769200000|  0%| F|  |TAMS 0x0000000769000000, 0x0000000769000000| Untracked 
| 329|0x0000000769200000, 0x0000000769200000, 0x0000000769400000|  0%| F|  |TAMS 0x0000000769200000, 0x0000000769200000| Untracked 
| 330|0x0000000769400000, 0x0000000769400000, 0x0000000769600000|  0%| F|  |TAMS 0x0000000769400000, 0x0000000769400000| Untracked 
| 331|0x0000000769600000, 0x0000000769600000, 0x0000000769800000|  0%| F|  |TAMS 0x0000000769600000, 0x0000000769600000| Untracked 
| 332|0x0000000769800000, 0x0000000769800000, 0x0000000769a00000|  0%| F|  |TAMS 0x0000000769800000, 0x0000000769800000| Untracked 
| 333|0x0000000769a00000, 0x0000000769a00000, 0x0000000769c00000|  0%| F|  |TAMS 0x0000000769a00000, 0x0000000769a00000| Untracked 
| 334|0x0000000769c00000, 0x0000000769c00000, 0x0000000769e00000|  0%| F|  |TAMS 0x0000000769c00000, 0x0000000769c00000| Untracked 
| 335|0x0000000769e00000, 0x0000000769e00000, 0x000000076a000000|  0%| F|  |TAMS 0x0000000769e00000, 0x0000000769e00000| Untracked 
| 336|0x000000076a000000, 0x000000076a000000, 0x000000076a200000|  0%| F|  |TAMS 0x000000076a000000, 0x000000076a000000| Untracked 
| 337|0x000000076a200000, 0x000000076a200000, 0x000000076a400000|  0%| F|  |TAMS 0x000000076a200000, 0x000000076a200000| Untracked 
| 338|0x000000076a400000, 0x000000076a400000, 0x000000076a600000|  0%| F|  |TAMS 0x000000076a400000, 0x000000076a400000| Untracked 
| 339|0x000000076a600000, 0x000000076a600000, 0x000000076a800000|  0%| F|  |TAMS 0x000000076a600000, 0x000000076a600000| Untracked 
| 340|0x000000076a800000, 0x000000076a800000, 0x000000076aa00000|  0%| F|  |TAMS 0x000000076a800000, 0x000000076a800000| Untracked 
| 341|0x000000076aa00000, 0x000000076aa00000, 0x000000076ac00000|  0%| F|  |TAMS 0x000000076aa00000, 0x000000076aa00000| Untracked 
| 342|0x000000076ac00000, 0x000000076ac00000, 0x000000076ae00000|  0%| F|  |TAMS 0x000000076ac00000, 0x000000076ac00000| Untracked 
| 343|0x000000076ae00000, 0x000000076ae00000, 0x000000076b000000|  0%| F|  |TAMS 0x000000076ae00000, 0x000000076ae00000| Untracked 
| 344|0x000000076b000000, 0x000000076b000000, 0x000000076b200000|  0%| F|  |TAMS 0x000000076b000000, 0x000000076b000000| Untracked 
| 345|0x000000076b200000, 0x000000076b200000, 0x000000076b400000|  0%| F|  |TAMS 0x000000076b200000, 0x000000076b200000| Untracked 
| 346|0x000000076b400000, 0x000000076b400000, 0x000000076b600000|  0%| F|  |TAMS 0x000000076b400000, 0x000000076b400000| Untracked 
| 347|0x000000076b600000, 0x000000076b600000, 0x000000076b800000|  0%| F|  |TAMS 0x000000076b600000, 0x000000076b600000| Untracked 
| 348|0x000000076b800000, 0x000000076b800000, 0x000000076ba00000|  0%| F|  |TAMS 0x000000076b800000, 0x000000076b800000| Untracked 
| 349|0x000000076ba00000, 0x000000076ba00000, 0x000000076bc00000|  0%| F|  |TAMS 0x000000076ba00000, 0x000000076ba00000| Untracked 
| 350|0x000000076bc00000, 0x000000076bc00000, 0x000000076be00000|  0%| F|  |TAMS 0x000000076bc00000, 0x000000076bc00000| Untracked 
| 351|0x000000076be00000, 0x000000076be00000, 0x000000076c000000|  0%| F|  |TAMS 0x000000076be00000, 0x000000076be00000| Untracked 
| 352|0x000000076c000000, 0x000000076c000000, 0x000000076c200000|  0%| F|  |TAMS 0x000000076c000000, 0x000000076c000000| Untracked 
| 353|0x000000076c200000, 0x000000076c200000, 0x000000076c400000|  0%| F|  |TAMS 0x000000076c200000, 0x000000076c200000| Untracked 
| 354|0x000000076c400000, 0x000000076c400000, 0x000000076c600000|  0%| F|  |TAMS 0x000000076c400000, 0x000000076c400000| Untracked 
| 355|0x000000076c600000, 0x000000076c600000, 0x000000076c800000|  0%| F|  |TAMS 0x000000076c600000, 0x000000076c600000| Untracked 
| 356|0x000000076c800000, 0x000000076c800000, 0x000000076ca00000|  0%| F|  |TAMS 0x000000076c800000, 0x000000076c800000| Untracked 
| 357|0x000000076ca00000, 0x000000076ca00000, 0x000000076cc00000|  0%| F|  |TAMS 0x000000076ca00000, 0x000000076ca00000| Untracked 
| 358|0x000000076cc00000, 0x000000076cc00000, 0x000000076ce00000|  0%| F|  |TAMS 0x000000076cc00000, 0x000000076cc00000| Untracked 
| 359|0x000000076ce00000, 0x000000076ce00000, 0x000000076d000000|  0%| F|  |TAMS 0x000000076ce00000, 0x000000076ce00000| Untracked 
| 360|0x000000076d000000, 0x000000076d000000, 0x000000076d200000|  0%| F|  |TAMS 0x000000076d000000, 0x000000076d000000| Untracked 
| 361|0x000000076d200000, 0x000000076d200000, 0x000000076d400000|  0%| F|  |TAMS 0x000000076d200000, 0x000000076d200000| Untracked 
| 362|0x000000076d400000, 0x000000076d400000, 0x000000076d600000|  0%| F|  |TAMS 0x000000076d400000, 0x000000076d400000| Untracked 
| 363|0x000000076d600000, 0x000000076d600000, 0x000000076d800000|  0%| F|  |TAMS 0x000000076d600000, 0x000000076d600000| Untracked 
| 364|0x000000076d800000, 0x000000076d800000, 0x000000076da00000|  0%| F|  |TAMS 0x000000076d800000, 0x000000076d800000| Untracked 
| 365|0x000000076da00000, 0x000000076da00000, 0x000000076dc00000|  0%| F|  |TAMS 0x000000076da00000, 0x000000076da00000| Untracked 
| 366|0x000000076dc00000, 0x000000076dc00000, 0x000000076de00000|  0%| F|  |TAMS 0x000000076dc00000, 0x000000076dc00000| Untracked 
| 367|0x000000076de00000, 0x000000076de00000, 0x000000076e000000|  0%| F|  |TAMS 0x000000076de00000, 0x000000076de00000| Untracked 
| 368|0x000000076e000000, 0x000000076e000000, 0x000000076e200000|  0%| F|  |TAMS 0x000000076e000000, 0x000000076e000000| Untracked 
| 369|0x000000076e200000, 0x000000076e200000, 0x000000076e400000|  0%| F|  |TAMS 0x000000076e200000, 0x000000076e200000| Untracked 
| 370|0x000000076e400000, 0x000000076e400000, 0x000000076e600000|  0%| F|  |TAMS 0x000000076e400000, 0x000000076e400000| Untracked 
| 371|0x000000076e600000, 0x000000076e600000, 0x000000076e800000|  0%| F|  |TAMS 0x000000076e600000, 0x000000076e600000| Untracked 
| 372|0x000000076e800000, 0x000000076e800000, 0x000000076ea00000|  0%| F|  |TAMS 0x000000076e800000, 0x000000076e800000| Untracked 
| 373|0x000000076ea00000, 0x000000076ea00000, 0x000000076ec00000|  0%| F|  |TAMS 0x000000076ea00000, 0x000000076ea00000| Untracked 
| 374|0x000000076ec00000, 0x000000076ec00000, 0x000000076ee00000|  0%| F|  |TAMS 0x000000076ec00000, 0x000000076ec00000| Untracked 
| 375|0x000000076ee00000, 0x000000076ee00000, 0x000000076f000000|  0%| F|  |TAMS 0x000000076ee00000, 0x000000076ee00000| Untracked 
| 376|0x000000076f000000, 0x000000076f000000, 0x000000076f200000|  0%| F|  |TAMS 0x000000076f000000, 0x000000076f000000| Untracked 
| 377|0x000000076f200000, 0x000000076f200000, 0x000000076f400000|  0%| F|  |TAMS 0x000000076f200000, 0x000000076f200000| Untracked 
| 378|0x000000076f400000, 0x000000076f400000, 0x000000076f600000|  0%| F|  |TAMS 0x000000076f400000, 0x000000076f400000| Untracked 
| 379|0x000000076f600000, 0x000000076f600000, 0x000000076f800000|  0%| F|  |TAMS 0x000000076f600000, 0x000000076f600000| Untracked 
| 380|0x000000076f800000, 0x000000076f800000, 0x000000076fa00000|  0%| F|  |TAMS 0x000000076f800000, 0x000000076f800000| Untracked 
| 381|0x000000076fa00000, 0x000000076fa00000, 0x000000076fc00000|  0%| F|  |TAMS 0x000000076fa00000, 0x000000076fa00000| Untracked 
| 382|0x000000076fc00000, 0x000000076fc00000, 0x000000076fe00000|  0%| F|  |TAMS 0x000000076fc00000, 0x000000076fc00000| Untracked 
| 383|0x000000076fe00000, 0x000000076fe00000, 0x0000000770000000|  0%| F|  |TAMS 0x000000076fe00000, 0x000000076fe00000| Untracked 
| 384|0x0000000770000000, 0x0000000770000000, 0x0000000770200000|  0%| F|  |TAMS 0x0000000770000000, 0x0000000770000000| Untracked 
| 385|0x0000000770200000, 0x0000000770200000, 0x0000000770400000|  0%| F|  |TAMS 0x0000000770200000, 0x0000000770200000| Untracked 
| 386|0x0000000770400000, 0x0000000770400000, 0x0000000770600000|  0%| F|  |TAMS 0x0000000770400000, 0x0000000770400000| Untracked 
| 387|0x0000000770600000, 0x0000000770600000, 0x0000000770800000|  0%| F|  |TAMS 0x0000000770600000, 0x0000000770600000| Untracked 
| 388|0x0000000770800000, 0x0000000770800000, 0x0000000770a00000|  0%| F|  |TAMS 0x0000000770800000, 0x0000000770800000| Untracked 
| 389|0x0000000770a00000, 0x0000000770a00000, 0x0000000770c00000|  0%| F|  |TAMS 0x0000000770a00000, 0x0000000770a00000| Untracked 
| 390|0x0000000770c00000, 0x0000000770c00000, 0x0000000770e00000|  0%| F|  |TAMS 0x0000000770c00000, 0x0000000770c00000| Untracked 
| 391|0x0000000770e00000, 0x0000000770e00000, 0x0000000771000000|  0%| F|  |TAMS 0x0000000770e00000, 0x0000000770e00000| Untracked 

Card table byte_map: [0x0000022b53dc0000,0x0000022b543c0000] _byte_map_base: 0x0000022b503c0000

Marking Bits (Prev, Next): (CMBitMap*) 0x0000022b3c9b2d10, (CMBitMap*) 0x0000022b3c9b2d50
 Prev Bits: [0x0000022b549c0000, 0x0000022b579c0000)
 Next Bits: [0x0000022b579c0000, 0x0000022b5a9c0000)

Polling page: 0x0000022b3a8a0000

Metaspace:

Usage:
  Non-class:    118.84 MB used.
      Class:     19.34 MB used.
       Both:    138.17 MB used.

Virtual space:
  Non-class space:      128.00 MB reserved,     119.75 MB ( 94%) committed,  2 nodes.
      Class space:      320.00 MB reserved,      20.12 MB (  6%) committed,  1 nodes.
             Both:      448.00 MB reserved,     139.88 MB ( 31%) committed. 

Chunk freelists:
   Non-Class:  8.25 MB
       Class:  11.70 MB
        Both:  19.95 MB

MaxMetaspaceSize: 384.00 MB
CompressedClassSpaceSize: 320.00 MB
Initial GC threshold: 21.00 MB
Current GC threshold: 232.19 MB
CDS: on
MetaspaceReclaimPolicy: balanced
 - commit_granule_bytes: 65536.
 - commit_granule_words: 8192.
 - virtual_space_node_default_size: 8388608.
 - enlarge_chunks_in_place: 1.
 - new_chunks_are_fully_committed: 0.
 - uncommit_free_chunks: 1.
 - use_allocation_guard: 0.
 - handle_deallocations: 1.


Internal statistics:

num_allocs_failed_limit: 12.
num_arena_births: 2530.
num_arena_deaths: 16.
num_vsnodes_births: 3.
num_vsnodes_deaths: 0.
num_space_committed: 2237.
num_space_uncommitted: 0.
num_chunks_returned_to_freelist: 38.
num_chunks_taken_from_freelist: 9102.
num_chunk_merges: 22.
num_chunk_splits: 5741.
num_chunks_enlarged: 3484.
num_inconsistent_stats: 0.

CodeHeap 'non-profiled nmethods': size=120000Kb used=15922Kb max_used=15922Kb free=104077Kb
 bounds [0x0000022b4bd40000, 0x0000022b4ccd0000, 0x0000022b53270000]
CodeHeap 'profiled nmethods': size=120000Kb used=35589Kb max_used=35596Kb free=84410Kb
 bounds [0x0000022b44270000, 0x0000022b46540000, 0x0000022b4b7a0000]
CodeHeap 'non-nmethods': size=5760Kb used=2520Kb max_used=2598Kb free=3239Kb
 bounds [0x0000022b4b7a0000, 0x0000022b4ba40000, 0x0000022b4bd40000]
 total_blobs=20338 nmethods=19265 adapters=983
 compilation: enabled
              stopped_count=0, restarted_count=0
 full_count=0

Compilation events (20 events):
Event: 52.811 Thread 0x0000022b5d6a02e0 nmethod 23529 0x0000022b4ccb6a90 code [0x0000022b4ccb6c80, 0x0000022b4ccb89b8]
Event: 52.812 Thread 0x0000022b5d6a02e0 23527       4       com.android.tools.r8.internal.L10::a (258 bytes)
Event: 52.817 Thread 0x0000022b5d6a02e0 nmethod 23527 0x0000022b4ccb9490 code [0x0000022b4ccb9640, 0x0000022b4ccb9ba8]
Event: 52.817 Thread 0x0000022b5d6a02e0 23556 %     4       java.util.TimSort::mergeHi @ 191 (732 bytes)
Event: 52.820 Thread 0x0000022b7ba19ba0 nmethod 23209 0x0000022b4ccb9f90 code [0x0000022b4ccba3e0, 0x0000022b4ccbfc90]
Event: 52.820 Thread 0x0000022b7ba19ba0 23555       4       com.android.tools.r8.utils.structural.A::a (20 bytes)
Event: 52.824 Thread 0x0000022b7ba19ba0 nmethod 23555 0x0000022b4ccc3710 code [0x0000022b4ccc38c0, 0x0000022b4ccc3bf8]
Event: 52.824 Thread 0x0000022b7ba19ba0 23544       4       com.android.tools.r8.graph.u5::a (200 bytes)
Event: 52.829 Thread 0x0000022b053c6e50 nmethod 23551 0x0000022b4ccc3f10 code [0x0000022b4ccc4100, 0x0000022b4ccc5c18]
Event: 52.829 Thread 0x0000022b053c6e50 23545       4       com.android.tools.r8.graph.v5$$Lambda$3250/0x0000022b603b3ce8::applyAsInt (12 bytes)
Event: 52.831 Thread 0x0000022b053c6e50 nmethod 23545 0x0000022b4ccc6810 code [0x0000022b4ccc69c0, 0x0000022b4ccc6cc8]
Event: 52.831 Thread 0x0000022b053c6e50 23565 %     4       java.util.TimSort::mergeLo @ 153 (659 bytes)
Event: 52.834 Thread 0x0000022b5d6a02e0 nmethod 23556% 0x0000022b4ccc6f90 code [0x0000022b4ccc7180, 0x0000022b4ccc88d8]
Event: 52.834 Thread 0x0000022b5d6a02e0 23526       4       com.android.tools.r8.graph.v5$$Lambda$3247/0x0000022b603b3600::compare (16 bytes)
Event: 52.835 Thread 0x0000022b5d6a02e0 nmethod 23526 0x0000022b4ccc9210 code [0x0000022b4ccc93a0, 0x0000022b4ccc9518]
Event: 52.835 Thread 0x0000022b5d6a02e0 23567       4       java.util.TimSort::mergeHi (732 bytes)
Event: 52.849 Thread 0x0000022b053c6e50 nmethod 23565% 0x0000022b4ccc9690 code [0x0000022b4ccc9880, 0x0000022b4cccb0b8]
Event: 52.849 Thread 0x0000022b053c6e50 23550       4       com.android.tools.r8.utils.structural.g::a (31 bytes)
Event: 52.860 Thread 0x0000022b053c6e50 nmethod 23550 0x0000022b4cccba10 code [0x0000022b4cccbbe0, 0x0000022b4cccc2b8]
Event: 52.860 Thread 0x0000022b053c6e50 23569       4       java.util.TimSort::mergeLo (659 bytes)

GC Heap History (20 events):
Event: 38.160 GC heap after
{Heap after GC invocations=70 (full 0):
 garbage-first heap   total 641024K, used 282681K [0x0000000740000000, 0x0000000800000000)
  region size 2048K, 2 young (4096K), 2 survivors (4096K)
 Metaspace       used 116408K, committed 117952K, reserved 458752K
  class space    used 16145K, committed 16832K, reserved 327680K
}
Event: 39.485 GC heap before
{Heap before GC invocations=70 (full 0):
 garbage-first heap   total 641024K, used 516152K [0x0000000740000000, 0x0000000800000000)
  region size 2048K, 117 young (239616K), 2 survivors (4096K)
 Metaspace       used 117505K, committed 119040K, reserved 458752K
  class space    used 16276K, committed 16960K, reserved 327680K
}
Event: 39.492 GC heap after
{Heap after GC invocations=71 (full 0):
 garbage-first heap   total 641024K, used 290723K [0x0000000740000000, 0x0000000800000000)
  region size 2048K, 6 young (12288K), 6 survivors (12288K)
 Metaspace       used 117505K, committed 119040K, reserved 458752K
  class space    used 16276K, committed 16960K, reserved 327680K
}
Event: 41.579 GC heap before
{Heap before GC invocations=71 (full 0):
 garbage-first heap   total 641024K, used 520099K [0x0000000740000000, 0x0000000800000000)
  region size 2048K, 119 young (243712K), 6 survivors (12288K)
 Metaspace       used 121050K, committed 122624K, reserved 458752K
  class space    used 16719K, committed 17472K, reserved 327680K
}
Event: 41.590 GC heap after
{Heap after GC invocations=72 (full 0):
 garbage-first heap   total 641024K, used 299065K [0x0000000740000000, 0x0000000800000000)
  region size 2048K, 10 young (20480K), 10 survivors (20480K)
 Metaspace       used 121050K, committed 122624K, reserved 458752K
  class space    used 16719K, committed 17472K, reserved 327680K
}
Event: 43.204 GC heap before
{Heap before GC invocations=72 (full 0):
 garbage-first heap   total 641024K, used 524345K [0x0000000740000000, 0x0000000800000000)
  region size 2048K, 121 young (247808K), 10 survivors (20480K)
 Metaspace       used 122110K, committed 123840K, reserved 458752K
  class space    used 16869K, committed 17664K, reserved 327680K
}
Event: 43.215 GC heap after
{Heap after GC invocations=73 (full 0):
 garbage-first heap   total 641024K, used 309456K [0x0000000740000000, 0x0000000800000000)
  region size 2048K, 12 young (24576K), 12 survivors (24576K)
 Metaspace       used 122110K, committed 123840K, reserved 458752K
  class space    used 16869K, committed 17664K, reserved 327680K
}
Event: 49.959 GC heap before
{Heap before GC invocations=73 (full 0):
 garbage-first heap   total 641024K, used 549072K [0x0000000740000000, 0x0000000800000000)
  region size 2048K, 119 young (243712K), 12 survivors (24576K)
 Metaspace       used 136300K, committed 138048K, reserved 458752K
  class space    used 18908K, committed 19712K, reserved 327680K
}
Event: 49.975 GC heap after
{Heap after GC invocations=74 (full 0):
 garbage-first heap   total 641024K, used 331291K [0x0000000740000000, 0x0000000800000000)
  region size 2048K, 14 young (28672K), 14 survivors (28672K)
 Metaspace       used 136300K, committed 138048K, reserved 458752K
  class space    used 18908K, committed 19712K, reserved 327680K
}
Event: 50.629 GC heap before
{Heap before GC invocations=74 (full 0):
 garbage-first heap   total 641024K, used 464411K [0x0000000740000000, 0x0000000800000000)
  region size 2048K, 58 young (118784K), 14 survivors (28672K)
 Metaspace       used 139101K, committed 140800K, reserved 458752K
  class space    used 19362K, committed 20160K, reserved 327680K
}
Event: 50.638 GC heap after
{Heap after GC invocations=75 (full 0):
 garbage-first heap   total 641024K, used 364994K [0x0000000740000000, 0x0000000800000000)
  region size 2048K, 9 young (18432K), 9 survivors (18432K)
 Metaspace       used 139101K, committed 140800K, reserved 458752K
  class space    used 19362K, committed 20160K, reserved 327680K
}
Event: 51.085 GC heap before
{Heap before GC invocations=75 (full 0):
 garbage-first heap   total 641024K, used 539074K [0x0000000740000000, 0x0000000800000000)
  region size 2048K, 92 young (188416K), 9 survivors (18432K)
 Metaspace       used 140293K, committed 142016K, reserved 458752K
  class space    used 19624K, committed 20416K, reserved 327680K
}
Event: 51.129 GC heap after
{Heap after GC invocations=76 (full 0):
 garbage-first heap   total 641024K, used 431814K [0x0000000740000000, 0x0000000800000000)
  region size 2048K, 12 young (24576K), 12 survivors (24576K)
 Metaspace       used 140293K, committed 142016K, reserved 458752K
  class space    used 19624K, committed 20416K, reserved 327680K
}
Event: 51.521 GC heap before
{Heap before GC invocations=76 (full 0):
 garbage-first heap   total 641024K, used 515782K [0x0000000740000000, 0x0000000800000000)
  region size 2048K, 53 young (108544K), 12 survivors (24576K)
 Metaspace       used 140871K, committed 142656K, reserved 458752K
  class space    used 19718K, committed 20544K, reserved 327680K
}
Event: 51.545 GC heap after
{Heap after GC invocations=77 (full 0):
 garbage-first heap   total 641024K, used 450426K [0x0000000740000000, 0x0000000800000000)
  region size 2048K, 7 young (14336K), 7 survivors (14336K)
 Metaspace       used 140871K, committed 142656K, reserved 458752K
  class space    used 19718K, committed 20544K, reserved 327680K
}
Event: 52.015 GC heap before
{Heap before GC invocations=78 (full 0):
 garbage-first heap   total 802816K, used 511866K [0x0000000740000000, 0x0000000800000000)
  region size 2048K, 41 young (83968K), 7 survivors (14336K)
 Metaspace       used 141292K, committed 143104K, reserved 458752K
  class space    used 19792K, committed 20608K, reserved 327680K
}
Event: 52.025 GC heap after
{Heap after GC invocations=79 (full 0):
 garbage-first heap   total 802816K, used 458202K [0x0000000740000000, 0x0000000800000000)
  region size 2048K, 6 young (12288K), 6 survivors (12288K)
 Metaspace       used 141292K, committed 143104K, reserved 458752K
  class space    used 19792K, committed 20608K, reserved 327680K
}
Event: 52.064 GC heap before
{Heap before GC invocations=79 (full 0):
 garbage-first heap   total 802816K, used 484826K [0x0000000740000000, 0x0000000800000000)
  region size 2048K, 19 young (38912K), 6 survivors (12288K)
 Metaspace       used 141315K, committed 143104K, reserved 458752K
  class space    used 19794K, committed 20608K, reserved 327680K
}
Event: 52.074 GC heap after
{Heap after GC invocations=80 (full 0):
 garbage-first heap   total 802816K, used 454522K [0x0000000740000000, 0x0000000800000000)
  region size 2048K, 1 young (2048K), 1 survivors (2048K)
 Metaspace       used 141315K, committed 143104K, reserved 458752K
  class space    used 19794K, committed 20608K, reserved 327680K
}
Event: 52.868 GC heap before
{Heap before GC invocations=80 (full 0):
 garbage-first heap   total 802816K, used 616314K [0x0000000740000000, 0x0000000800000000)
  region size 2048K, 78 young (159744K), 1 survivors (2048K)
 Metaspace       used 141488K, committed 143232K, reserved 458752K
  class space    used 19801K, committed 20608K, reserved 327680K
}

Deoptimization events (20 events):
Event: 52.814 Thread 0x0000022b7a251fa0 Uncommon trap: trap_request=0xffffffd6 fr.pc=0x0000022b4ccb8440 relative=0x00000000000017c0
Event: 52.814 Thread 0x0000022b7a251fa0 Uncommon trap: reason=array_check action=maybe_recompile pc=0x0000022b4ccb8440 method=java.util.TimSort.mergeHi(IIII)V @ 101 c2
Event: 52.814 Thread 0x0000022b7a251fa0 DEOPT PACKING pc=0x0000022b4ccb8440 sp=0x000000f7005fe5b0
Event: 52.814 Thread 0x0000022b7a251fa0 DEOPT UNPACKING pc=0x0000022b4b7f23a3 sp=0x000000f7005fe588 mode 2
Event: 52.814 Thread 0x0000022b7a251fa0 Uncommon trap: trap_request=0xffffffd6 fr.pc=0x0000022b4ccad334 relative=0x00000000000010b4
Event: 52.814 Thread 0x0000022b7a251fa0 Uncommon trap: reason=array_check action=maybe_recompile pc=0x0000022b4ccad334 method=java.util.TimSort.mergeLo(IIII)V @ 245 c2
Event: 52.815 Thread 0x0000022b7a251fa0 DEOPT PACKING pc=0x0000022b4ccad334 sp=0x000000f7005fe5d0
Event: 52.815 Thread 0x0000022b7a251fa0 DEOPT UNPACKING pc=0x0000022b4b7f23a3 sp=0x000000f7005fe590 mode 2
Event: 52.817 Thread 0x0000022b7a251fa0 Uncommon trap: trap_request=0xffffffd6 fr.pc=0x0000022b4ccad334 relative=0x00000000000010b4
Event: 52.817 Thread 0x0000022b7a251fa0 Uncommon trap: reason=array_check action=maybe_recompile pc=0x0000022b4ccad334 method=java.util.TimSort.mergeLo(IIII)V @ 245 c2
Event: 52.817 Thread 0x0000022b7a251fa0 DEOPT PACKING pc=0x0000022b4ccad334 sp=0x000000f7005fe5d0
Event: 52.817 Thread 0x0000022b7a251fa0 DEOPT UNPACKING pc=0x0000022b4b7f23a3 sp=0x000000f7005fe590 mode 2
Event: 52.830 Thread 0x0000022b7a251fa0 Uncommon trap: trap_request=0xffffff76 fr.pc=0x0000022b4ccc569c relative=0x000000000000159c
Event: 52.830 Thread 0x0000022b7a251fa0 Uncommon trap: reason=predicate action=maybe_recompile pc=0x0000022b4ccc569c method=java.util.TimSort.mergeLo(IIII)V @ 153 c2
Event: 52.830 Thread 0x0000022b7a251fa0 DEOPT PACKING pc=0x0000022b4ccc569c sp=0x000000f7005fe5c0
Event: 52.830 Thread 0x0000022b7a251fa0 DEOPT UNPACKING pc=0x0000022b4b7f23a3 sp=0x000000f7005fe5a8 mode 2
Event: 52.845 Thread 0x0000022b7a251fa0 Uncommon trap: trap_request=0xffffff76 fr.pc=0x0000022b4ccc85c8 relative=0x0000000000001448
Event: 52.845 Thread 0x0000022b7a251fa0 Uncommon trap: reason=predicate action=maybe_recompile pc=0x0000022b4ccc85c8 method=java.util.TimSort.mergeHi(IIII)V @ 308 c2
Event: 52.845 Thread 0x0000022b7a251fa0 DEOPT PACKING pc=0x0000022b4ccc85c8 sp=0x000000f7005fe580
Event: 52.845 Thread 0x0000022b7a251fa0 DEOPT UNPACKING pc=0x0000022b4b7f23a3 sp=0x000000f7005fe540 mode 2

Classes unloaded (8 events):
Event: 51.723 Thread 0x0000022b5d22e580 Unloading class 0x0000022b60192c00 'jdk/internal/reflect/GeneratedSerializationConstructorAccessor158'
Event: 51.723 Thread 0x0000022b5d22e580 Unloading class 0x0000022b60192000 'jdk/internal/reflect/GeneratedSerializationConstructorAccessor154'
Event: 51.723 Thread 0x0000022b5d22e580 Unloading class 0x0000022b60192400 'jdk/internal/reflect/GeneratedSerializationConstructorAccessor157'
Event: 51.723 Thread 0x0000022b5d22e580 Unloading class 0x0000022b60191c00 'jdk/internal/reflect/GeneratedSerializationConstructorAccessor155'
Event: 51.723 Thread 0x0000022b5d22e580 Unloading class 0x0000022b60191400 'jdk/internal/reflect/GeneratedSerializationConstructorAccessor152'
Event: 51.723 Thread 0x0000022b5d22e580 Unloading class 0x0000022b60191800 'jdk/internal/reflect/GeneratedSerializationConstructorAccessor153'
Event: 51.723 Thread 0x0000022b5d22e580 Unloading class 0x0000022b60191000 'jdk/internal/reflect/GeneratedSerializationConstructorAccessor151'
Event: 51.723 Thread 0x0000022b5d22e580 Unloading class 0x0000022b60190c00 'jdk/internal/reflect/GeneratedSerializationConstructorAccessor149'

Classes redefined (0 events):
No events

Internal exceptions (20 events):
Event: 49.766 Thread 0x0000022b06eac4c0 Exception <a 'java/lang/IncompatibleClassChangeError'{0x000000075ae26cf8}: Found class java.lang.Object, but interface was expected> (0x000000075ae26cf8) 
thrown [s\open\src\hotspot\share\interpreter\linkResolver.cpp, line 826]
Event: 49.777 Thread 0x0000022b06eac4c0 Exception <a 'java/lang/NoSuchMethodError'{0x000000075aed8c28}: 'java.lang.Object java.lang.invoke.DirectMethodHandle$Holder.invokeInterface(java.lang.Object, java.lang.Object, int)'> (0x000000075aed8c28) 
thrown [s\open\src\hotspot\share\interpreter\linkResolver.cpp, line 759]
Event: 49.918 Thread 0x0000022b06eac4c0 Exception <a 'java/lang/NoSuchMethodError'{0x000000075a10f340}: 'java.lang.Object java.lang.invoke.DirectMethodHandle$Holder.newInvokeSpecial(java.lang.Object, java.lang.Object, int, java.lang.Object, java.lang.Object, java.lang.Object)'> (0x000000075a10f340) 
thrown [s\open\src\hotspot\share\interpreter\linkResolver.cpp, line 759]
Event: 49.918 Thread 0x0000022b06eac4c0 Exception <a 'java/lang/NoSuchMethodError'{0x000000075a116db8}: 'java.lang.Object java.lang.invoke.Invokers$Holder.linkToTargetMethod(java.lang.Object, int, java.lang.Object, java.lang.Object, java.lang.Object, java.lang.Object)'> (0x000000075a116db8) 
thrown [s\open\src\hotspot\share\interpreter\linkResolver.cpp, line 759]
Event: 49.918 Thread 0x0000022b06eac4c0 Exception <a 'java/lang/NoSuchMethodError'{0x000000075a11af10}: 'void java.lang.invoke.DirectMethodHandle$Holder.invokeSpecial(java.lang.Object, java.lang.Object, java.lang.Object, int, java.lang.Object, java.lang.Object, java.lang.Object, java.lang.Object)'> (0x000000075a11af10) 
thrown [s\open\src\hotspot\share\interpreter\linkResolver.cpp, line 759]
Event: 49.919 Thread 0x0000022b06eac4c0 Exception <a 'java/lang/NoSuchMethodError'{0x000000075a140230}: 'void java.lang.invoke.DirectMethodHandle$Holder.invokeStatic(java.lang.Object, java.lang.Object, java.lang.Object, java.lang.Object, java.lang.Object, java.lang.Object, java.lang.Object, java.lang.Object)'> (0x000000075a140230) 
thrown [s\open\src\hotspot\share\interpreter\linkResolver.cpp, line 759]
Event: 49.953 Thread 0x0000022b06eac4c0 Exception <a 'java/lang/ClassCastException'{0x0000000759d7b9f0}: class kotlin.reflect.jvm.internal.ReflectionFactoryImpl cannot be cast to class com.android.tools.r8.internal.b30 (kotlin.reflect.jvm.internal.ReflectionFactoryImpl is in unnamed module of loader org.gradle.internal.classloader.VisitableURLClassLoader @7a7b0070; com.android.tools.r8.internal.b30 is in unnamed module of loader org.gradle.internal.classloader.VisitableURLClassLoader$InstrumentingVisitableURLClassLoader @4d59379b)> (0x0000000759
Event: 50.087 Thread 0x0000022b06eac4c0 Exception <a 'java/lang/IncompatibleClassChangeError'{0x00000007664c9c78}: Found class java.lang.Object, but interface was expected> (0x00000007664c9c78) 
thrown [s\open\src\hotspot\share\interpreter\linkResolver.cpp, line 826]
Event: 50.111 Thread 0x0000022b06eac4c0 Exception <a 'sun/nio/fs/WindowsException'{0x00000007663bd440}> (0x00000007663bd440) 
thrown [s\open\src\hotspot\share\prims\jni.cpp, line 516]
Event: 50.150 Thread 0x0000022b77d0d090 Exception <a 'java/lang/NoSuchMethodError'{0x0000000765f4a3d8}: static Lkotlin/InitializedLazyImpl;.<clinit>()V> (0x0000000765f4a3d8) 
thrown [s\open\src\hotspot\share\prims\jni.cpp, line 1112]
Event: 50.262 Thread 0x0000022b06eabb20 Exception <a 'sun/nio/fs/WindowsException'{0x0000000762d40f40}> (0x0000000762d40f40) 
thrown [s\open\src\hotspot\share\prims\jni.cpp, line 516]
Event: 50.262 Thread 0x0000022b06eabb20 Exception <a 'sun/nio/fs/WindowsException'{0x0000000762d41120}> (0x0000000762d41120) 
thrown [s\open\src\hotspot\share\prims\jni.cpp, line 516]
Event: 50.262 Thread 0x0000022b06eabb20 Exception <a 'sun/nio/fs/WindowsException'{0x0000000762d42070}> (0x0000000762d42070) 
thrown [s\open\src\hotspot\share\prims\jni.cpp, line 516]
Event: 50.262 Thread 0x0000022b06eabb20 Exception <a 'sun/nio/fs/WindowsException'{0x0000000762d42258}> (0x0000000762d42258) 
thrown [s\open\src\hotspot\share\prims\jni.cpp, line 516]
Event: 50.584 Thread 0x0000022b05c0aae0 Exception <a 'sun/nio/fs/WindowsException'{0x00000007620442c8}> (0x00000007620442c8) 
thrown [s\open\src\hotspot\share\prims\jni.cpp, line 516]
Event: 51.281 Thread 0x0000022b05c0aae0 Exception <a 'java/lang/NoSuchMethodError'{0x0000000764093278}: 'void java.lang.invoke.DirectMethodHandle$Holder.invokeInterface(java.lang.Object, java.lang.Object, java.lang.Object, int)'> (0x0000000764093278) 
thrown [s\open\src\hotspot\share\interpreter\linkResolver.cpp, line 759]
Event: 51.435 Thread 0x0000022b05c0aae0 Exception <a 'java/lang/IncompatibleClassChangeError'{0x000000076266eba0}: Found class java.lang.Object, but interface was expected> (0x000000076266eba0) 
thrown [s\open\src\hotspot\share\interpreter\linkResolver.cpp, line 826]
Event: 51.459 Thread 0x0000022b05c0aae0 Exception <a 'java/lang/NoSuchMethodError'{0x0000000762749db0}: 'java.lang.Object java.lang.invoke.DirectMethodHandle$Holder.newInvokeSpecial(java.lang.Object, int, java.lang.Object, java.lang.Object)'> (0x0000000762749db0) 
thrown [s\open\src\hotspot\share\interpreter\linkResolver.cpp, line 759]
Event: 51.459 Thread 0x0000022b05c0aae0 Exception <a 'java/lang/NoSuchMethodError'{0x000000076274de10}: 'java.lang.Object java.lang.invoke.DirectMethodHandle$Holder.invokeSpecial(java.lang.Object, java.lang.Object, int, java.lang.Object, java.lang.Object)'> (0x000000076274de10) 
thrown [s\open\src\hotspot\share\interpreter\linkResolver.cpp, line 759]
Event: 51.877 Thread 0x0000022b05c0aae0 Exception <a 'java/lang/IncompatibleClassChangeError'{0x0000000770886bb8}: Found class java.lang.Object, but interface was expected> (0x0000000770886bb8) 
thrown [s\open\src\hotspot\share\interpreter\linkResolver.cpp, line 826]

VM Operations (20 events):
Event: 51.745 Executing VM operation: G1Concurrent done
Event: 51.843 Executing VM operation: G1Concurrent
Event: 51.849 Executing VM operation: G1Concurrent done
Event: 51.884 Executing VM operation: HandshakeAllThreads
Event: 51.884 Executing VM operation: HandshakeAllThreads done
Event: 51.888 Executing VM operation: HandshakeAllThreads
Event: 51.888 Executing VM operation: HandshakeAllThreads done
Event: 51.890 Executing VM operation: HandshakeAllThreads
Event: 51.890 Executing VM operation: HandshakeAllThreads done
Event: 52.015 Executing VM operation: G1CollectForAllocation
Event: 52.025 Executing VM operation: G1CollectForAllocation done
Event: 52.064 Executing VM operation: G1CollectForAllocation
Event: 52.074 Executing VM operation: G1CollectForAllocation done
Event: 52.161 Executing VM operation: ICBufferFull
Event: 52.162 Executing VM operation: ICBufferFull done
Event: 52.647 Executing VM operation: ICBufferFull
Event: 52.647 Executing VM operation: ICBufferFull done
Event: 52.845 Executing VM operation: HandshakeAllThreads
Event: 52.846 Executing VM operation: HandshakeAllThreads done
Event: 52.867 Executing VM operation: G1CollectForAllocation

Events (20 events):
Event: 51.239 Thread 0x0000022b5d6a2dc0 flushing nmethod 0x0000022b44f88510
Event: 51.239 Thread 0x0000022b5d6a2dc0 flushing nmethod 0x0000022b44f88e10
Event: 51.239 Thread 0x0000022b5d6a2dc0 flushing nmethod 0x0000022b44ff6990
Event: 51.240 Thread 0x0000022b5d6a2dc0 flushing nmethod 0x0000022b45041890
Event: 51.240 Thread 0x0000022b5d6a2dc0 flushing nmethod 0x0000022b450ab390
Event: 51.240 Thread 0x0000022b5d6a2dc0 flushing nmethod 0x0000022b450fcc10
Event: 51.241 Thread 0x0000022b5d6a2dc0 flushing nmethod 0x0000022b4523dc10
Event: 51.245 Thread 0x0000022b5d6a2dc0 flushing nmethod 0x0000022b45ae8310
Event: 51.245 Thread 0x0000022b5d6a2dc0 flushing nmethod 0x0000022b45bd4990
Event: 51.245 Thread 0x0000022b5d6a2dc0 flushing nmethod 0x0000022b45bd5190
Event: 51.246 Thread 0x0000022b5d6a2dc0 flushing nmethod 0x0000022b45cf2790
Event: 51.247 Thread 0x0000022b5d6a2dc0 flushing nmethod 0x0000022b45e63510
Event: 51.247 Thread 0x0000022b5d6a2dc0 flushing nmethod 0x0000022b45e73890
Event: 51.248 Thread 0x0000022b5d6a2dc0 flushing nmethod 0x0000022b4608a010
Event: 51.249 Thread 0x0000022b5d6a2dc0 flushing nmethod 0x0000022b46109510
Event: 51.249 Thread 0x0000022b5d6a2dc0 flushing nmethod 0x0000022b46137b90
Event: 51.249 Thread 0x0000022b5d6a2dc0 flushing nmethod 0x0000022b46196310
Event: 51.250 Thread 0x0000022b5d6a2dc0 flushing nmethod 0x0000022b461eb310
Event: 52.858 Thread 0x0000022b5d6a2dc0 flushing nmethod 0x0000022b44621290
Event: 52.858 Thread 0x0000022b5d6a2dc0 flushing nmethod 0x0000022b44622810


Dynamic libraries:
0x00007ff6670c0000 - 0x00007ff6670d0000 	C:\Program Files\Java\jdk-17\bin\java.exe
0x00007ffa51700000 - 0x00007ffa51967000 	C:\WINDOWS\SYSTEM32\ntdll.dll
0x00007ffa51310000 - 0x00007ffa513d9000 	C:\WINDOWS\System32\KERNEL32.DLL
0x00007ffa4e690000 - 0x00007ffa4ea81000 	C:\WINDOWS\System32\KERNELBASE.dll
0x00007ffa4e110000 - 0x00007ffa4e25b000 	C:\WINDOWS\System32\ucrtbase.dll
0x00007ffa48f00000 - 0x00007ffa48f1b000 	C:\Program Files\Java\jdk-17\bin\VCRUNTIME140.dll
0x00007ffa48e60000 - 0x00007ffa48e79000 	C:\Program Files\Java\jdk-17\bin\jli.dll
0x00007ffa514e0000 - 0x00007ffa5159b000 	C:\WINDOWS\System32\ADVAPI32.dll
0x00007ffa50ef0000 - 0x00007ffa50f99000 	C:\WINDOWS\System32\msvcrt.dll
0x00007ffa4fe60000 - 0x00007ffa4ff07000 	C:\WINDOWS\System32\sechost.dll
0x00007ffa515a0000 - 0x00007ffa516b8000 	C:\WINDOWS\System32\RPCRT4.dll
0x00007ffa4ff10000 - 0x00007ffa500d5000 	C:\WINDOWS\System32\USER32.dll
0x00007ffa4f3c0000 - 0x00007ffa4f3e7000 	C:\WINDOWS\System32\win32u.dll
0x00007ffa2b300000 - 0x00007ffa2b593000 	C:\WINDOWS\WinSxS\amd64_microsoft.windows.common-controls_6595b64144ccf1df_6.0.26100.8037_none_3e092faae333b53b\COMCTL32.dll
0x00007ffa510f0000 - 0x00007ffa5111b000 	C:\WINDOWS\System32\GDI32.dll
0x00007ffa4dfe0000 - 0x00007ffa4e10b000 	C:\WINDOWS\System32\gdi32full.dll
0x00007ffa4e5e0000 - 0x00007ffa4e683000 	C:\WINDOWS\System32\msvcp_win.dll
0x00007ffa44290000 - 0x00007ffa4429b000 	C:\WINDOWS\SYSTEM32\VERSION.dll
0x00007ffa4fd30000 - 0x00007ffa4fd61000 	C:\WINDOWS\System32\IMM32.DLL
0x00007ffa48e50000 - 0x00007ffa48e5c000 	C:\Program Files\Java\jdk-17\bin\vcruntime140_1.dll
0x00007ff9c9c30000 - 0x00007ff9c9cbe000 	C:\Program Files\Java\jdk-17\bin\msvcp140.dll
0x00007ff947680000 - 0x00007ff948260000 	C:\Program Files\Java\jdk-17\bin\server\jvm.dll
0x00007ffa50ac0000 - 0x00007ffa50ac8000 	C:\WINDOWS\System32\PSAPI.DLL
0x00007ffa39eb0000 - 0x00007ffa39ee5000 	C:\WINDOWS\SYSTEM32\WINMM.dll
0x00007ffa2b9c0000 - 0x00007ffa2b9ca000 	C:\WINDOWS\SYSTEM32\WSOCK32.dll
0x00007ffa50a40000 - 0x00007ffa50ab4000 	C:\WINDOWS\System32\WS2_32.dll
0x00007ffa4cd70000 - 0x00007ffa4cd8b000 	C:\WINDOWS\SYSTEM32\kernel.appcore.dll
0x00007ffa45b10000 - 0x00007ffa45b1a000 	C:\Program Files\Java\jdk-17\bin\jimage.dll
0x00007ffa4bda0000 - 0x00007ffa4bfe2000 	C:\WINDOWS\SYSTEM32\DBGHELP.DLL
0x00007ffa50b60000 - 0x00007ffa50ee2000 	C:\WINDOWS\System32\combase.dll
0x00007ffa50860000 - 0x00007ffa50937000 	C:\WINDOWS\System32\OLEAUT32.dll
0x00007ffa296c0000 - 0x00007ffa296fb000 	C:\WINDOWS\SYSTEM32\dbgcore.DLL
0x00007ffa4f3f0000 - 0x00007ffa4f495000 	C:\WINDOWS\System32\bcryptPrimitives.dll
0x00007ffa2c160000 - 0x00007ffa2c16e000 	C:\Program Files\Java\jdk-17\bin\instrument.dll
0x00007ffa43a10000 - 0x00007ffa43a35000 	C:\Program Files\Java\jdk-17\bin\java.dll
0x00007ff9c9b50000 - 0x00007ff9c9c27000 	C:\Program Files\Java\jdk-17\bin\jsvml.dll
0x00007ffa500f0000 - 0x00007ffa5084f000 	C:\WINDOWS\System32\SHELL32.dll
0x00007ffa4e470000 - 0x00007ffa4e5da000 	C:\WINDOWS\System32\wintypes.dll
0x00007ffa4ea90000 - 0x00007ffa4f2f4000 	C:\WINDOWS\System32\windows.storage.dll
0x00007ffa513e0000 - 0x00007ffa514d7000 	C:\WINDOWS\System32\SHCORE.dll
0x00007ffa512a0000 - 0x00007ffa51307000 	C:\WINDOWS\System32\shlwapi.dll
0x00007ffa4ded0000 - 0x00007ffa4def9000 	C:\WINDOWS\SYSTEM32\profapi.dll
0x00007ffa2d300000 - 0x00007ffa2d318000 	C:\Program Files\Java\jdk-17\bin\zip.dll
0x00007ffa34460000 - 0x00007ffa34479000 	C:\Program Files\Java\jdk-17\bin\net.dll
0x00007ffa45e10000 - 0x00007ffa45f37000 	C:\WINDOWS\SYSTEM32\WINHTTP.dll
0x00007ffa4d2e0000 - 0x00007ffa4d34b000 	C:\WINDOWS\system32\mswsock.dll
0x00007ffa2d320000 - 0x00007ffa2d336000 	C:\Program Files\Java\jdk-17\bin\nio.dll
0x00007ffa45890000 - 0x00007ffa458a0000 	C:\Program Files\Java\jdk-17\bin\verify.dll
0x00007ffa2bf90000 - 0x00007ffa2bfb7000 	C:\Users\nitis\.gradle\native\c067742578af261105cb4f569cf0c3c89f3d7b1fecec35dd04571415982c5e48\windows-amd64\native-platform.dll
0x00007ff9b8410000 - 0x00007ff9b8554000 	C:\Users\nitis\.gradle\native\100fb08df4bc3b14c8652ba06237920a3bd2aa13389f12d3474272988ae205f9\windows-amd64\native-platform-file-events.dll
0x00007ffa343f0000 - 0x00007ffa343fa000 	C:\Program Files\Java\jdk-17\bin\management.dll
0x00007ffa2d280000 - 0x00007ffa2d28b000 	C:\Program Files\Java\jdk-17\bin\management_ext.dll
0x00007ffa4d5c0000 - 0x00007ffa4d5db000 	C:\WINDOWS\SYSTEM32\CRYPTSP.dll
0x00007ffa4ccd0000 - 0x00007ffa4cd09000 	C:\WINDOWS\system32\rsaenh.dll
0x00007ffa4d390000 - 0x00007ffa4d3c2000 	C:\WINDOWS\SYSTEM32\USERENV.dll
0x00007ffa4df00000 - 0x00007ffa4df2a000 	C:\WINDOWS\SYSTEM32\bcrypt.dll
0x00007ffa4d5e0000 - 0x00007ffa4d5ec000 	C:\WINDOWS\SYSTEM32\CRYPTBASE.dll
0x00007ffa4c7e0000 - 0x00007ffa4c813000 	C:\WINDOWS\SYSTEM32\IPHLPAPI.DLL
0x00007ffa51290000 - 0x00007ffa5129a000 	C:\WINDOWS\System32\NSI.dll
0x00007ffa48980000 - 0x00007ffa4899d000 	C:\WINDOWS\SYSTEM32\dhcpcsvc6.DLL
0x00007ffa48950000 - 0x00007ffa48973000 	C:\WINDOWS\SYSTEM32\dhcpcsvc.DLL
0x00007ffa4c8c0000 - 0x00007ffa4c9ea000 	C:\WINDOWS\SYSTEM32\DNSAPI.dll
0x00007ffa2bf80000 - 0x00007ffa2bf8e000 	C:\Program Files\Java\jdk-17\bin\sunmscapi.dll
0x00007ffa4e2f0000 - 0x00007ffa4e467000 	C:\WINDOWS\System32\CRYPT32.dll
0x00007ffa4d900000 - 0x00007ffa4d930000 	C:\WINDOWS\SYSTEM32\ncrypt.dll
0x00007ffa4d8b0000 - 0x00007ffa4d8ef000 	C:\WINDOWS\SYSTEM32\NTASN1.dll
0x00007ffa3df40000 - 0x00007ffa3df48000 	C:\WINDOWS\system32\wshunix.dll
0x00007ffa1fd50000 - 0x00007ffa1fd68000 	C:\WINDOWS\system32\napinsp.dll
0x00007ffa1fd30000 - 0x00007ffa1fd42000 	C:\WINDOWS\System32\winrnr.dll
0x00007ffa1f370000 - 0x00007ffa1f386000 	C:\WINDOWS\system32\wshbth.dll
0x00007ffa1ebd0000 - 0x00007ffa1ebf2000 	C:\WINDOWS\system32\nlansp_c.dll
0x00007ffa452a0000 - 0x00007ffa452ab000 	C:\Windows\System32\rasadhlp.dll
0x00007ffa48dc0000 - 0x00007ffa48e46000 	C:\WINDOWS\System32\fwpuclnt.dll
0x00007ffa48fc0000 - 0x00007ffa48fde000 	C:\Users\nitis\AppData\Local\Temp\native-platform8327305115473775978dir\native-platform.dll
0x00007ffa4a8a0000 - 0x00007ffa4a8a7000 	C:\Program Files\Java\jdk-17\bin\rmi.dll

dbghelp: loaded successfully - version: 4.0.5 - missing functions: none
symbol engine: initialized successfully - sym options: 0x614 - pdb path: .;C:\Program Files\Java\jdk-17\bin;C:\WINDOWS\SYSTEM32;C:\WINDOWS\WinSxS\amd64_microsoft.windows.common-controls_6595b64144ccf1df_6.0.26100.8037_none_3e092faae333b53b;C:\Program Files\Java\jdk-17\bin\server;C:\Users\nitis\.gradle\native\c067742578af261105cb4f569cf0c3c89f3d7b1fecec35dd04571415982c5e48\windows-amd64;C:\Users\nitis\.gradle\native\100fb08df4bc3b14c8652ba06237920a3bd2aa13389f12d3474272988ae205f9\windows-amd64;C:\Users\nitis\AppData\Local\Temp\native-platform8327305115473775978dir

VM Arguments:
jvm_args: -XX:MaxMetaspaceSize=384m -XX:+HeapDumpOnOutOfMemoryError --add-opens=java.base/java.util=ALL-UNNAMED --add-opens=java.base/java.lang=ALL-UNNAMED --add-opens=java.base/java.lang.invoke=ALL-UNNAMED --add-opens=java.prefs/java.util.prefs=ALL-UNNAMED --add-opens=java.base/java.nio.charset=ALL-UNNAMED --add-opens=java.base/java.net=ALL-UNNAMED --add-opens=java.base/java.util.concurrent.atomic=ALL-UNNAMED -Xmx3072m -Dfile.encoding=UTF-8 -Duser.country=IN -Duser.language=en -Duser.variant -javaagent:C:\Users\nitis\.gradle\wrapper\dists\gradle-8.8-all\6gdy1pgp427xkqcjbxw3ylt6h\gradle-8.8\lib\agents\gradle-instrumentation-agent-8.8.jar 
java_command: org.gradle.launcher.daemon.bootstrap.GradleDaemon 8.8
java_class_path (initial): C:\Users\nitis\.gradle\wrapper\dists\gradle-8.8-all\6gdy1pgp427xkqcjbxw3ylt6h\gradle-8.8\lib\gradle-launcher-8.8.jar
Launcher Type: SUN_STANDARD

[Global flags]
     intx CICompilerCount                          = 4                                         {product} {ergonomic}
   size_t CompressedClassSpaceSize                 = 335544320                                 {product} {ergonomic}
     uint ConcGCThreads                            = 3                                         {product} {ergonomic}
     uint G1ConcRefinementThreads                  = 10                                        {product} {ergonomic}
   size_t G1HeapRegionSize                         = 2097152                                   {product} {ergonomic}
    uintx GCDrainStackTargetSize                   = 64                                        {product} {ergonomic}
     bool HeapDumpOnOutOfMemoryError               = true                                   {manageable} {command line}
   size_t InitialHeapSize                          = 264241152                                 {product} {ergonomic}
   size_t MarkStackSize                            = 4194304                                   {product} {ergonomic}
   size_t MaxHeapSize                              = 3221225472                                {product} {command line}
   size_t MaxMetaspaceSize                         = 402653184                                 {product} {command line}
   size_t MaxNewSize                               = 1931476992                                {product} {ergonomic}
   size_t MinHeapDeltaBytes                        = 2097152                                   {product} {ergonomic}
   size_t MinHeapSize                              = 8388608                                   {product} {ergonomic}
    uintx NonNMethodCodeHeapSize                   = 5839372                                {pd product} {ergonomic}
    uintx NonProfiledCodeHeapSize                  = 122909434                              {pd product} {ergonomic}
    uintx ProfiledCodeHeapSize                     = 122909434                              {pd product} {ergonomic}
    uintx ReservedCodeCacheSize                    = 251658240                              {pd product} {ergonomic}
     bool SegmentedCodeCache                       = true                                      {product} {ergonomic}
   size_t SoftMaxHeapSize                          = 3221225472                             {manageable} {ergonomic}
     bool UseCompressedClassPointers               = true                           {product lp64_product} {ergonomic}
     bool UseCompressedOops                        = true                           {product lp64_product} {ergonomic}
     bool UseG1GC                                  = true                                      {product} {ergonomic}
     bool UseLargePagesIndividualAllocation        = false                                  {pd product} {ergonomic}

Logging:
Log output configuration:
 #0: stdout all=warning uptime,level,tags
 #1: stderr all=off uptime,level,tags

Environment Variables:
JAVA_HOME=C:\Program Files\Java\jdk-17
CLASSPATH=E:\college\Faculty\android\\gradle\wrapper\gradle-wrapper.jar
PATH=C:\windows\system32;C:\windows;C:\windows\System32\Wbem;C:\windows\System32\WindowsPowerShell\v1.0\;C:\windows\System32\OpenSSH\;C:\Program Files (x86)\NVIDIA Corporation\PhysX\Common;C:\Users\Administrator\AppData\Local\Microsoft\WindowsApps;C:\Program Files\HP\OMEN-Broadcast\Common;C:\WINDOWS\system32;C:\WINDOWS;C:\WINDOWS\System32\Wbem;C:\WINDOWS\System32\WindowsPowerShell\v1.0\;C:\WINDOWS\System32\OpenSSH\;C:\Program Files\dotnet\;C:\Program Files\nodejs\;C:\ProgramData\chocolatey\bin;C:\Python313;C:\Program Files\NVIDIA Corporation\NVIDIA App\NvDLISR;E:\Android\Sdk\platform-tools;C:\Program Files\Java\jdk-17\bin;E:\Android\cmdline-tools\bin;"D:\hadoop-3.4.2-src\hadoop-3.4.3\bin;C:\windows\system32;C:\windows;C:\windows\System32\Wbem;C:\windows\System32\WindowsPowerShell\v1.0\;C:\windows\System32\OpenSSH\;C:\Program Files (x86)\NVIDIA Corporation\PhysX\Common;C:\Users\Administrator\AppData\Local\Microsoft\WindowsApps;C:\Program Files\HP\OMEN-Broadcast\Common;C:\WINDOWS\system32;C:\WINDOWS;C:\WINDOWS\System32\Wbem;C:\WINDOWS\System32\WindowsPowerShell\v1.0\;C:\WINDOWS\System32\OpenSSH\;C:\Program Files\dotnet\;C:\Program Files\nodejs\;C:\ProgramData\chocolatey\bin;C:\Python313;C:\Program Files\NVIDIA Corporation\NVIDIA App\NvDLISR;E:\Android\Sdk\platform-tools;C:\Program Files\Java\jdk-17\bin;E:\Android\cmdline-tools\bin;";";C:\Program Files\Java\jdk-17\bin;D:\hadoop-3.4.3\bin;";C:\Program Files\Java\jdk-17\bin;D:\hadoop-3.4.3\bin;C:\Users\nitis\.local\bin;C:\Program Files\Git\cmd;C:\Program Files (x86)\Microsoft SQL Server\170\Tools\Binn\;C:\Program Files\Microsoft SQL Server\170\Tools\Binn\;C:\Program Files\Microsoft SQL Server\Client SDK\ODBC\180\Tools\Binn\;C:\Program Files\Microsoft SQL Server\170\DTS\Binn\;C:\Program Files (x86)\Microsoft SQL Server\160\Tools\Binn\;C:\Program Files\Microsoft SQL Server\160\Tools\Binn\;C:\Program Files\Microsoft SQL Server\Client SDK\ODBC\170\Tools\Binn\;C:\Program Files\Microsoft SQL Server\160\DTS\Binn\;C:\Users\nitis\Ap
USERNAME=nitis
LANG=en_US.UTF-8
OS=Windows_NT
PROCESSOR_IDENTIFIER=Intel64 Family 6 Model 186 Stepping 2, GenuineIntel



---------------  S Y S T E M  ---------------

OS:
 Windows 11 , 64 bit Build 26100 (10.0.26100.7920)
OS uptime: 2 days 3:05 hours
Hyper-V role detected

CPU: total 12 (initial active 12) (6 cores per cpu, 2 threads per core) family 6 model 186 stepping 2 microcode 0x4122, cx8, cmov, fxsr, ht, mmx, 3dnowpref, sse, sse2, sse3, ssse3, sse4.1, sse4.2, popcnt, lzcnt, tsc, tscinvbit, avx, avx2, aes, erms, clmul, bmi1, bmi2, adx, sha, fma, vzeroupper, clflush, clflushopt, clwb, hv

Memory: 4k page, system-wide physical 16024M (1591M free)
TotalPageFile size 25789M (AvailPageFile size 366M)
current process WorkingSet (physical memory assigned to process): 1272M, peak: 1272M
current process commit charge ("private bytes"): 1320M, peak: 1778M

vm_info: Java HotSpot(TM) 64-Bit Server VM (17.0.17+8-LTS-360) for windows-amd64 JRE (17.0.17+8-LTS-360), built on Sep 27 2025 05:17:01 by "mach5run" with MS VC++ 17.6 (VS2022)

END.
