#
# There is insufficient memory for the Java Runtime Environment to continue.
# Native memory allocation (mmap) failed to map 65536 bytes for Failed to commit metaspace.
# Possible reasons:
#   The system is out of physical RAM or swap space
#   The process is running with CompressedOops enabled, and the Java Heap may be blocking the growth of the native heap
# Possible solutions:
#   Reduce memory load on the system
#   Increase physical memory or swap space
#   Check if swap backing store is full
#   Decrease Java heap size (-Xmx/-Xms)
#   Decrease number of Java threads
#   Decrease Java thread stack sizes (-Xss)
#   Set larger code cache with -XX:ReservedCodeCacheSize=
#   JVM is running with Zero Based Compressed Oops mode in which the Java heap is
#     placed in the first 32GB address space. The Java Heap base address is the
#     maximum limit for the native heap growth. Please use -XX:HeapBaseMinAddress
#     to set the Java Heap base and to place the Java Heap above 32GB virtual address.
# This output file may be truncated or incomplete.
#
#  Out of Memory Error (virtualSpaceNode.cpp:110), pid=10944, tid=6048
#
# JRE version: Java(TM) SE Runtime Environment (17.0.17+8) (build 17.0.17+8-LTS-360)
# Java VM: Java HotSpot(TM) 64-Bit Server VM (17.0.17+8-LTS-360, mixed mode, sharing, tiered, compressed oops, compressed class ptrs, g1 gc, windows-amd64)
# No core dump will be written. Minidumps are not enabled by default on client versions of Windows
#

---------------  S U M M A R Y ------------

Command Line: -XX:MaxMetaspaceSize=384m -XX:+HeapDumpOnOutOfMemoryError --add-opens=java.base/java.util=ALL-UNNAMED --add-opens=java.base/java.lang=ALL-UNNAMED --add-opens=java.base/java.lang.invoke=ALL-UNNAMED --add-opens=java.prefs/java.util.prefs=ALL-UNNAMED --add-opens=java.base/java.nio.charset=ALL-UNNAMED --add-opens=java.base/java.net=ALL-UNNAMED --add-opens=java.base/java.util.concurrent.atomic=ALL-UNNAMED -Xmx3072m -Dfile.encoding=UTF-8 -Duser.country=IN -Duser.language=en -Duser.variant -javaagent:C:\Users\nitis\.gradle\wrapper\dists\gradle-8.8-all\6gdy1pgp427xkqcjbxw3ylt6h\gradle-8.8\lib\agents\gradle-instrumentation-agent-8.8.jar org.gradle.launcher.daemon.bootstrap.GradleDaemon 8.8

Host: 13th Gen Intel(R) Core(TM) i5-13420H, 12 cores, 15G,  Windows 11 , 64 bit Build 26100 (10.0.26100.7920)
Time: Fri Jul 24 18:46:31 2026 India Standard Time elapsed time: 42.038008 seconds (0d 0h 0m 42s)

---------------  T H R E A D  ---------------

Current thread (0x0000019edcef2420):  JavaThread "Daemon worker" [_thread_in_vm, id=6048, stack(0x0000006772500000,0x0000006772600000)]

Stack: [0x0000006772500000,0x0000006772600000]
Native frames: (J=compiled Java code, j=interpreted, Vv=VM code, C=native code)
V  [jvm.dll+0x67a0ea]
V  [jvm.dll+0x7da56d]
V  [jvm.dll+0x7dbeb3]
V  [jvm.dll+0x7dc523]
V  [jvm.dll+0x2453af]
V  [jvm.dll+0x7d614b]
V  [jvm.dll+0x620756]
V  [jvm.dll+0x1bed57]
V  [jvm.dll+0x6230b2]
V  [jvm.dll+0x621116]
V  [jvm.dll+0x1e89c2]
V  [jvm.dll+0x1e939b]
V  [jvm.dll+0x1dea81]
V  [jvm.dll+0x53f6ec]
V  [jvm.dll+0x755738]
V  [jvm.dll+0x755824]
V  [jvm.dll+0x40d12f]
V  [jvm.dll+0x413bb9]
C  [java.dll+0x17ec]

Java frames: (J=compiled Java code, j=interpreted, Vv=VM code)
J 733  java.lang.ClassLoader.defineClass1(Ljava/lang/ClassLoader;Ljava/lang/String;[BIILjava/security/ProtectionDomain;Ljava/lang/String;)Ljava/lang/Class; java.base@17.0.17 (0 bytes) @ 0x0000019eaf30d5e3 [0x0000019eaf30d520+0x00000000000000c3]
J 5058 c2 java.lang.ClassLoader.defineClass(Ljava/lang/String;[BIILjava/security/ProtectionDomain;)Ljava/lang/Class; java.base@17.0.17 (43 bytes) @ 0x0000019eaf30f12c [0x0000019eaf30e940+0x00000000000007ec]
J 4844 c2 java.security.SecureClassLoader.defineClass(Ljava/lang/String;[BIILjava/security/CodeSource;)Ljava/lang/Class; java.base@17.0.17 (16 bytes) @ 0x0000019eaf5cc37c [0x0000019eaf5cc240+0x000000000000013c]
J 3666 c1 java.net.URLClassLoader.defineClass(Ljava/lang/String;Ljdk/internal/loader/Resource;)Ljava/lang/Class; java.base@17.0.17 (224 bytes) @ 0x0000019ea7f3bbec [0x0000019ea7f3a520+0x00000000000016cc]
J 3670 c1 java.net.URLClassLoader$1.run()Ljava/lang/Class; java.base@17.0.17 (81 bytes) @ 0x0000019ea7f3fb64 [0x0000019ea7f3ef20+0x0000000000000c44]
j  java.net.URLClassLoader$1.run()Ljava/lang/Object;+1 java.base@17.0.17
J 4548 c2 java.security.AccessController.doPrivileged(Ljava/security/PrivilegedExceptionAction;Ljava/security/AccessControlContext;)Ljava/lang/Object; java.base@17.0.17 (26 bytes) @ 0x0000019eaf59f59c [0x0000019eaf59f540+0x000000000000005c]
J 2457 c2 java.net.URLClassLoader.findClass(Ljava/lang/String;)Ljava/lang/Class; java.base@17.0.17 (47 bytes) @ 0x0000019eaf415edc [0x0000019eaf415e40+0x000000000000009c]
J 5065 c2 java.lang.ClassLoader.loadClass(Ljava/lang/String;Z)Ljava/lang/Class; java.base@17.0.17 (121 bytes) @ 0x0000019eaf390140 [0x0000019eaf38fe60+0x00000000000002e0]
J 5065 c2 java.lang.ClassLoader.loadClass(Ljava/lang/String;Z)Ljava/lang/Class; java.base@17.0.17 (121 bytes) @ 0x0000019eaf390108 [0x0000019eaf38fe60+0x00000000000002a8]
J 4300 c2 java.lang.ClassLoader.loadClass(Ljava/lang/String;)Ljava/lang/Class; java.base@17.0.17 (7 bytes) @ 0x0000019eaf55db40 [0x0000019eaf55db00+0x0000000000000040]
v  ~StubRoutines::call_stub
J 733  java.lang.ClassLoader.defineClass1(Ljava/lang/ClassLoader;Ljava/lang/String;[BIILjava/security/ProtectionDomain;Ljava/lang/String;)Ljava/lang/Class; java.base@17.0.17 (0 bytes) @ 0x0000019eaf30d5e3 [0x0000019eaf30d520+0x00000000000000c3]
J 5058 c2 java.lang.ClassLoader.defineClass(Ljava/lang/String;[BIILjava/security/ProtectionDomain;)Ljava/lang/Class; java.base@17.0.17 (43 bytes) @ 0x0000019eaf30f12c [0x0000019eaf30e940+0x00000000000007ec]
J 4844 c2 java.security.SecureClassLoader.defineClass(Ljava/lang/String;[BIILjava/security/CodeSource;)Ljava/lang/Class; java.base@17.0.17 (16 bytes) @ 0x0000019eaf5cc37c [0x0000019eaf5cc240+0x000000000000013c]
J 3666 c1 java.net.URLClassLoader.defineClass(Ljava/lang/String;Ljdk/internal/loader/Resource;)Ljava/lang/Class; java.base@17.0.17 (224 bytes) @ 0x0000019ea7f3bbec [0x0000019ea7f3a520+0x00000000000016cc]
J 3670 c1 java.net.URLClassLoader$1.run()Ljava/lang/Class; java.base@17.0.17 (81 bytes) @ 0x0000019ea7f3fb64 [0x0000019ea7f3ef20+0x0000000000000c44]
j  java.net.URLClassLoader$1.run()Ljava/lang/Object;+1 java.base@17.0.17
J 4548 c2 java.security.AccessController.doPrivileged(Ljava/security/PrivilegedExceptionAction;Ljava/security/AccessControlContext;)Ljava/lang/Object; java.base@17.0.17 (26 bytes) @ 0x0000019eaf59f59c [0x0000019eaf59f540+0x000000000000005c]
J 2457 c2 java.net.URLClassLoader.findClass(Ljava/lang/String;)Ljava/lang/Class; java.base@17.0.17 (47 bytes) @ 0x0000019eaf415edc [0x0000019eaf415e40+0x000000000000009c]
J 2408 c1 org.gradle.internal.classloader.TransformingClassLoader.findClass(Ljava/lang/String;)Ljava/lang/Class; (203 bytes) @ 0x0000019ea7c9fa04 [0x0000019ea7c9e960+0x00000000000010a4]
J 5065 c2 java.lang.ClassLoader.loadClass(Ljava/lang/String;Z)Ljava/lang/Class; java.base@17.0.17 (121 bytes) @ 0x0000019eaf390140 [0x0000019eaf38fe60+0x00000000000002e0]
J 4300 c2 java.lang.ClassLoader.loadClass(Ljava/lang/String;)Ljava/lang/Class; java.base@17.0.17 (7 bytes) @ 0x0000019eaf55db40 [0x0000019eaf55db00+0x0000000000000040]
v  ~StubRoutines::call_stub
j  org.gradle.platform.base.internal.registry.ComponentTypeModelRuleExtractor.<clinit>()V+0
v  ~StubRoutines::call_stub
j  org.gradle.platform.base.internal.registry.ComponentModelBaseServiceRegistry$GlobalScopeServices.createComponentModelPluginInspector(Lorg/gradle/model/internal/manage/schema/ModelSchemaStore;)Lorg/gradle/model/internal/inspect/MethodModelRuleExtractor;+0
v  ~StubRoutines::call_stub
J 2253  jdk.internal.reflect.NativeMethodAccessorImpl.invoke0(Ljava/lang/reflect/Method;Ljava/lang/Object;[Ljava/lang/Object;)Ljava/lang/Object; java.base@17.0.17 (0 bytes) @ 0x0000019eaf3eb5a7 [0x0000019eaf3eb520+0x0000000000000087]
J 2666 c1 jdk.internal.reflect.NativeMethodAccessorImpl.invoke(Ljava/lang/Object;[Ljava/lang/Object;)Ljava/lang/Object; java.base@17.0.17 (137 bytes) @ 0x0000019ea7d3186c [0x0000019ea7d30e60+0x0000000000000a0c]
J 1803 c1 jdk.internal.reflect.DelegatingMethodAccessorImpl.invoke(Ljava/lang/Object;[Ljava/lang/Object;)Ljava/lang/Object; java.base@17.0.17 (10 bytes) @ 0x0000019ea7b5c24c [0x0000019ea7b5c140+0x000000000000010c]
J 2796 c1 org.gradle.internal.reflect.JavaMethod.invoke(Ljava/lang/Object;[Ljava/lang/Object;)Ljava/lang/Object; (74 bytes) @ 0x0000019ea7d8230c [0x0000019ea7d81f60+0x00000000000003ac]
J 2795 c1 org.gradle.internal.service.ReflectionBasedServiceMethod.invoke(Ljava/lang/Object;[Ljava/lang/Object;)Ljava/lang/Object; (16 bytes) @ 0x0000019ea7d819cc [0x0000019ea7d81940+0x000000000000008c]
J 2799 c1 org.gradle.internal.service.DefaultServiceRegistry$FactoryMethodService.invokeMethod([Ljava/lang/Object;)Ljava/lang/Object; (151 bytes) @ 0x0000019ea7d85344 [0x0000019ea7d85220+0x0000000000000124]
J 2723 c1 org.gradle.internal.service.DefaultServiceRegistry$FactoryService.createServiceInstance()Ljava/lang/Object; (18 bytes) @ 0x0000019ea7d4b7f4 [0x0000019ea7d4b6c0+0x0000000000000134]
J 2401 c1 org.gradle.internal.service.DefaultServiceRegistry$ManagedObjectServiceProvider.getInstance()Ljava/lang/Object; (47 bytes) @ 0x0000019ea7c9b79c [0x0000019ea7c9b5e0+0x00000000000001bc]
J 2259 c1 org.gradle.internal.service.DefaultServiceRegistry$SingletonService.get()Ljava/lang/Object; (5 bytes) @ 0x0000019ea7c50814 [0x0000019ea7c507a0+0x0000000000000074]
j  org.gradle.internal.service.DefaultServiceRegistry.getCollectionService(Ljava/lang/Class;Lorg/gradle/internal/service/ServiceProvider;)Lorg/gradle/internal/service/Service;+76
j  org.gradle.internal.service.DefaultServiceRegistry.getCollectionService(Ljava/lang/reflect/Type;Lorg/gradle/internal/service/ServiceProvider;)Lorg/gradle/internal/service/Service;+14
J 3891 c1 org.gradle.internal.service.DefaultServiceRegistry.find(Ljava/lang/reflect/Type;Lorg/gradle/internal/service/ServiceProvider;)Lorg/gradle/internal/service/Service; (142 bytes) @ 0x0000019ea7fc5444 [0x0000019ea7fc43c0+0x0000000000001084]
J 2587 c1 org.gradle.internal.service.DefaultServiceRegistry$FactoryService.bind()V (283 bytes) @ 0x0000019ea7d0e55c [0x0000019ea7d0dee0+0x000000000000067c]
J 2212 c1 org.gradle.internal.service.DefaultServiceRegistry$SingletonService.prepare()Lorg/gradle/internal/service/Service; (111 bytes) @ 0x0000019ea7c2676c [0x0000019ea7c26040+0x000000000000072c]
J 2312 c1 org.gradle.internal.service.DefaultServiceRegistry$SingletonService.getService(Ljava/lang/reflect/Type;)Lorg/gradle/internal/service/Service; (18 bytes) @ 0x0000019ea7c6ec94 [0x0000019ea7c6eb60+0x0000000000000134]
J 4427 c2 org.gradle.internal.service.DefaultServiceRegistry$OwnServices.getService(Ljava/lang/reflect/Type;)Lorg/gradle/internal/service/Service; (309 bytes) @ 0x0000019eaf56a8a4 [0x0000019eaf56a680+0x0000000000000224]
J 4413 c2 org.gradle.internal.service.DefaultServiceRegistry$CompositeServiceProvider.getService(Ljava/lang/reflect/Type;)Lorg/gradle/internal/service/Service; (49 bytes) @ 0x0000019eaf569c98 [0x0000019eaf569c20+0x0000000000000078]
J 2560 c1 org.gradle.internal.service.DefaultServiceRegistry$ParentServices.getService(Ljava/lang/reflect/Type;)Lorg/gradle/internal/service/Service; (11 bytes) @ 0x0000019ea7cf1ccc [0x0000019ea7cf1bc0+0x000000000000010c]
J 4413 c2 org.gradle.internal.service.DefaultServiceRegistry$CompositeServiceProvider.getService(Ljava/lang/reflect/Type;)Lorg/gradle/internal/service/Service; (49 bytes) @ 0x0000019eaf569c98 [0x0000019eaf569c20+0x0000000000000078]
J 2560 c1 org.gradle.internal.service.DefaultServiceRegistry$ParentServices.getService(Ljava/lang/reflect/Type;)Lorg/gradle/internal/service/Service; (11 bytes) @ 0x0000019ea7cf1ccc [0x0000019ea7cf1bc0+0x000000000000010c]
J 4413 c2 org.gradle.internal.service.DefaultServiceRegistry$CompositeServiceProvider.getService(Ljava/lang/reflect/Type;)Lorg/gradle/internal/service/Service; (49 bytes) @ 0x0000019eaf569c98 [0x0000019eaf569c20+0x0000000000000078]
J 4413 c2 org.gradle.internal.service.DefaultServiceRegistry$CompositeServiceProvider.getService(Ljava/lang/reflect/Type;)Lorg/gradle/internal/service/Service; (49 bytes) @ 0x0000019eaf569c98 [0x0000019eaf569c20+0x0000000000000078]
J 2560 c1 org.gradle.internal.service.DefaultServiceRegistry$ParentServices.getService(Ljava/lang/reflect/Type;)Lorg/gradle/internal/service/Service; (11 bytes) @ 0x0000019ea7cf1ccc [0x0000019ea7cf1bc0+0x000000000000010c]
J 4413 c2 org.gradle.internal.service.DefaultServiceRegistry$CompositeServiceProvider.getService(Ljava/lang/reflect/Type;)Lorg/gradle/internal/service/Service; (49 bytes) @ 0x0000019eaf569c98 [0x0000019eaf569c20+0x0000000000000078]
J 2560 c1 org.gradle.internal.service.DefaultServiceRegistry$ParentServices.getService(Ljava/lang/reflect/Type;)Lorg/gradle/internal/service/Service; (11 bytes) @ 0x0000019ea7cf1ccc [0x0000019ea7cf1bc0+0x000000000000010c]
J 4413 c2 org.gradle.internal.service.DefaultServiceRegistry$CompositeServiceProvider.getService(Ljava/lang/reflect/Type;)Lorg/gradle/internal/service/Service; (49 bytes) @ 0x0000019eaf569c98 [0x0000019eaf569c20+0x0000000000000078]
J 2560 c1 org.gradle.internal.service.DefaultServiceRegistry$ParentServices.getService(Ljava/lang/reflect/Type;)Lorg/gradle/internal/service/Service; (11 bytes) @ 0x0000019ea7cf1ccc [0x0000019ea7cf1bc0+0x000000000000010c]
J 4413 c2 org.gradle.internal.service.DefaultServiceRegistry$CompositeServiceProvider.getService(Ljava/lang/reflect/Type;)Lorg/gradle/internal/service/Service; (49 bytes) @ 0x0000019eaf569c98 [0x0000019eaf569c20+0x0000000000000078]
J 2560 c1 org.gradle.internal.service.DefaultServiceRegistry$ParentServices.getService(Ljava/lang/reflect/Type;)Lorg/gradle/internal/service/Service; (11 bytes) @ 0x0000019ea7cf1ccc [0x0000019ea7cf1bc0+0x000000000000010c]
J 4413 c2 org.gradle.internal.service.DefaultServiceRegistry$CompositeServiceProvider.getService(Ljava/lang/reflect/Type;)Lorg/gradle/internal/service/Service; (49 bytes) @ 0x0000019eaf569c98 [0x0000019eaf569c20+0x0000000000000078]
J 3891 c1 org.gradle.internal.service.DefaultServiceRegistry.find(Ljava/lang/reflect/Type;Lorg/gradle/internal/service/ServiceProvider;)Lorg/gradle/internal/service/Service; (142 bytes) @ 0x0000019ea7fc5824 [0x0000019ea7fc43c0+0x0000000000001464]
J 2587 c1 org.gradle.internal.service.DefaultServiceRegistry$FactoryService.bind()V (283 bytes) @ 0x0000019ea7d0e55c [0x0000019ea7d0dee0+0x000000000000067c]
J 2212 c1 org.gradle.internal.service.DefaultServiceRegistry$SingletonService.prepare()Lorg/gradle/internal/service/Service; (111 bytes) @ 0x0000019ea7c2676c [0x0000019ea7c26040+0x000000000000072c]
J 2312 c1 org.gradle.internal.service.DefaultServiceRegistry$SingletonService.getService(Ljava/lang/reflect/Type;)Lorg/gradle/internal/service/Service; (18 bytes) @ 0x0000019ea7c6ec94 [0x0000019ea7c6eb60+0x0000000000000134]
J 4427 c2 org.gradle.internal.service.DefaultServiceRegistry$OwnServices.getService(Ljava/lang/reflect/Type;)Lorg/gradle/internal/service/Service; (309 bytes) @ 0x0000019eaf56a8a4 [0x0000019eaf56a680+0x0000000000000224]
J 4413 c2 org.gradle.internal.service.DefaultServiceRegistry$CompositeServiceProvider.getService(Ljava/lang/reflect/Type;)Lorg/gradle/internal/service/Service; (49 bytes) @ 0x0000019eaf569c98 [0x0000019eaf569c20+0x0000000000000078]
J 3891 c1 org.gradle.internal.service.DefaultServiceRegistry.find(Ljava/lang/reflect/Type;Lorg/gradle/internal/service/ServiceProvider;)Lorg/gradle/internal/service/Service; (142 bytes) @ 0x0000019ea7fc5824 [0x0000019ea7fc43c0+0x0000000000001464]
J 5633 c1 org.gradle.internal.service.DefaultServiceRegistry.get(Ljava/lang/reflect/Type;)Ljava/lang/Object; (44 bytes) @ 0x0000019ea7c1ab24 [0x0000019ea7c1a920+0x0000000000000204]
j  org.gradle.api.internal.project.DefaultProject_Decorated.getModelRegistry()Lorg/gradle/model/internal/registry/ModelRegistry;+16
j  org.gradle.api.internal.tasks.DefaultTaskCollection.hasWithName(Ljava/lang/String;)Z+4
j  org.gradle.api.internal.tasks.DefaultTaskContainer.registerTask(Ljava/lang/String;Ljava/lang/Class;Lorg/gradle/api/Action;[Ljava/lang/Object;)Lorg/gradle/api/tasks/TaskProvider;+2
j  org.gradle.api.internal.tasks.DefaultTaskContainer.register(Ljava/lang/String;Ljava/lang/Class;Lorg/gradle/api/Action;)Lorg/gradle/api/tasks/TaskProvider;+13
j  org.gradle.internal.buildconfiguration.DaemonJvmPropertiesConfigurator.execute(Lorg/gradle/api/internal/project/ProjectInternal;)V+25
j  org.gradle.internal.buildconfiguration.DaemonJvmPropertiesConfigurator.execute(Ljava/lang/Object;)V+5
j  org.gradle.configuration.project.PluginsProjectConfigureActions.execute(Lorg/gradle/api/internal/project/ProjectInternal;)V+31
j  org.gradle.configuration.project.PluginsProjectConfigureActions.execute(Ljava/lang/Object;)V+5
j  org.gradle.configuration.project.ConfigureActionsProjectEvaluator.evaluate(Lorg/gradle/api/internal/project/ProjectInternal;Lorg/gradle/api/internal/project/ProjectStateInternal;)V+33
j  org.gradle.configuration.project.LifecycleProjectEvaluator$EvaluateProject.lambda$run$0(Lorg/gradle/internal/operations/BuildOperationContext;Lorg/gradle/api/internal/project/ProjectInternal;)V+67
j  org.gradle.configuration.project.LifecycleProjectEvaluator$EvaluateProject$$Lambda$1081+0x0000019ec37e1378.accept(Ljava/lang/Object;)V+12
j  org.gradle.api.internal.project.DefaultProjectStateRegistry$ProjectStateImpl.lambda$applyToMutableState$1(Ljava/util/function/Consumer;Lorg/gradle/api/internal/project/ProjectInternal;)Ljava/lang/Object;+2
j  org.gradle.api.internal.project.DefaultProjectStateRegistry$ProjectStateImpl$$Lambda$1082+0x0000019ec37e15a8.apply(Ljava/lang/Object;)Ljava/lang/Object;+8
j  org.gradle.api.internal.project.DefaultProjectStateRegistry$ProjectStateImpl.lambda$fromMutableState$2(Ljava/util/function/Function;)Ljava/lang/Object;+5
j  org.gradle.api.internal.project.DefaultProjectStateRegistry$ProjectStateImpl$$Lambda$1083+0x0000019ec37e17e8.create()Ljava/lang/Object;+8
j  org.gradle.internal.work.DefaultWorkerLeaseService.withReplacedLocks(Ljava/util/Collection;Lorg/gradle/internal/resources/ResourceLock;Lorg/gradle/internal/Factory;)Ljava/lang/Object;+40
j  org.gradle.api.internal.project.DefaultProjectStateRegistry$ProjectStateImpl.fromMutableState(Ljava/util/function/Function;)Ljava/lang/Object;+132
j  org.gradle.api.internal.project.DefaultProjectStateRegistry$ProjectStateImpl.applyToMutableState(Ljava/util/function/Consumer;)V+7
j  org.gradle.configuration.project.LifecycleProjectEvaluator$EvaluateProject.run(Lorg/gradle/internal/operations/BuildOperationContext;)V+16
j  org.gradle.internal.operations.DefaultBuildOperationRunner$1.execute(Lorg/gradle/internal/operations/RunnableBuildOperation;Lorg/gradle/internal/operations/BuildOperationContext;)V+2
j  org.gradle.internal.operations.DefaultBuildOperationRunner$1.execute(Lorg/gradle/internal/operations/BuildOperation;Lorg/gradle/internal/operations/BuildOperationContext;)V+6
j  org.gradle.internal.operations.DefaultBuildOperationRunner$2.execute(Lorg/gradle/internal/operations/BuildOperationDescriptor;Lorg/gradle/internal/operations/BuildOperationState;Lorg/gradle/internal/operations/BuildOperationState;Lorg/gradle/internal/operations/DefaultBuildOperationRunner$ReadableBuildOperationContext;Lorg/gradle/internal/operations/DefaultBuildOperationRunner$BuildOperationExecutionListener;)Lorg/gradle/internal/operations/BuildOperation;+22
j  org.gradle.internal.operations.DefaultBuildOperationRunner$2.execute(Lorg/gradle/internal/operations/BuildOperationDescriptor;Lorg/gradle/internal/operations/BuildOperationState;Lorg/gradle/internal/operations/BuildOperationState;Lorg/gradle/internal/operations/DefaultBuildOperationRunner$ReadableBuildOperationContext;Lorg/gradle/internal/operations/DefaultBuildOperationRunner$BuildOperationExecutionListener;)Ljava/lang/Object;+8
j  org.gradle.internal.operations.DefaultBuildOperationRunner.execute(Lorg/gradle/internal/operations/BuildOperationDescriptor$Builder;Lorg/gradle/internal/operations/BuildOperationState;Lorg/gradle/internal/operations/DefaultBuildOperationRunner$BuildOperationExecution;)Ljava/lang/Object;+141
j  org.gradle.internal.operations.DefaultBuildOperationRunner.execute(Lorg/gradle/internal/operations/BuildOperation;Lorg/gradle/internal/operations/BuildOperationWorker;Lorg/gradle/internal/operations/BuildOperationState;)V+18
j  org.gradle.internal.operations.DefaultBuildOperationRunner.run(Lorg/gradle/internal/operations/RunnableBuildOperation;)V+9
j  org.gradle.configuration.project.LifecycleProjectEvaluator.evaluate(Lorg/gradle/api/internal/project/ProjectInternal;Lorg/gradle/api/internal/project/ProjectStateInternal;)V+42
j  org.gradle.api.internal.project.DefaultProject.evaluate()Lorg/gradle/api/internal/project/DefaultProject;+9
j  org.gradle.api.internal.project.DefaultProject.evaluate()Lorg/gradle/api/Project;+1
j  org.gradle.api.internal.project.ProjectLifecycleController.lambda$ensureSelfConfigured$2()V+4
j  org.gradle.api.internal.project.ProjectLifecycleController$$Lambda$1079+0x0000019ec37dcc58.run()V+4
j  org.gradle.internal.model.StateTransitionController.lambda$doTransition$14(Ljava/lang/Runnable;)Lorg/gradle/internal/build/ExecutionResult;+1
j  org.gradle.internal.model.StateTransitionController$$Lambda$301+0x0000019ec3328c48.get()Ljava/lang/Object;+4
j  org.gradle.internal.model.StateTransitionController.doTransition(Lorg/gradle/internal/model/StateTransitionController$State;Lorg/gradle/internal/model/StateTransitionController$State;Ljava/util/function/Supplier;)Lorg/gradle/internal/build/ExecutionResult;+24
j  org.gradle.internal.model.StateTransitionController.doTransition(Lorg/gradle/internal/model/StateTransitionController$State;Lorg/gradle/internal/model/StateTransitionController$State;Ljava/lang/Runnable;)V+9
j  org.gradle.internal.model.StateTransitionController.lambda$maybeTransitionIfNotCurrentlyTransitioning$10(Lorg/gradle/internal/model/StateTransitionController$State;Lorg/gradle/internal/model/StateTransitionController$State;Ljava/lang/Runnable;)V+16
j  org.gradle.internal.model.StateTransitionController$$Lambda$1080+0x0000019ec37dc400.run()V+16
j  org.gradle.internal.work.DefaultSynchronizer.withLock(Ljava/lang/Runnable;)V+6
j  org.gradle.internal.model.StateTransitionController.maybeTransitionIfNotCurrentlyTransitioning(Lorg/gradle/internal/model/StateTransitionController$State;Lorg/gradle/internal/model/StateTransitionController$State;Ljava/lang/Runnable;)V+13
j  org.gradle.api.internal.project.ProjectLifecycleController.ensureSelfConfigured()V+16
j  org.gradle.api.internal.project.DefaultProjectStateRegistry$ProjectStateImpl.ensureConfigured()V+19
j  org.gradle.execution.TaskPathProjectEvaluator.configure(Lorg/gradle/api/internal/project/ProjectInternal;)V+6
j  org.gradle.execution.TaskPathProjectEvaluator.configureHierarchy(Lorg/gradle/api/internal/project/ProjectInternal;)V+2
j  org.gradle.configuration.DefaultProjectsPreparer.prepareProjects(Lorg/gradle/api/internal/GradleInternal;)V+29
j  org.gradle.configuration.BuildTreePreparingProjectsPreparer.prepareProjects(Lorg/gradle/api/internal/GradleInternal;)V+114
j  org.gradle.configuration.BuildOperationFiringProjectsPreparer$ConfigureBuild.run(Lorg/gradle/internal/operations/BuildOperationContext;)V+11
j  org.gradle.internal.operations.DefaultBuildOperationRunner$1.execute(Lorg/gradle/internal/operations/RunnableBuildOperation;Lorg/gradle/internal/operations/BuildOperationContext;)V+2
j  org.gradle.internal.operations.DefaultBuildOperationRunner$1.execute(Lorg/gradle/internal/operations/BuildOperation;Lorg/gradle/internal/operations/BuildOperationContext;)V+6
j  org.gradle.internal.operations.DefaultBuildOperationRunner$2.execute(Lorg/gradle/internal/operations/BuildOperationDescriptor;Lorg/gradle/internal/operations/BuildOperationState;Lorg/gradle/internal/operations/BuildOperationState;Lorg/gradle/internal/operations/DefaultBuildOperationRunner$ReadableBuildOperationContext;Lorg/gradle/internal/operations/DefaultBuildOperationRunner$BuildOperationExecutionListener;)Lorg/gradle/internal/operations/BuildOperation;+22
j  org.gradle.internal.operations.DefaultBuildOperationRunner$2.execute(Lorg/gradle/internal/operations/BuildOperationDescriptor;Lorg/gradle/internal/operations/BuildOperationState;Lorg/gradle/internal/operations/BuildOperationState;Lorg/gradle/internal/operations/DefaultBuildOperationRunner$ReadableBuildOperationContext;Lorg/gradle/internal/operations/DefaultBuildOperationRunner$BuildOperationExecutionListener;)Ljava/lang/Object;+8
j  org.gradle.internal.operations.DefaultBuildOperationRunner.execute(Lorg/gradle/internal/operations/BuildOperationDescriptor$Builder;Lorg/gradle/internal/operations/BuildOperationState;Lorg/gradle/internal/operations/DefaultBuildOperationRunner$BuildOperationExecution;)Ljava/lang/Object;+141
j  org.gradle.internal.operations.DefaultBuildOperationRunner.execute(Lorg/gradle/internal/operations/BuildOperation;Lorg/gradle/internal/operations/BuildOperationWorker;Lorg/gradle/internal/operations/BuildOperationState;)V+18
j  org.gradle.internal.operations.DefaultBuildOperationRunner.run(Lorg/gradle/internal/operations/RunnableBuildOperation;)V+9
j  org.gradle.configuration.BuildOperationFiringProjectsPreparer.prepareProjects(Lorg/gradle/api/internal/GradleInternal;)V+13
j  org.gradle.initialization.VintageBuildModelController.lambda$prepareProjects$2()V+8
j  org.gradle.initialization.VintageBuildModelController$$Lambda$1017+0x0000019ec3786918.run()V+4
j  org.gradle.internal.model.StateTransitionController.lambda$doTransition$14(Ljava/lang/Runnable;)Lorg/gradle/internal/build/ExecutionResult;+1
j  org.gradle.internal.model.StateTransitionController$$Lambda$301+0x0000019ec3328c48.get()Ljava/lang/Object;+4
j  org.gradle.internal.model.StateTransitionController.doTransition(Lorg/gradle/internal/model/StateTransitionController$State;Lorg/gradle/internal/model/StateTransitionController$State;Ljava/util/function/Supplier;)Lorg/gradle/internal/build/ExecutionResult;+24
j  org.gradle.internal.model.StateTransitionController.doTransition(Lorg/gradle/internal/model/StateTransitionController$State;Lorg/gradle/internal/model/StateTransitionController$State;Ljava/lang/Runnable;)V+9
j  org.gradle.internal.model.StateTransitionController.lambda$transitionIfNotPreviously$11(Lorg/gradle/internal/model/StateTransitionController$State;Lorg/gradle/internal/model/StateTransitionController$State;Ljava/lang/Runnable;)V+16
j  org.gradle.internal.model.StateTransitionController$$Lambda$303+0x0000019ec3329088.run()V+16
j  org.gradle.internal.work.DefaultSynchronizer.withLock(Ljava/lang/Runnable;)V+6
j  org.gradle.internal.model.StateTransitionController.transitionIfNotPreviously(Lorg/gradle/internal/model/StateTransitionController$State;Lorg/gradle/internal/model/StateTransitionController$State;Ljava/lang/Runnable;)V+13
j  org.gradle.initialization.VintageBuildModelController.prepareProjects()V+16
j  org.gradle.initialization.VintageBuildModelController.getConfiguredModel()Lorg/gradle/api/internal/GradleInternal;+5
j  org.gradle.internal.build.DefaultBuildLifecycleController$$Lambda$1034+0x0000019ec37a6028.get()Ljava/lang/Object;+4
j  org.gradle.internal.model.StateTransitionController.lambda$notInState$3(Lorg/gradle/internal/model/StateTransitionController$State;Ljava/util/function/Supplier;)Ljava/lang/Object;+11
j  org.gradle.internal.model.StateTransitionController$$Lambda$661+0x0000019ec3508220.create()Ljava/lang/Object;+12
j  org.gradle.internal.work.DefaultSynchronizer.withLock(Lorg/gradle/internal/Factory;)Ljava/lang/Object;+6
j  org.gradle.internal.model.StateTransitionController.notInState(Lorg/gradle/internal/model/StateTransitionController$State;Ljava/util/function/Supplier;)Ljava/lang/Object;+12
j  org.gradle.internal.build.DefaultBuildLifecycleController.configureProjects()V+21
j  org.gradle.internal.build.AbstractBuildState.ensureProjectsConfigured()V+4
j  org.gradle.composite.internal.AbstractCompositeParticipantBuildState.ensureChildBuildConfigured()V+1
j  org.gradle.composite.internal.AbstractCompositeParticipantBuildState.getAvailableModules()Ljava/util/Set;+8
j  org.gradle.composite.internal.IncludedBuildDependencySubstitutionsBuilder.build(Lorg/gradle/internal/build/IncludedBuildState;)V+45
j  org.gradle.composite.internal.IncludedBuildDependencySubstitutionsBuilder.registerSubstitutionsFor(Lorg/gradle/internal/build/CompositeBuildParticipantBuildState;)V+12
j  org.gradle.internal.buildtree.BuildInclusionCoordinator.doRegisterSubstitutions(Lorg/gradle/internal/build/CompositeBuildParticipantBuildState;)V+16
j  org.gradle.internal.buildtree.BuildInclusionCoordinator.registerGlobalLibrarySubstitutions()V+31
j  org.gradle.internal.buildtree.BuildInclusionCoordinator.registerSubstitutionsAvailableFor(Lorg/gradle/internal/build/BuildState;)V+8
j  org.gradle.configuration.BuildTreePreparingProjectsPreparer.prepareProjects(Lorg/gradle/api/internal/GradleInternal;)V+99
j  org.gradle.configuration.BuildOperationFiringProjectsPreparer$ConfigureBuild.run(Lorg/gradle/internal/operations/BuildOperationContext;)V+11
j  org.gradle.internal.operations.DefaultBuildOperationRunner$1.execute(Lorg/gradle/internal/operations/RunnableBuildOperation;Lorg/gradle/internal/operations/BuildOperationContext;)V+2
j  org.gradle.internal.operations.DefaultBuildOperationRunner$1.execute(Lorg/gradle/internal/operations/BuildOperation;Lorg/gradle/internal/operations/BuildOperationContext;)V+6
j  org.gradle.internal.operations.DefaultBuildOperationRunner$2.execute(Lorg/gradle/internal/operations/BuildOperationDescriptor;Lorg/gradle/internal/operations/BuildOperationState;Lorg/gradle/internal/operations/BuildOperationState;Lorg/gradle/internal/operations/DefaultBuildOperationRunner$ReadableBuildOperationContext;Lorg/gradle/internal/operations/DefaultBuildOperationRunner$BuildOperationExecutionListener;)Lorg/gradle/internal/operations/BuildOperation;+22
j  org.gradle.internal.operations.DefaultBuildOperationRunner$2.execute(Lorg/gradle/internal/operations/BuildOperationDescriptor;Lorg/gradle/internal/operations/BuildOperationState;Lorg/gradle/internal/operations/BuildOperationState;Lorg/gradle/internal/operations/DefaultBuildOperationRunner$ReadableBuildOperationContext;Lorg/gradle/internal/operations/DefaultBuildOperationRunner$BuildOperationExecutionListener;)Ljava/lang/Object;+8
j  org.gradle.internal.operations.DefaultBuildOperationRunner.execute(Lorg/gradle/internal/operations/BuildOperationDescriptor$Builder;Lorg/gradle/internal/operations/BuildOperationState;Lorg/gradle/internal/operations/DefaultBuildOperationRunner$BuildOperationExecution;)Ljava/lang/Object;+141
j  org.gradle.internal.operations.DefaultBuildOperationRunner.execute(Lorg/gradle/internal/operations/BuildOperation;Lorg/gradle/internal/operations/BuildOperationWorker;Lorg/gradle/internal/operations/BuildOperationState;)V+18
j  org.gradle.internal.operations.DefaultBuildOperationRunner.run(Lorg/gradle/internal/operations/RunnableBuildOperation;)V+9
j  org.gradle.configuration.BuildOperationFiringProjectsPreparer.prepareProjects(Lorg/gradle/api/internal/GradleInternal;)V+13
j  org.gradle.initialization.VintageBuildModelController.lambda$prepareProjects$2()V+8
j  org.gradle.initialization.VintageBuildModelController$$Lambda$1017+0x0000019ec3786918.run()V+4
j  org.gradle.internal.model.StateTransitionController.lambda$doTransition$14(Ljava/lang/Runnable;)Lorg/gradle/internal/build/ExecutionResult;+1
j  org.gradle.internal.model.StateTransitionController$$Lambda$301+0x0000019ec3328c48.get()Ljava/lang/Object;+4
j  org.gradle.internal.model.StateTransitionController.doTransition(Lorg/gradle/internal/model/StateTransitionController$State;Lorg/gradle/internal/model/StateTransitionController$State;Ljava/util/function/Supplier;)Lorg/gradle/internal/build/ExecutionResult;+24
j  org.gradle.internal.model.StateTransitionController.doTransition(Lorg/gradle/internal/model/StateTransitionController$State;Lorg/gradle/internal/model/StateTransitionController$State;Ljava/lang/Runnable;)V+9
j  org.gradle.internal.model.StateTransitionController.lambda$transitionIfNotPreviously$11(Lorg/gradle/internal/model/StateTransitionController$State;Lorg/gradle/internal/model/StateTransitionController$State;Ljava/lang/Runnable;)V+16
j  org.gradle.internal.model.StateTransitionController$$Lambda$303+0x0000019ec3329088.run()V+16
j  org.gradle.internal.work.DefaultSynchronizer.withLock(Ljava/lang/Runnable;)V+6
j  org.gradle.internal.model.StateTransitionController.transitionIfNotPreviously(Lorg/gradle/internal/model/StateTransitionController$State;Lorg/gradle/internal/model/StateTransitionController$State;Ljava/lang/Runnable;)V+13
j  org.gradle.initialization.VintageBuildModelController.prepareProjects()V+16
j  org.gradle.initialization.VintageBuildModelController.prepareToScheduleTasks()V+5
j  org.gradle.internal.build.DefaultBuildLifecycleController.lambda$prepareToScheduleTasks$6()V+9
j  org.gradle.internal.build.DefaultBuildLifecycleController$$Lambda$299+0x0000019ec3328808.run()V+4
j  org.gradle.internal.model.StateTransitionController.lambda$doTransition$14(Ljava/lang/Runnable;)Lorg/gradle/internal/build/ExecutionResult;+1
j  org.gradle.internal.model.StateTransitionController$$Lambda$301+0x0000019ec3328c48.get()Ljava/lang/Object;+4
j  org.gradle.internal.model.StateTransitionController.doTransition(Lorg/gradle/internal/model/StateTransitionController$State;Lorg/gradle/internal/model/StateTransitionController$State;Ljava/util/function/Supplier;)Lorg/gradle/internal/build/ExecutionResult;+24
j  org.gradle.internal.model.StateTransitionController.doTransition(Lorg/gradle/internal/model/StateTransitionController$State;Lorg/gradle/internal/model/StateTransitionController$State;Ljava/lang/Runnable;)V+9
j  org.gradle.internal.model.StateTransitionController.lambda$maybeTransition$9(Lorg/gradle/internal/model/StateTransitionController$State;Lorg/gradle/internal/model/StateTransitionController$State;Ljava/lang/Runnable;)V+16
j  org.gradle.internal.model.StateTransitionController$$Lambda$300+0x0000019ec3328a28.run()V+16
j  org.gradle.internal.work.DefaultSynchronizer.withLock(Ljava/lang/Runnable;)V+6
j  org.gradle.internal.model.StateTransitionController.maybeTransition(Lorg/gradle/internal/model/StateTransitionController$State;Lorg/gradle/internal/model/StateTransitionController$State;Ljava/lang/Runnable;)V+13
j  org.gradle.internal.build.DefaultBuildLifecycleController.prepareToScheduleTasks()V+16
j  org.gradle.internal.buildtree.DefaultBuildTreeWorkPreparer.scheduleRequestedTasks(Lorg/gradle/internal/buildtree/BuildTreeWorkGraph;Lorg/gradle/execution/EntryTaskSelector;)Lorg/gradle/internal/buildtree/BuildTreeWorkGraph$FinalizedGraph;+4
j  org.gradle.configurationcache.VintageBuildTreeWorkController$scheduleAndRunRequestedTasks$1.apply(Lorg/gradle/internal/buildtree/BuildTreeWorkGraph;)Lorg/gradle/internal/build/ExecutionResult;+18
j  org.gradle.configurationcache.VintageBuildTreeWorkController$scheduleAndRunRequestedTasks$1.apply(Ljava/lang/Object;)Ljava/lang/Object;+5
j  org.gradle.composite.internal.DefaultIncludedBuildTaskGraph.withNewWorkGraph(Ljava/util/function/Function;)Ljava/lang/Object;+30
j  org.gradle.configurationcache.VintageBuildTreeWorkController.scheduleAndRunRequestedTasks(Lorg/gradle/execution/EntryTaskSelector;)Lorg/gradle/internal/build/ExecutionResult;+16
j  org.gradle.internal.buildtree.DefaultBuildTreeLifecycleController.lambda$scheduleAndRunTasks$1(Lorg/gradle/execution/EntryTaskSelector;)Lorg/gradle/internal/build/ExecutionResult;+5
j  org.gradle.internal.buildtree.DefaultBuildTreeLifecycleController$$Lambda$294+0x0000019ec3324800.get()Ljava/lang/Object;+8
j  org.gradle.internal.buildtree.DefaultBuildTreeLifecycleController.lambda$runBuild$4(Ljava/util/function/Supplier;)Ljava/lang/Object;+1
j  org.gradle.internal.buildtree.DefaultBuildTreeLifecycleController$$Lambda$295+0x0000019ec3324a20.get()Ljava/lang/Object;+8
j  org.gradle.internal.model.StateTransitionController.lambda$transition$6(Ljava/util/function/Supplier;)Lorg/gradle/internal/build/ExecutionResult;+1
j  org.gradle.internal.model.StateTransitionController$$Lambda$297+0x0000019ec3328000.get()Ljava/lang/Object;+4
j  org.gradle.internal.model.StateTransitionController.doTransition(Lorg/gradle/internal/model/StateTransitionController$State;Lorg/gradle/internal/model/StateTransitionController$State;Ljava/util/function/Supplier;)Lorg/gradle/internal/build/ExecutionResult;+24
j  org.gradle.internal.model.StateTransitionController.lambda$transition$7(Lorg/gradle/internal/model/StateTransitionController$State;Lorg/gradle/internal/model/StateTransitionController$State;Ljava/util/function/Supplier;)Ljava/lang/Object;+9
j  org.gradle.internal.model.StateTransitionController$$Lambda$296+0x0000019ec3324c40.create()Ljava/lang/Object;+16
j  org.gradle.internal.work.DefaultSynchronizer.withLock(Lorg/gradle/internal/Factory;)Ljava/lang/Object;+6
j  org.gradle.internal.model.StateTransitionController.transition(Lorg/gradle/internal/model/StateTransitionController$State;Lorg/gradle/internal/model/StateTransitionController$State;Ljava/util/function/Supplier;)Ljava/lang/Object;+13
j  org.gradle.internal.buildtree.DefaultBuildTreeLifecycleController.runBuild(Ljava/util/function/Supplier;)Ljava/lang/Object;+17
j  org.gradle.internal.buildtree.DefaultBuildTreeLifecycleController.scheduleAndRunTasks(Lorg/gradle/execution/EntryTaskSelector;)V+8
j  org.gradle.internal.buildtree.DefaultBuildTreeLifecycleController.scheduleAndRunTasks()V+2
j  org.gradle.tooling.internal.provider.ExecuteBuildActionRunner.run(Lorg/gradle/internal/invocation/BuildAction;Lorg/gradle/internal/buildtree/BuildTreeLifecycleController;)Lorg/gradle/internal/buildtree/BuildActionRunner$Result;+12
j  org.gradle.launcher.exec.ChainingBuildActionRunner.run(Lorg/gradle/internal/invocation/BuildAction;Lorg/gradle/internal/buildtree/BuildTreeLifecycleController;)Lorg/gradle/internal/buildtree/BuildActionRunner$Result;+34
j  org.gradle.internal.buildtree.ProblemReportingBuildActionRunner.run(Lorg/gradle/internal/invocation/BuildAction;Lorg/gradle/internal/buildtree/BuildTreeLifecycleController;)Lorg/gradle/internal/buildtree/BuildActionRunner$Result;+12
j  org.gradle.launcher.exec.BuildOutcomeReportingBuildActionRunner.run(Lorg/gradle/internal/invocation/BuildAction;Lorg/gradle/internal/buildtree/BuildTreeLifecycleController;)Lorg/gradle/internal/buildtree/BuildActionRunner$Result;+69
j  org.gradle.tooling.internal.provider.FileSystemWatchingBuildActionRunner.run(Lorg/gradle/internal/invocation/BuildAction;Lorg/gradle/internal/buildtree/BuildTreeLifecycleController;)Lorg/gradle/internal/buildtree/BuildActionRunner$Result;+335
j  org.gradle.launcher.exec.BuildCompletionNotifyingBuildActionRunner.run(Lorg/gradle/internal/invocation/BuildAction;Lorg/gradle/internal/buildtree/BuildTreeLifecycleController;)Lorg/gradle/internal/buildtree/BuildActionRunner$Result;+6
j  org.gradle.launcher.exec.RootBuildLifecycleBuildActionExecutor.lambda$execute$0(Lorg/gradle/internal/invocation/BuildAction;Lorg/gradle/internal/buildtree/BuildTreeLifecycleController;)Lorg/gradle/internal/buildtree/BuildActionRunner$Result;+6
j  org.gradle.launcher.exec.RootBuildLifecycleBuildActionExecutor$$Lambda$265+0x0000019ec3312798.apply(Ljava/lang/Object;)Ljava/lang/Object;+12
j  org.gradle.composite.internal.DefaultRootBuildState.run(Ljava/util/function/Function;)Ljava/lang/Object;+87
j  org.gradle.launcher.exec.RootBuildLifecycleBuildActionExecutor.execute(Lorg/gradle/internal/invocation/BuildAction;Lorg/gradle/internal/buildtree/BuildTreeContext;)Lorg/gradle/internal/buildtree/BuildActionRunner$Result;+28
j  org.gradle.internal.buildtree.InitDeprecationLoggingActionExecutor.execute(Lorg/gradle/internal/invocation/BuildAction;Lorg/gradle/internal/buildtree/BuildTreeContext;)Lorg/gradle/internal/buildtree/BuildActionRunner$Result;+83
j  org.gradle.internal.buildtree.InitProblems.execute(Lorg/gradle/internal/invocation/BuildAction;Lorg/gradle/internal/buildtree/BuildTreeContext;)Lorg/gradle/internal/buildtree/BuildActionRunner$Result;+13
j  org.gradle.internal.buildtree.DefaultBuildTreeContext.execute(Lorg/gradle/internal/invocation/BuildAction;)Lorg/gradle/internal/buildtree/BuildActionRunner$Result;+64
j  org.gradle.launcher.exec.BuildTreeLifecycleBuildActionExecutor.lambda$execute$0(Lorg/gradle/internal/invocation/BuildAction;Lorg/gradle/internal/buildtree/BuildTreeContext;)Lorg/gradle/internal/buildtree/BuildActionRunner$Result;+2
j  org.gradle.launcher.exec.BuildTreeLifecycleBuildActionExecutor$$Lambda$206+0x0000019ec326a778.apply(Ljava/lang/Object;)Ljava/lang/Object;+8
j  org.gradle.internal.buildtree.BuildTreeState.run(Ljava/util/function/Function;)Ljava/lang/Object;+45
j  org.gradle.launcher.exec.BuildTreeLifecycleBuildActionExecutor.execute(Lorg/gradle/internal/invocation/BuildAction;Lorg/gradle/internal/session/BuildSessionContext;)Lorg/gradle/internal/buildtree/BuildActionRunner$Result;+74
j  org.gradle.launcher.exec.RunAsBuildOperationBuildActionExecutor$3.call(Lorg/gradle/internal/operations/BuildOperationContext;)Lorg/gradle/internal/buildtree/BuildActionRunner$Result;+25
j  org.gradle.launcher.exec.RunAsBuildOperationBuildActionExecutor$3.call(Lorg/gradle/internal/operations/BuildOperationContext;)Ljava/lang/Object;+2
j  org.gradle.internal.operations.DefaultBuildOperationRunner$CallableBuildOperationWorker.execute(Lorg/gradle/internal/operations/CallableBuildOperation;Lorg/gradle/internal/operations/BuildOperationContext;)V+3
j  org.gradle.internal.operations.DefaultBuildOperationRunner$CallableBuildOperationWorker.execute(Lorg/gradle/internal/operations/BuildOperation;Lorg/gradle/internal/operations/BuildOperationContext;)V+6
j  org.gradle.internal.operations.DefaultBuildOperationRunner$2.execute(Lorg/gradle/internal/operations/BuildOperationDescriptor;Lorg/gradle/internal/operations/BuildOperationState;Lorg/gradle/internal/operations/BuildOperationState;Lorg/gradle/internal/operations/DefaultBuildOperationRunner$ReadableBuildOperationContext;Lorg/gradle/internal/operations/DefaultBuildOperationRunner$BuildOperationExecutionListener;)Lorg/gradle/internal/operations/BuildOperation;+22
j  org.gradle.internal.operations.DefaultBuildOperationRunner$2.execute(Lorg/gradle/internal/operations/BuildOperationDescriptor;Lorg/gradle/internal/operations/BuildOperationState;Lorg/gradle/internal/operations/BuildOperationState;Lorg/gradle/internal/operations/DefaultBuildOperationRunner$ReadableBuildOperationContext;Lorg/gradle/internal/operations/DefaultBuildOperationRunner$BuildOperationExecutionListener;)Ljava/lang/Object;+8
j  org.gradle.internal.operations.DefaultBuildOperationRunner.execute(Lorg/gradle/internal/operations/BuildOperationDescriptor$Builder;Lorg/gradle/internal/operations/BuildOperationState;Lorg/gradle/internal/operations/DefaultBuildOperationRunner$BuildOperationExecution;)Ljava/lang/Object;+141
j  org.gradle.internal.operations.DefaultBuildOperationRunner.execute(Lorg/gradle/internal/operations/BuildOperation;Lorg/gradle/internal/operations/BuildOperationWorker;Lorg/gradle/internal/operations/BuildOperationState;)V+18
j  org.gradle.internal.operations.DefaultBuildOperationRunner.call(Lorg/gradle/internal/operations/CallableBuildOperation;)Ljava/lang/Object;+16
j  org.gradle.launcher.exec.RunAsBuildOperationBuildActionExecutor.execute(Lorg/gradle/internal/invocation/BuildAction;Lorg/gradle/internal/session/BuildSessionContext;)Lorg/gradle/internal/buildtree/BuildActionRunner$Result;+23
j  org.gradle.launcher.exec.RunAsWorkerThreadBuildActionExecutor.lambda$execute$0(Lorg/gradle/internal/invocation/BuildAction;Lorg/gradle/internal/session/BuildSessionContext;)Lorg/gradle/internal/buildtree/BuildActionRunner$Result;+6
j  org.gradle.launcher.exec.RunAsWorkerThreadBuildActionExecutor$$Lambda$200+0x0000019ec3242a28.create()Ljava/lang/Object;+12
j  org.gradle.internal.work.DefaultWorkerLeaseService.withLocks(Ljava/util/Collection;Lorg/gradle/internal/Factory;)Ljava/lang/Object;+28
j  org.gradle.internal.work.DefaultWorkerLeaseService.runAsWorkerThread(Lorg/gradle/internal/Factory;)Ljava/lang/Object;+33
j  org.gradle.launcher.exec.RunAsWorkerThreadBuildActionExecutor.execute(Lorg/gradle/internal/invocation/BuildAction;Lorg/gradle/internal/session/BuildSessionContext;)Lorg/gradle/internal/buildtree/BuildActionRunner$Result;+12
j  org.gradle.tooling.internal.provider.continuous.ContinuousBuildActionExecutor.execute(Lorg/gradle/internal/invocation/BuildAction;Lorg/gradle/internal/session/BuildSessionContext;)Lorg/gradle/internal/buildtree/BuildActionRunner$Result;+58
j  org.gradle.tooling.internal.provider.SubscribableBuildActionExecutor.execute(Lorg/gradle/internal/invocation/BuildAction;Lorg/gradle/internal/session/BuildSessionContext;)Lorg/gradle/internal/buildtree/BuildActionRunner$Result;+30
j  org.gradle.internal.session.DefaultBuildSessionContext.execute(Lorg/gradle/internal/invocation/BuildAction;)Lorg/gradle/internal/buildtree/BuildActionRunner$Result;+64
j  org.gradle.tooling.internal.provider.BuildSessionLifecycleBuildActionExecuter$ActionImpl.apply(Lorg/gradle/internal/session/BuildSessionContext;)Lorg/gradle/launcher/exec/BuildActionResult;+6
j  org.gradle.tooling.internal.provider.BuildSessionLifecycleBuildActionExecuter$ActionImpl.apply(Ljava/lang/Object;)Ljava/lang/Object;+5
j  org.gradle.internal.session.BuildSessionState.run(Ljava/util/function/Function;)Ljava/lang/Object;+5
j  org.gradle.tooling.internal.provider.BuildSessionLifecycleBuildActionExecuter.execute(Lorg/gradle/internal/invocation/BuildAction;Lorg/gradle/launcher/exec/BuildActionParameters;Lorg/gradle/initialization/BuildRequestContext;)Lorg/gradle/launcher/exec/BuildActionResult;+95
j  org.gradle.tooling.internal.provider.BuildSessionLifecycleBuildActionExecuter.execute(Lorg/gradle/internal/invocation/BuildAction;Ljava/lang/Object;Ljava/lang/Object;)Lorg/gradle/launcher/exec/BuildActionResult;+10
j  org.gradle.tooling.internal.provider.StartParamsValidatingActionExecuter.execute(Lorg/gradle/internal/invocation/BuildAction;Lorg/gradle/launcher/exec/BuildActionParameters;Lorg/gradle/initialization/BuildRequestContext;)Lorg/gradle/launcher/exec/BuildActionResult;+203
j  org.gradle.tooling.internal.provider.StartParamsValidatingActionExecuter.execute(Lorg/gradle/internal/invocation/BuildAction;Ljava/lang/Object;Ljava/lang/Object;)Lorg/gradle/launcher/exec/BuildActionResult;+10
j  org.gradle.tooling.internal.provider.SessionFailureReportingActionExecuter.execute(Lorg/gradle/internal/invocation/BuildAction;Lorg/gradle/launcher/exec/BuildActionParameters;Lorg/gradle/initialization/BuildRequestContext;)Lorg/gradle/launcher/exec/BuildActionResult;+7
j  org.gradle.tooling.internal.provider.SessionFailureReportingActionExecuter.execute(Lorg/gradle/internal/invocation/BuildAction;Ljava/lang/Object;Ljava/lang/Object;)Lorg/gradle/launcher/exec/BuildActionResult;+10
j  org.gradle.tooling.internal.provider.SetupLoggingActionExecuter.execute(Lorg/gradle/internal/invocation/BuildAction;Lorg/gradle/launcher/exec/BuildActionParameters;Lorg/gradle/initialization/BuildRequestContext;)Lorg/gradle/launcher/exec/BuildActionResult;+50
j  org.gradle.tooling.internal.provider.SetupLoggingActionExecuter.execute(Lorg/gradle/internal/invocation/BuildAction;Ljava/lang/Object;Ljava/lang/Object;)Lorg/gradle/launcher/exec/BuildActionResult;+10
j  org.gradle.launcher.daemon.server.exec.ExecuteBuild.doBuild(Lorg/gradle/launcher/daemon/server/api/DaemonCommandExecution;Lorg/gradle/launcher/daemon/protocol/Build;)V+117
j  org.gradle.launcher.daemon.server.exec.BuildCommandOnly.execute(Lorg/gradle/launcher/daemon/server/api/DaemonCommandExecution;)V+49
j  org.gradle.launcher.daemon.server.api.DaemonCommandExecution.proceed()Z+23
j  org.gradle.launcher.daemon.server.exec.WatchForDisconnection.execute(Lorg/gradle/launcher/daemon/server/api/DaemonCommandExecution;)V+19
j  org.gradle.launcher.daemon.server.api.DaemonCommandExecution.proceed()Z+23
j  org.gradle.launcher.daemon.server.exec.ResetDeprecationLogger.execute(Lorg/gradle/launcher/daemon/server/api/DaemonCommandExecution;)V+7
j  org.gradle.launcher.daemon.server.api.DaemonCommandExecution.proceed()Z+23
j  org.gradle.launcher.daemon.server.exec.RequestStopIfSingleUsedDaemon.execute(Lorg/gradle/launcher/daemon/server/api/DaemonCommandExecution;)V+33
j  org.gradle.launcher.daemon.server.api.DaemonCommandExecution.proceed()Z+23
j  org.gradle.launcher.daemon.server.exec.ForwardClientInput.lambda$execute$0(Lorg/gradle/launcher/daemon/server/api/DaemonCommandExecution;Lorg/gradle/launcher/daemon/server/api/StdinHandler;)Ljava/lang/Object;+11
j  org.gradle.launcher.daemon.server.exec.ForwardClientInput$$Lambda$106+0x0000019ec313b150.apply(Ljava/lang/Object;)Ljava/lang/Object;+8
j  org.gradle.launcher.daemon.server.clientinput.ClientInputForwarder.forwardInput(Ljava/util/function/Function;)Ljava/lang/Object;+60
j  org.gradle.launcher.daemon.server.exec.ForwardClientInput.execute(Lorg/gradle/launcher/daemon/server/api/DaemonCommandExecution;)V+10
j  org.gradle.launcher.daemon.server.api.DaemonCommandExecution.proceed()Z+23
j  org.gradle.launcher.daemon.server.exec.LogAndCheckHealth.execute(Lorg/gradle/launcher/daemon/server/api/DaemonCommandExecution;)V+51
j  org.gradle.launcher.daemon.server.api.DaemonCommandExecution.proceed()Z+23
j  org.gradle.launcher.daemon.server.exec.LogToClient.doBuild(Lorg/gradle/launcher/daemon/server/api/DaemonCommandExecution;Lorg/gradle/launcher/daemon/protocol/Build;)V+87
j  org.gradle.launcher.daemon.server.exec.BuildCommandOnly.execute(Lorg/gradle/launcher/daemon/server/api/DaemonCommandExecution;)V+49
j  org.gradle.launcher.daemon.server.api.DaemonCommandExecution.proceed()Z+23
j  org.gradle.launcher.daemon.server.exec.EstablishBuildEnvironment.doBuild(Lorg/gradle/launcher/daemon/server/api/DaemonCommandExecution;Lorg/gradle/launcher/daemon/protocol/Build;)V+356
j  org.gradle.launcher.daemon.server.exec.BuildCommandOnly.execute(Lorg/gradle/launcher/daemon/server/api/DaemonCommandExecution;)V+49
j  org.gradle.launcher.daemon.server.api.DaemonCommandExecution.proceed()Z+23
j  org.gradle.launcher.daemon.server.exec.StartBuildOrRespondWithBusy$1.run()V+44
j  org.gradle.launcher.daemon.server.DaemonStateCoordinator$1.run()V+4
j  org.gradle.internal.concurrent.ExecutorPolicy$CatchAndRecordFailures.onExecute(Ljava/lang/Runnable;)V+1
j  org.gradle.internal.concurrent.AbstractManagedExecutor$1.run()V+25
j  java.util.concurrent.ThreadPoolExecutor.runWorker(Ljava/util/concurrent/ThreadPoolExecutor$Worker;)V+92 java.base@17.0.17
j  java.util.concurrent.ThreadPoolExecutor$Worker.run()V+5 java.base@17.0.17
j  java.lang.Thread.run()V+11 java.base@17.0.17
v  ~StubRoutines::call_stub

---------------  P R O C E S S  ---------------

Threads class SMR info:
_java_thread_list=0x0000019edd6cccd0, length=43, elements={
0x0000019e9e6ac300, 0x0000019ec0ff3cb0, 0x0000019ec0ff6680, 0x0000019ec100b2c0,
0x0000019ec100bb80, 0x0000019ec100c440, 0x0000019ec100cd00, 0x0000019ec100d8f0,
0x0000019ec100e2a0, 0x0000019ec100eba0, 0x0000019ec1410a10, 0x0000019ec164c1c0,
0x0000019edcbfc920, 0x0000019edcc35d10, 0x0000019edced5670, 0x0000019edc4b2530,
0x0000019edcec67d0, 0x0000019edcee2740, 0x0000019edcef2420, 0x0000019edcef93e0,
0x0000019edcf06b30, 0x0000019edcf0b820, 0x0000019edd48c020, 0x0000019edb3669c0,
0x0000019edb421c40, 0x0000019edc10cf00, 0x0000019edc10e240, 0x0000019edc10d8a0,
0x0000019edc10ca30, 0x0000019edb2009c0, 0x0000019edb1fde70, 0x0000019edb200020,
0x0000019edb200e90, 0x0000019edb1fd9a0, 0x0000019edb1ffb50, 0x0000019edb201360,
0x0000019edb201830, 0x0000019edb1fe340, 0x0000019edb1fece0, 0x0000019edb2021d0,
0x0000019edb1fe810, 0x0000019edb204d20, 0x0000019edb204850
}

Java Threads: ( => current thread )
  0x0000019e9e6ac300 JavaThread "main" [_thread_blocked, id=13988, stack(0x0000006770700000,0x0000006770800000)]
  0x0000019ec0ff3cb0 JavaThread "Reference Handler" daemon [_thread_blocked, id=16016, stack(0x0000006770e00000,0x0000006770f00000)]
  0x0000019ec0ff6680 JavaThread "Finalizer" daemon [_thread_blocked, id=16520, stack(0x0000006770f00000,0x0000006771000000)]
  0x0000019ec100b2c0 JavaThread "Signal Dispatcher" daemon [_thread_blocked, id=13176, stack(0x0000006771000000,0x0000006771100000)]
  0x0000019ec100bb80 JavaThread "Attach Listener" daemon [_thread_blocked, id=22980, stack(0x0000006771100000,0x0000006771200000)]
  0x0000019ec100c440 JavaThread "Service Thread" daemon [_thread_blocked, id=1912, stack(0x0000006771200000,0x0000006771300000)]
  0x0000019ec100cd00 JavaThread "Monitor Deflation Thread" daemon [_thread_blocked, id=22584, stack(0x0000006771300000,0x0000006771400000)]
  0x0000019ec100d8f0 JavaThread "C2 CompilerThread0" daemon [_thread_in_native, id=2060, stack(0x0000006771400000,0x0000006771500000)]
  0x0000019ec100e2a0 JavaThread "C1 CompilerThread0" daemon [_thread_blocked, id=9156, stack(0x0000006771500000,0x0000006771600000)]
  0x0000019ec100eba0 JavaThread "Sweeper thread" daemon [_thread_blocked, id=15820, stack(0x0000006771600000,0x0000006771700000)]
  0x0000019ec1410a10 JavaThread "Common-Cleaner" daemon [_thread_blocked, id=14324, stack(0x0000006771700000,0x0000006771800000)]
  0x0000019ec164c1c0 JavaThread "Notification Thread" daemon [_thread_blocked, id=18108, stack(0x0000006771800000,0x0000006771900000)]
  0x0000019edcbfc920 JavaThread "Daemon health stats" [_thread_blocked, id=8824, stack(0x0000006771b00000,0x0000006771c00000)]
  0x0000019edcc35d10 JavaThread "Incoming local TCP Connector on port 60929" [_thread_in_native, id=18484, stack(0x0000006772100000,0x0000006772200000)]
  0x0000019edced5670 JavaThread "Daemon periodic checks" [_thread_blocked, id=10472, stack(0x0000006772200000,0x0000006772300000)]
  0x0000019edc4b2530 JavaThread "Daemon" [_thread_blocked, id=17136, stack(0x0000006771a00000,0x0000006771b00000)]
  0x0000019edcec67d0 JavaThread "Handler for socket connection from /127.0.0.1:60929 to /127.0.0.1:60930" [_thread_in_native, id=2772, stack(0x0000006772300000,0x0000006772400000)]
  0x0000019edcee2740 JavaThread "Cancel handler" [_thread_blocked, id=7860, stack(0x0000006772400000,0x0000006772500000)]
=>0x0000019edcef2420 JavaThread "Daemon worker" [_thread_in_vm, id=6048, stack(0x0000006772500000,0x0000006772600000)]
  0x0000019edcef93e0 JavaThread "Asynchronous log dispatcher for DefaultDaemonConnection: socket connection from /127.0.0.1:60929 to /127.0.0.1:60930" [_thread_blocked, id=13540, stack(0x0000006772600000,0x0000006772700000)]
  0x0000019edcf06b30 JavaThread "Stdin handler" [_thread_blocked, id=8320, stack(0x0000006772700000,0x0000006772800000)]
  0x0000019edcf0b820 JavaThread "Daemon client event forwarder" [_thread_blocked, id=16696, stack(0x0000006772800000,0x0000006772900000)]
  0x0000019edd48c020 JavaThread "Cache worker for journal cache (C:\Users\nitis\.gradle\caches\journal-1)" [_thread_blocked, id=18992, stack(0x0000006772900000,0x0000006772a00000)]
  0x0000019edb3669c0 JavaThread "File lock request listener" [_thread_in_native, id=14248, stack(0x0000006772a00000,0x0000006772b00000)]
  0x0000019edb421c40 JavaThread "Cache worker for file hash cache (C:\Users\nitis\.gradle\caches\8.8\fileHashes)" [_thread_blocked, id=2456, stack(0x0000006772b00000,0x0000006772c00000)]
  0x0000019edc10cf00 JavaThread "Cache worker for file hash cache (E:\college\Faculty\android\.gradle\8.8\fileHashes)" [_thread_blocked, id=17840, stack(0x0000006772c00000,0x0000006772d00000)]
  0x0000019edc10e240 JavaThread "File watcher server" daemon [_thread_in_native, id=18268, stack(0x0000006773100000,0x0000006773200000)]
  0x0000019edc10d8a0 JavaThread "File watcher consumer" daemon [_thread_blocked, id=14648, stack(0x0000006773200000,0x0000006773300000)]
  0x0000019edc10ca30 JavaThread "Cache worker for checksums cache (E:\college\Faculty\android\.gradle\8.8\checksums)" [_thread_blocked, id=11136, stack(0x0000006773500000,0x0000006773600000)]
  0x0000019edb2009c0 JavaThread "Cache worker for file content cache (C:\Users\nitis\.gradle\caches\8.8\fileContent)" [_thread_blocked, id=22012, stack(0x0000006773600000,0x0000006773700000)]
  0x0000019edb1fde70 JavaThread "Cache worker for cache directory md-rule (C:\Users\nitis\.gradle\caches\8.8\md-rule)" [_thread_blocked, id=21376, stack(0x0000006773800000,0x0000006773900000)]
  0x0000019edb200020 JavaThread "Cache worker for cache directory md-supplier (C:\Users\nitis\.gradle\caches\8.8\md-supplier)" [_thread_blocked, id=7892, stack(0x0000006773900000,0x0000006773a00000)]
  0x0000019edb200e90 JavaThread "jar transforms" [_thread_blocked, id=9220, stack(0x0000006773b00000,0x0000006773c00000)]
  0x0000019edb1fd9a0 JavaThread "jar transforms Thread 2" [_thread_blocked, id=19372, stack(0x0000006773c00000,0x0000006773d00000)]
  0x0000019edb1ffb50 JavaThread "jar transforms Thread 3" [_thread_blocked, id=3716, stack(0x0000006773700000,0x0000006773800000)]
  0x0000019edb201360 JavaThread "jar transforms Thread 4" [_thread_blocked, id=22480, stack(0x0000006773a00000,0x0000006773b00000)]
  0x0000019edb201830 JavaThread "Unconstrained build operations" [_thread_blocked, id=9996, stack(0x0000006773f00000,0x0000006774000000)]
  0x0000019edb1fe340 JavaThread "Unconstrained build operations Thread 2" [_thread_blocked, id=22276, stack(0x0000006774000000,0x0000006774100000)]
  0x0000019edb1fece0 JavaThread "Unconstrained build operations Thread 3" [_thread_blocked, id=21384, stack(0x0000006774200000,0x0000006774300000)]
  0x0000019edb2021d0 JavaThread "Unconstrained build operations Thread 4" [_thread_blocked, id=17088, stack(0x0000006774300000,0x0000006774400000)]
  0x0000019edb1fe810 JavaThread "Unconstrained build operations Thread 5" [_thread_blocked, id=6072, stack(0x0000006774400000,0x0000006774500000)]
  0x0000019edb204d20 JavaThread "Unconstrained build operations Thread 6" [_thread_blocked, id=23364, stack(0x0000006774500000,0x0000006774600000)]
  0x0000019edb204850 JavaThread "Cache worker for Build Output Cleanup Cache (E:\college\Faculty\node_modules\@react-native\gradle-plugin\.gradle\buildOutputCleanup)" [_thread_blocked, id=8400, stack(0x0000006774700000,0x0000006774800000)]

Other Threads:
  0x0000019ec0ff0360 VMThread "VM Thread" [stack: 0x0000006770d00000,0x0000006770e00000] [id=20448]
  0x0000019e9e6acd20 WatcherThread [stack: 0x0000006771900000,0x0000006771a00000] [id=8656]
  0x0000019e9e705f20 GCTaskThread "GC Thread#0" [stack: 0x0000006770800000,0x0000006770900000] [id=13104]
  0x0000019edb733d00 GCTaskThread "GC Thread#1" [stack: 0x0000006771c00000,0x0000006771d00000] [id=21576]
  0x0000019edba65fe0 GCTaskThread "GC Thread#2" [stack: 0x0000006771d00000,0x0000006771e00000] [id=22524]
  0x0000019edba662a0 GCTaskThread "GC Thread#3" [stack: 0x0000006771e00000,0x0000006771f00000] [id=12592]
  0x0000019edbc2bb90 GCTaskThread "GC Thread#4" [stack: 0x0000006771f00000,0x0000006772000000] [id=16032]
  0x0000019edbc2c260 GCTaskThread "GC Thread#5" [stack: 0x0000006772000000,0x0000006772100000] [id=7288]
  0x0000019edd867d70 GCTaskThread "GC Thread#6" [stack: 0x0000006772d00000,0x0000006772e00000] [id=21660]
  0x0000019edb141ba0 GCTaskThread "GC Thread#7" [stack: 0x0000006772e00000,0x0000006772f00000] [id=19976]
  0x0000019edb141e60 GCTaskThread "GC Thread#8" [stack: 0x0000006772f00000,0x0000006773000000] [id=20728]
  0x0000019edb142120 GCTaskThread "GC Thread#9" [stack: 0x0000006773000000,0x0000006773100000] [id=19932]
  0x0000019e9e713a50 ConcurrentGCThread "G1 Main Marker" [stack: 0x0000006770900000,0x0000006770a00000] [id=17488]
  0x0000019e9e7159c0 ConcurrentGCThread "G1 Conc#0" [stack: 0x0000006770a00000,0x0000006770b00000] [id=16204]
  0x0000019edba60990 ConcurrentGCThread "G1 Conc#1" [stack: 0x0000006773300000,0x0000006773400000] [id=22512]
  0x0000019edba61750 ConcurrentGCThread "G1 Conc#2" [stack: 0x0000006773400000,0x0000006773500000] [id=4980]
  0x0000019ec0f273b0 ConcurrentGCThread "G1 Refine#0" [stack: 0x0000006770b00000,0x0000006770c00000] [id=2824]
  0x0000019ec0f27a90 ConcurrentGCThread "G1 Service" [stack: 0x0000006770c00000,0x0000006770d00000] [id=3076]

Threads with active compile tasks:
C2 CompilerThread0    42078 5946       4       java.net.URLClassLoader$1::run (5 bytes)

VM state: not at safepoint (normal execution)

VM Mutex/Monitor currently owned by a thread:  ([mutex/lock_event])
[0x0000019e9e69cc50] Metaspace_lock - owner thread: 0x0000019edcef2420

Heap address: 0x0000000740000000, size: 3072 MB, Compressed Oops mode: Zero based, Oop shift amount: 3

CDS archive(s) mapped at: [0x0000019ec2000000-0x0000019ec2bd0000-0x0000019ec2bd0000), size 12386304, SharedBaseAddress: 0x0000019ec2000000, ArchiveRelocationMode: 1.
Compressed class space mapped at: 0x0000019ec3000000-0x0000019ed7000000, reserved size: 335544320
Narrow klass base: 0x0000019ec2000000, Narrow klass shift: 0, Narrow klass range: 0x100000000

GC Precious Log:
 CPUs: 12 total, 12 available
 Memory: 16024M
 Large Page Support: Disabled
 NUMA Support: Disabled
 Compressed Oops: Enabled (Zero based)
 Heap Region Size: 2M
 Heap Min Capacity: 8M
 Heap Initial Capacity: 252M
 Heap Max Capacity: 3G
 Pre-touch: Disabled
 Parallel Workers: 10
 Concurrent Workers: 3
 Concurrent Refinement Workers: 10
 Periodic GC: Disabled

Heap:
 garbage-first heap   total 96256K, used 64707K [0x0000000740000000, 0x0000000800000000)
  region size 2048K, 13 young (26624K), 1 survivors (2048K)
 Metaspace       used 56590K, committed 57152K, reserved 393216K
  class space    used 7825K, committed 8128K, reserved 327680K

Heap Regions: E=young(eden), S=young(survivor), O=old, HS=humongous(starts), HC=humongous(continues), CS=collection set, F=free, OA=open archive, CA=closed archive, TAMS=top-at-mark-start (previous, next)
|   0|0x0000000740000000, 0x0000000740200000, 0x0000000740200000|100%|HS|  |TAMS 0x0000000740200000, 0x0000000740000000| Complete 
|   1|0x0000000740200000, 0x0000000740400000, 0x0000000740400000|100%|HC|  |TAMS 0x0000000740400000, 0x0000000740200000| Complete 
|   2|0x0000000740400000, 0x0000000740600000, 0x0000000740600000|100%| O|  |TAMS 0x0000000740600000, 0x0000000740400000| Untracked 
|   3|0x0000000740600000, 0x0000000740800000, 0x0000000740800000|100%| O|  |TAMS 0x0000000740800000, 0x0000000740600000| Untracked 
|   4|0x0000000740800000, 0x0000000740a00000, 0x0000000740a00000|100%| O|  |TAMS 0x0000000740a00000, 0x0000000740800000| Untracked 
|   5|0x0000000740a00000, 0x0000000740c00000, 0x0000000740c00000|100%| O|  |TAMS 0x0000000740c00000, 0x0000000740a00000| Untracked 
|   6|0x0000000740c00000, 0x0000000740e00000, 0x0000000740e00000|100%| O|  |TAMS 0x0000000740e00000, 0x0000000740c00000| Untracked 
|   7|0x0000000740e00000, 0x0000000741000000, 0x0000000741000000|100%| O|  |TAMS 0x0000000741000000, 0x0000000740e00000| Untracked 
|   8|0x0000000741000000, 0x0000000741200000, 0x0000000741200000|100%| O|  |TAMS 0x0000000741200000, 0x0000000741000000| Untracked 
|   9|0x0000000741200000, 0x0000000741400000, 0x0000000741400000|100%| O|  |TAMS 0x0000000741400000, 0x0000000741200000| Untracked 
|  10|0x0000000741400000, 0x0000000741600000, 0x0000000741600000|100%| O|  |TAMS 0x0000000741600000, 0x0000000741400000| Untracked 
|  11|0x0000000741600000, 0x0000000741800000, 0x0000000741800000|100%| O|  |TAMS 0x0000000741600000, 0x0000000741600000| Untracked 
|  12|0x0000000741800000, 0x0000000741a00000, 0x0000000741a00000|100%| O|  |TAMS 0x0000000741a00000, 0x0000000741800000| Untracked 
|  13|0x0000000741a00000, 0x0000000741c00000, 0x0000000741c00000|100%| O|  |TAMS 0x0000000741beb400, 0x0000000741a00000| Untracked 
|  14|0x0000000741c00000, 0x0000000741e00000, 0x0000000741e00000|100%| O|  |TAMS 0x0000000741c00000, 0x0000000741c00000| Untracked 
|  15|0x0000000741e00000, 0x0000000742000000, 0x0000000742000000|100%| O|  |TAMS 0x0000000741e00000, 0x0000000741e00000| Untracked 
|  16|0x0000000742000000, 0x0000000742200000, 0x0000000742200000|100%| O|  |TAMS 0x0000000742000000, 0x0000000742000000| Untracked 
|  17|0x0000000742200000, 0x0000000742400000, 0x0000000742400000|100%| O|  |TAMS 0x0000000742200000, 0x0000000742200000| Untracked 
|  18|0x0000000742400000, 0x0000000742600000, 0x0000000742600000|100%| O|  |TAMS 0x0000000742400000, 0x0000000742400000| Untracked 
|  19|0x0000000742600000, 0x00000007427c9008, 0x0000000742800000| 89%| O|  |TAMS 0x0000000742600000, 0x0000000742600000| Untracked 
|  20|0x0000000742800000, 0x0000000742800000, 0x0000000742a00000|  0%| F|  |TAMS 0x0000000742800000, 0x0000000742800000| Untracked 
|  21|0x0000000742a00000, 0x0000000742a00000, 0x0000000742c00000|  0%| F|  |TAMS 0x0000000742a00000, 0x0000000742a00000| Untracked 
|  22|0x0000000742c00000, 0x0000000742c00000, 0x0000000742e00000|  0%| F|  |TAMS 0x0000000742c00000, 0x0000000742c00000| Untracked 
|  23|0x0000000742e00000, 0x0000000742e00000, 0x0000000743000000|  0%| F|  |TAMS 0x0000000742e00000, 0x0000000742e00000| Untracked 
|  24|0x0000000743000000, 0x0000000743000000, 0x0000000743200000|  0%| F|  |TAMS 0x0000000743000000, 0x0000000743000000| Untracked 
|  25|0x0000000743200000, 0x0000000743200000, 0x0000000743400000|  0%| F|  |TAMS 0x0000000743200000, 0x0000000743200000| Untracked 
|  26|0x0000000743400000, 0x0000000743400000, 0x0000000743600000|  0%| F|  |TAMS 0x0000000743400000, 0x0000000743400000| Untracked 
|  27|0x0000000743600000, 0x0000000743600000, 0x0000000743800000|  0%| F|  |TAMS 0x0000000743600000, 0x0000000743600000| Untracked 
|  28|0x0000000743800000, 0x0000000743800000, 0x0000000743a00000|  0%| F|  |TAMS 0x0000000743800000, 0x0000000743800000| Untracked 
|  29|0x0000000743a00000, 0x0000000743b67fb0, 0x0000000743c00000| 70%| S|CS|TAMS 0x0000000743a00000, 0x0000000743a00000| Complete 
|  30|0x0000000743c00000, 0x0000000743c00000, 0x0000000743e00000|  0%| F|  |TAMS 0x0000000743c00000, 0x0000000743c00000| Untracked 
|  31|0x0000000743e00000, 0x0000000743e00000, 0x0000000744000000|  0%| F|  |TAMS 0x0000000743e00000, 0x0000000743e00000| Untracked 
|  32|0x0000000744000000, 0x0000000744000000, 0x0000000744200000|  0%| F|  |TAMS 0x0000000744000000, 0x0000000744000000| Untracked 
|  33|0x0000000744200000, 0x0000000744200000, 0x0000000744400000|  0%| F|  |TAMS 0x0000000744200000, 0x0000000744200000| Untracked 
|  34|0x0000000744400000, 0x0000000744400000, 0x0000000744600000|  0%| F|  |TAMS 0x0000000744400000, 0x0000000744400000| Untracked 
|  35|0x0000000744600000, 0x0000000744748b80, 0x0000000744800000| 64%| E|  |TAMS 0x0000000744600000, 0x0000000744600000| Complete 
|  36|0x0000000744800000, 0x0000000744a00000, 0x0000000744a00000|100%| E|CS|TAMS 0x0000000744800000, 0x0000000744800000| Complete 
|  37|0x0000000744a00000, 0x0000000744c00000, 0x0000000744c00000|100%| E|CS|TAMS 0x0000000744a00000, 0x0000000744a00000| Complete 
|  38|0x0000000744c00000, 0x0000000744e00000, 0x0000000744e00000|100%| E|CS|TAMS 0x0000000744c00000, 0x0000000744c00000| Complete 
|  39|0x0000000744e00000, 0x0000000745000000, 0x0000000745000000|100%| E|CS|TAMS 0x0000000744e00000, 0x0000000744e00000| Complete 
|  40|0x0000000745000000, 0x0000000745200000, 0x0000000745200000|100%| E|CS|TAMS 0x0000000745000000, 0x0000000745000000| Complete 
|  41|0x0000000745200000, 0x0000000745400000, 0x0000000745400000|100%| E|CS|TAMS 0x0000000745200000, 0x0000000745200000| Complete 
|  42|0x0000000745400000, 0x0000000745600000, 0x0000000745600000|100%| E|CS|TAMS 0x0000000745400000, 0x0000000745400000| Complete 
|  43|0x0000000745600000, 0x0000000745800000, 0x0000000745800000|100%| E|CS|TAMS 0x0000000745600000, 0x0000000745600000| Complete 
|  44|0x0000000745800000, 0x0000000745a00000, 0x0000000745a00000|100%| E|CS|TAMS 0x0000000745800000, 0x0000000745800000| Complete 
| 118|0x000000074ec00000, 0x000000074ee00000, 0x000000074ee00000|100%| E|CS|TAMS 0x000000074ec00000, 0x000000074ec00000| Complete 
| 125|0x000000074fa00000, 0x000000074fc00000, 0x000000074fc00000|100%| E|CS|TAMS 0x000000074fa00000, 0x000000074fa00000| Complete 

Card table byte_map: [0x0000019eb7a70000,0x0000019eb8070000] _byte_map_base: 0x0000019eb4070000

Marking Bits (Prev, Next): (CMBitMap*) 0x0000019e9e706450, (CMBitMap*) 0x0000019e9e706490
 Prev Bits: [0x0000019eb8670000, 0x0000019ebb670000)
 Next Bits: [0x0000019ebb670000, 0x0000019ebe670000)

Polling page: 0x0000019e9e410000

Metaspace:

Usage:
  Non-class:     47.62 MB used.
      Class:      7.64 MB used.
       Both:     55.26 MB used.

Virtual space:
  Non-class space:       64.00 MB reserved,      47.88 MB ( 75%) committed,  1 nodes.
      Class space:      320.00 MB reserved,       7.94 MB (  2%) committed,  1 nodes.
             Both:      384.00 MB reserved,      55.81 MB ( 15%) committed. 

Chunk freelists:
   Non-Class:  15.67 MB
       Class:  8.05 MB
        Both:  23.72 MB

MaxMetaspaceSize: 384.00 MB
CompressedClassSpaceSize: 320.00 MB
Initial GC threshold: 21.00 MB
Current GC threshold: 59.00 MB
CDS: on
MetaspaceReclaimPolicy: balanced
 - commit_granule_bytes: 65536.
 - commit_granule_words: 8192.
 - virtual_space_node_default_size: 8388608.
 - enlarge_chunks_in_place: 1.
 - new_chunks_are_fully_committed: 0.
 - uncommit_free_chunks: 1.
 - use_allocation_guard: 0.
 - handle_deallocations: 1.


Internal statistics:

num_allocs_failed_limit: 6.
num_arena_births: 660.
num_arena_deaths: 0.
num_vsnodes_births: 2.
num_vsnodes_deaths: 0.
num_space_committed: 893.
num_space_uncommitted: 0.
num_chunks_returned_to_freelist: 6.
num_chunks_taken_from_freelist: 2779.
num_chunk_merges: 6.
num_chunk_splits: 1850.
num_chunks_enlarged: 1266.
num_inconsistent_stats: 0.

CodeHeap 'non-profiled nmethods': size=120000Kb used=2942Kb max_used=3130Kb free=117057Kb
 bounds [0x0000019eaf2c0000, 0x0000019eaf5e0000, 0x0000019eb67f0000]
CodeHeap 'profiled nmethods': size=120000Kb used=10040Kb max_used=10040Kb free=109960Kb
 bounds [0x0000019ea77f0000, 0x0000019ea81c0000, 0x0000019eaed20000]
CodeHeap 'non-nmethods': size=5760Kb used=2379Kb max_used=2402Kb free=3380Kb
 bounds [0x0000019eaed20000, 0x0000019eaef90000, 0x0000019eaf2c0000]
 total_blobs=6055 nmethods=5148 adapters=818
 compilation: enabled
              stopped_count=0, restarted_count=0
 full_count=0

Compilation events (20 events):
Event: 41.998 Thread 0x0000019ec100e2a0 5937       3       org.gradle.model.internal.asm.MethodVisitorScope::_UNBOX (178 bytes)
Event: 41.999 Thread 0x0000019ec100e2a0 nmethod 5937 0x0000019ea81b6a10 code [0x0000019ea81b6e60, 0x0000019ea81b8ff8]
Event: 41.999 Thread 0x0000019ec100e2a0 5938       3       org.gradle.internal.instantiation.generator.DependencyInjectingInstantiator::convertParameters (126 bytes)
Event: 42.001 Thread 0x0000019ec100e2a0 nmethod 5938 0x0000019ea81b9990 code [0x0000019ea81b9d20, 0x0000019ea81bb868]
Event: 42.001 Thread 0x0000019ec100e2a0 5939       3       org.gradle.internal.instantiation.generator.AbstractClassGenerator$GeneratedClassImpl$GeneratedConstructorImpl::newInstance (15 bytes)
Event: 42.001 Thread 0x0000019ec100e2a0 nmethod 5939 0x0000019ea81bc190 code [0x0000019ea81bc340, 0x0000019ea81bc528]
Event: 42.001 Thread 0x0000019ec100e2a0 5940   !   3       org.gradle.internal.instantiation.generator.AsmBackedClassGenerator$InvokeConstructorStrategy::newInstance (66 bytes)
Event: 42.002 Thread 0x0000019ec100e2a0 nmethod 5940 0x0000019ea81bc610 code [0x0000019ea81bc860, 0x0000019ea81bd3d8]
Event: 42.004 Thread 0x0000019ec100d8f0 nmethod 5934 0x0000019eaf45a910 code [0x0000019eaf45ab80, 0x0000019eaf45b550]
Event: 42.010 Thread 0x0000019ec100e2a0 5941       3       java.lang.Long::bitCount (61 bytes)
Event: 42.010 Thread 0x0000019ec100e2a0 nmethod 5941 0x0000019ea81bd790 code [0x0000019ea81bd920, 0x0000019ea81bda98]
Event: 42.011 Thread 0x0000019ec100d8f0 5942       4       java.lang.Long::bitCount (61 bytes)
Event: 42.011 Thread 0x0000019ec100e2a0 5943       3       java.util.BitSet::recalculateWordsInUse (39 bytes)
Event: 42.011 Thread 0x0000019ec100e2a0 nmethod 5943 0x0000019ea81bdb10 code [0x0000019ea81bdcc0, 0x0000019ea81bdef8]
Event: 42.011 Thread 0x0000019ec100d8f0 nmethod 5942 0x0000019eaf45a610 code [0x0000019eaf45a780, 0x0000019eaf45a858]
Event: 42.012 Thread 0x0000019ec100e2a0 5944       1       sun.reflect.generics.tree.ClassSignature::getFormalTypeParameters (5 bytes)
Event: 42.012 Thread 0x0000019ec100d8f0 5945       4       java.util.ArrayList::toArray (57 bytes)
Event: 42.012 Thread 0x0000019ec100e2a0 nmethod 5944 0x0000019eaf45a310 code [0x0000019eaf45a4a0, 0x0000019eaf45a578]
Event: 42.017 Thread 0x0000019ec100d8f0 nmethod 5945 0x0000019eaf459a90 code [0x0000019eaf459c20, 0x0000019eaf45a158]
Event: 42.017 Thread 0x0000019ec100d8f0 5946       4       java.net.URLClassLoader$1::run (5 bytes)

GC Heap History (20 events):
Event: 12.632 GC heap before
{Heap before GC invocations=2 (full 0):
 garbage-first heap   total 258048K, used 138728K [0x0000000740000000, 0x0000000800000000)
  region size 2048K, 63 young (129024K), 1 survivors (2048K)
 Metaspace       used 19454K, committed 19712K, reserved 393216K
  class space    used 2816K, committed 2944K, reserved 327680K
}
Event: 12.645 GC heap after
{Heap after GC invocations=3 (full 0):
 garbage-first heap   total 258048K, used 22561K [0x0000000740000000, 0x0000000800000000)
  region size 2048K, 6 young (12288K), 6 survivors (12288K)
 Metaspace       used 19454K, committed 19712K, reserved 393216K
  class space    used 2816K, committed 2944K, reserved 327680K
}
Event: 13.082 GC heap before
{Heap before GC invocations=3 (full 0):
 garbage-first heap   total 258048K, used 34849K [0x0000000740000000, 0x0000000800000000)
  region size 2048K, 13 young (26624K), 6 survivors (12288K)
 Metaspace       used 21198K, committed 21504K, reserved 393216K
  class space    used 3097K, committed 3264K, reserved 327680K
}
Event: 13.088 GC heap after
{Heap after GC invocations=4 (full 0):
 garbage-first heap   total 258048K, used 24229K [0x0000000740000000, 0x0000000800000000)
  region size 2048K, 1 young (2048K), 1 survivors (2048K)
 Metaspace       used 21198K, committed 21504K, reserved 393216K
  class space    used 3097K, committed 3264K, reserved 327680K
}
Event: 15.109 GC heap before
{Heap before GC invocations=5 (full 0):
 garbage-first heap   total 96256K, used 79525K [0x0000000740000000, 0x0000000800000000)
  region size 2048K, 28 young (57344K), 1 survivors (2048K)
 Metaspace       used 29198K, committed 29504K, reserved 393216K
  class space    used 4161K, committed 4288K, reserved 327680K
}
Event: 15.112 GC heap after
{Heap after GC invocations=6 (full 0):
 garbage-first heap   total 96256K, used 26674K [0x0000000740000000, 0x0000000800000000)
  region size 2048K, 2 young (4096K), 2 survivors (4096K)
 Metaspace       used 29198K, committed 29504K, reserved 393216K
  class space    used 4161K, committed 4288K, reserved 327680K
}
Event: 15.194 GC heap before
{Heap before GC invocations=6 (full 0):
 garbage-first heap   total 96256K, used 28722K [0x0000000740000000, 0x0000000800000000)
  region size 2048K, 3 young (6144K), 2 survivors (4096K)
 Metaspace       used 29496K, committed 29888K, reserved 393216K
  class space    used 4204K, committed 4416K, reserved 327680K
}
Event: 15.196 GC heap after
{Heap after GC invocations=7 (full 0):
 garbage-first heap   total 96256K, used 27211K [0x0000000740000000, 0x0000000800000000)
  region size 2048K, 1 young (2048K), 1 survivors (2048K)
 Metaspace       used 29496K, committed 29888K, reserved 393216K
  class space    used 4204K, committed 4416K, reserved 327680K
}
Event: 16.278 GC heap before
{Heap before GC invocations=7 (full 0):
 garbage-first heap   total 96256K, used 74315K [0x0000000740000000, 0x0000000800000000)
  region size 2048K, 23 young (47104K), 1 survivors (2048K)
 Metaspace       used 34010K, committed 34432K, reserved 393216K
  class space    used 4721K, committed 4928K, reserved 327680K
}
Event: 16.282 GC heap after
{Heap after GC invocations=8 (full 0):
 garbage-first heap   total 96256K, used 30422K [0x0000000740000000, 0x0000000800000000)
  region size 2048K, 2 young (4096K), 2 survivors (4096K)
 Metaspace       used 34010K, committed 34432K, reserved 393216K
  class space    used 4721K, committed 4928K, reserved 327680K
}
Event: 37.739 GC heap before
{Heap before GC invocations=8 (full 0):
 garbage-first heap   total 96256K, used 67286K [0x0000000740000000, 0x0000000800000000)
  region size 2048K, 21 young (43008K), 2 survivors (4096K)
 Metaspace       used 35753K, committed 36096K, reserved 393216K
  class space    used 4953K, committed 5120K, reserved 327680K
}
Event: 37.742 GC heap after
{Heap after GC invocations=9 (full 0):
 garbage-first heap   total 96256K, used 34320K [0x0000000740000000, 0x0000000800000000)
  region size 2048K, 3 young (6144K), 3 survivors (6144K)
 Metaspace       used 35753K, committed 36096K, reserved 393216K
  class space    used 4953K, committed 5120K, reserved 327680K
}
Event: 38.500 GC heap before
{Heap before GC invocations=10 (full 0):
 garbage-first heap   total 96256K, used 71184K [0x0000000740000000, 0x0000000800000000)
  region size 2048K, 21 young (43008K), 3 survivors (6144K)
 Metaspace       used 37997K, committed 38528K, reserved 393216K
  class space    used 5302K, committed 5504K, reserved 327680K
}
Event: 38.504 GC heap after
{Heap after GC invocations=11 (full 0):
 garbage-first heap   total 96256K, used 36154K [0x0000000740000000, 0x0000000800000000)
  region size 2048K, 1 young (2048K), 1 survivors (2048K)
 Metaspace       used 37997K, committed 38528K, reserved 393216K
  class space    used 5302K, committed 5504K, reserved 327680K
}
Event: 39.363 GC heap before
{Heap before GC invocations=11 (full 0):
 garbage-first heap   total 96256K, used 75066K [0x0000000740000000, 0x0000000800000000)
  region size 2048K, 20 young (40960K), 1 survivors (2048K)
 Metaspace       used 43373K, committed 43840K, reserved 393216K
  class space    used 6060K, committed 6272K, reserved 327680K
}
Event: 39.366 GC heap after
{Heap after GC invocations=12 (full 0):
 garbage-first heap   total 96256K, used 37351K [0x0000000740000000, 0x0000000800000000)
  region size 2048K, 2 young (4096K), 2 survivors (4096K)
 Metaspace       used 43373K, committed 43840K, reserved 393216K
  class space    used 6060K, committed 6272K, reserved 327680K
}
Event: 40.778 GC heap before
{Heap before GC invocations=12 (full 0):
 garbage-first heap   total 96256K, used 74215K [0x0000000740000000, 0x0000000800000000)
  region size 2048K, 20 young (40960K), 2 survivors (4096K)
 Metaspace       used 49400K, committed 49920K, reserved 393216K
  class space    used 6897K, committed 7168K, reserved 327680K
}
Event: 40.782 GC heap after
{Heap after GC invocations=13 (full 0):
 garbage-first heap   total 96256K, used 40771K [0x0000000740000000, 0x0000000800000000)
  region size 2048K, 3 young (6144K), 3 survivors (6144K)
 Metaspace       used 49400K, committed 49920K, reserved 393216K
  class space    used 6897K, committed 7168K, reserved 327680K
}
Event: 41.326 GC heap before
{Heap before GC invocations=13 (full 0):
 garbage-first heap   total 96256K, used 73539K [0x0000000740000000, 0x0000000800000000)
  region size 2048K, 20 young (40960K), 3 survivors (6144K)
 Metaspace       used 53868K, committed 54464K, reserved 393216K
  class space    used 7397K, committed 7680K, reserved 327680K
}
Event: 41.329 GC heap after
{Heap after GC invocations=14 (full 0):
 garbage-first heap   total 96256K, used 42179K [0x0000000740000000, 0x0000000800000000)
  region size 2048K, 1 young (2048K), 1 survivors (2048K)
 Metaspace       used 53868K, committed 54464K, reserved 393216K
  class space    used 7397K, committed 7680K, reserved 327680K
}

Deoptimization events (20 events):
Event: 41.969 Thread 0x0000019edcef2420 Uncommon trap: trap_request=0xffffffde fr.pc=0x0000019eaf504b24 relative=0x0000000000005404
Event: 41.969 Thread 0x0000019edcef2420 Uncommon trap: reason=class_check action=maybe_recompile pc=0x0000019eaf504b24 method=java.net.URLClassLoader.defineClass(Ljava/lang/String;Ljdk/internal/loader/Resource;)Ljava/lang/Class; @ 34 c2
Event: 41.969 Thread 0x0000019edcef2420 DEOPT PACKING pc=0x0000019eaf504b24 sp=0x00000067725f7690
Event: 41.969 Thread 0x0000019edcef2420 DEOPT UNPACKING pc=0x0000019eaed723a3 sp=0x00000067725f75e0 mode 2
Event: 41.969 Thread 0x0000019edcef2420 Uncommon trap: trap_request=0xffffffde fr.pc=0x0000019eaf4c2dd4 relative=0x0000000000001e34
Event: 41.969 Thread 0x0000019edcef2420 Uncommon trap: reason=class_check action=maybe_recompile pc=0x0000019eaf4c2dd4 method=jdk.internal.loader.Resource.cachedInputStream()Ljava/io/InputStream; @ 9 c2
Event: 41.969 Thread 0x0000019edcef2420 DEOPT PACKING pc=0x0000019eaf4c2dd4 sp=0x00000067725f74e0
Event: 41.970 Thread 0x0000019edcef2420 DEOPT UNPACKING pc=0x0000019eaed723a3 sp=0x00000067725f7530 mode 2
Event: 41.972 Thread 0x0000019edcef2420 Uncommon trap: trap_request=0xffffffde fr.pc=0x0000019eaf504b24 relative=0x0000000000005404
Event: 41.972 Thread 0x0000019edcef2420 Uncommon trap: reason=class_check action=maybe_recompile pc=0x0000019eaf504b24 method=java.net.URLClassLoader.defineClass(Ljava/lang/String;Ljdk/internal/loader/Resource;)Ljava/lang/Class; @ 34 c2
Event: 41.972 Thread 0x0000019edcef2420 DEOPT PACKING pc=0x0000019eaf504b24 sp=0x00000067725f7690
Event: 41.972 Thread 0x0000019edcef2420 DEOPT UNPACKING pc=0x0000019eaed723a3 sp=0x00000067725f75e0 mode 2
Event: 41.975 Thread 0x0000019edcef2420 Uncommon trap: trap_request=0xffffffde fr.pc=0x0000019eaf504b24 relative=0x0000000000005404
Event: 41.975 Thread 0x0000019edcef2420 Uncommon trap: reason=class_check action=maybe_recompile pc=0x0000019eaf504b24 method=java.net.URLClassLoader.defineClass(Ljava/lang/String;Ljdk/internal/loader/Resource;)Ljava/lang/Class; @ 34 c2
Event: 41.975 Thread 0x0000019edcef2420 DEOPT PACKING pc=0x0000019eaf504b24 sp=0x00000067725f7690
Event: 41.975 Thread 0x0000019edcef2420 DEOPT UNPACKING pc=0x0000019eaed723a3 sp=0x00000067725f75e0 mode 2
Event: 41.977 Thread 0x0000019edcef2420 Uncommon trap: trap_request=0xffffffde fr.pc=0x0000019eaf4bf08c relative=0x000000000000050c
Event: 41.978 Thread 0x0000019edcef2420 Uncommon trap: reason=class_check action=maybe_recompile pc=0x0000019eaf4bf08c method=jdk.internal.loader.URLClassPath.getResource(Ljava/lang/String;Z)Ljdk/internal/loader/Resource; @ 53 c2
Event: 41.978 Thread 0x0000019edcef2420 DEOPT PACKING pc=0x0000019eaf4bf08c sp=0x00000067725f7580
Event: 41.978 Thread 0x0000019edcef2420 DEOPT UNPACKING pc=0x0000019eaed723a3 sp=0x00000067725f7540 mode 2

Classes unloaded (0 events):
No events

Classes redefined (0 events):
No events

Internal exceptions (20 events):
Event: 39.033 Thread 0x0000019edcef2420 Exception <a 'java/lang/NoSuchMethodError'{0x0000000744353f70}: 'int java.lang.invoke.DirectMethodHandle$Holder.invokeSpecialIFC(java.lang.Object, java.lang.Object, java.lang.Object)'> (0x0000000744353f70) 
thrown [s\open\src\hotspot\share\interpreter\linkResolver.cpp, line 759]
Event: 39.103 Thread 0x0000019edcef2420 Exception <a 'java/lang/NoSuchMethodError'{0x0000000743f32d60}: 'java.lang.Object java.lang.invoke.DirectMethodHandle$Holder.newInvokeSpecial(java.lang.Object, java.lang.Object, java.lang.Object, java.lang.Object, java.lang.Object, int)'> (0x0000000743f32d60) 
thrown [s\open\src\hotspot\share\interpreter\linkResolver.cpp, line 759]
Event: 39.103 Thread 0x0000019edcef2420 Exception <a 'java/lang/NoSuchMethodError'{0x0000000743f381b8}: 'java.lang.Object java.lang.invoke.DirectMethodHandle$Holder.invokeSpecial(java.lang.Object, java.lang.Object, java.lang.Object, java.lang.Object, java.lang.Object, java.lang.Object, int)'> (0x0000000743f381b8) 
thrown [s\open\src\hotspot\share\interpreter\linkResolver.cpp, line 759]
Event: 39.103 Thread 0x0000019edcef2420 Exception <a 'java/lang/NoSuchMethodError'{0x0000000743f3cf98}: 'java.lang.Object java.lang.invoke.Invokers$Holder.linkToTargetMethod(java.lang.Object, java.lang.Object, java.lang.Object, java.lang.Object, int, java.lang.Object)'> (0x0000000743f3cf98) 
thrown [s\open\src\hotspot\share\interpreter\linkResolver.cpp, line 759]
Event: 39.113 Thread 0x0000019edcef2420 Exception <a 'java/lang/NoSuchMethodError'{0x0000000743f9b0c0}: 'java.lang.Object java.lang.invoke.DirectMethodHandle$Holder.invokeSpecial(java.lang.Object, java.lang.Object, java.lang.Object, java.lang.Object, java.lang.Object, long)'> (0x0000000743f9b0c0) 
thrown [s\open\src\hotspot\share\interpreter\linkResolver.cpp, line 759]
Event: 39.117 Thread 0x0000019edcef2420 Exception <a 'java/lang/NoSuchMethodError'{0x0000000743fc6608}: 'void java.lang.invoke.DirectMethodHandle$Holder.invokeStatic(java.lang.Object, java.lang.Object, java.lang.Object, int, java.lang.Object)'> (0x0000000743fc6608) 
thrown [s\open\src\hotspot\share\interpreter\linkResolver.cpp, line 759]
Event: 39.211 Thread 0x0000019edcef2420 Exception <a 'sun/nio/fs/WindowsException'{0x00000007436477a0}> (0x00000007436477a0) 
thrown [s\open\src\hotspot\share\prims\jni.cpp, line 516]
Event: 40.353 Thread 0x0000019edcef2420 Exception <a 'java/lang/NoSuchMethodError'{0x000000074461a7d8}: 'java.lang.Object java.lang.invoke.DirectMethodHandle$Holder.invokeSpecial(java.lang.Object, java.lang.Object, long, java.lang.Object, java.lang.Object)'> (0x000000074461a7d8) 
thrown [s\open\src\hotspot\share\interpreter\linkResolver.cpp, line 759]
Event: 40.512 Thread 0x0000019edcef2420 Exception <a 'java/lang/NoSuchMethodError'{0x0000000744237df8}: 'java.lang.Object java.lang.invoke.DirectMethodHandle$Holder.newInvokeSpecial(java.lang.Object, java.lang.Object, java.lang.Object, java.lang.Object, int, java.lang.Object)'> (0x0000000744237df8) 
thrown [s\open\src\hotspot\share\interpreter\linkResolver.cpp, line 759]
Event: 40.512 Thread 0x0000019edcef2420 Exception <a 'java/lang/NoSuchMethodError'{0x000000074423d108}: 'java.lang.Object java.lang.invoke.Invokers$Holder.linkToTargetMethod(java.lang.Object, java.lang.Object, java.lang.Object, int, java.lang.Object, java.lang.Object)'> (0x000000074423d108) 
thrown [s\open\src\hotspot\share\interpreter\linkResolver.cpp, line 759]
Event: 40.595 Thread 0x0000019edcef2420 Exception <a 'java/lang/NoSuchMethodError'{0x0000000743e0b0c8}: 'java.lang.Object java.lang.invoke.DirectMethodHandle$Holder.invokeSpecialIFC(java.lang.Object, java.lang.Object, java.lang.Object)'> (0x0000000743e0b0c8) 
thrown [s\open\src\hotspot\share\interpreter\linkResolver.cpp, line 759]
Event: 41.303 Thread 0x0000019edcef2420 Exception <a 'java/lang/ClassNotFoundException'{0x0000000743d3ea38}: sun/misc/SharedSecrets> (0x0000000743d3ea38) 
thrown [s\open\src\hotspot\share\classfile\systemDictionary.cpp, line 256]
Event: 41.666 Thread 0x0000019edcef2420 Exception <a 'sun/nio/fs/WindowsException'{0x00000007454f3680}> (0x00000007454f3680) 
thrown [s\open\src\hotspot\share\prims\jni.cpp, line 516]
Event: 41.666 Thread 0x0000019edcef2420 Exception <a 'sun/nio/fs/WindowsException'{0x00000007454f38e8}> (0x00000007454f38e8) 
thrown [s\open\src\hotspot\share\prims\jni.cpp, line 516]
Event: 41.666 Thread 0x0000019edcef2420 Exception <a 'sun/nio/fs/WindowsException'{0x00000007454f65b0}> (0x00000007454f65b0) 
thrown [s\open\src\hotspot\share\prims\jni.cpp, line 516]
Event: 41.666 Thread 0x0000019edcef2420 Exception <a 'sun/nio/fs/WindowsException'{0x00000007454f6910}> (0x00000007454f6910) 
thrown [s\open\src\hotspot\share\prims\jni.cpp, line 516]
Event: 41.668 Thread 0x0000019edcef2420 Exception <a 'java/lang/NoSuchMethodError'{0x0000000745504ad0}: 'java.lang.Object java.lang.invoke.DirectMethodHandle$Holder.newInvokeSpecial(java.lang.Object, java.lang.Object, int)'> (0x0000000745504ad0) 
thrown [s\open\src\hotspot\share\interpreter\linkResolver.cpp, line 759]
Event: 41.670 Thread 0x0000019edcef2420 Exception <a 'sun/nio/fs/WindowsException'{0x000000074551b968}> (0x000000074551b968) 
thrown [s\open\src\hotspot\share\prims\jni.cpp, line 516]
Event: 41.670 Thread 0x0000019edcef2420 Exception <a 'sun/nio/fs/WindowsException'{0x000000074551bcc8}> (0x000000074551bcc8) 
thrown [s\open\src\hotspot\share\prims\jni.cpp, line 516]
Event: 41.842 Thread 0x0000019edcef2420 Exception <a 'java/lang/NoSuchMethodError'{0x0000000744d22af0}: 'void java.lang.invoke.DirectMethodHandle$Holder.invokeStatic(java.lang.Object, java.lang.Object, java.lang.Object, java.lang.Object, java.lang.Object, java.lang.Object, java.lang.Object)'> (0x0000000744d22af0) 
thrown [s\open\src\hotspot\share\interpreter\linkResolver.cpp, line 759]

VM Operations (20 events):
Event: 39.223 Executing VM operation: HandshakeAllThreads
Event: 39.223 Executing VM operation: HandshakeAllThreads done
Event: 39.303 Executing VM operation: HandshakeAllThreads
Event: 39.304 Executing VM operation: HandshakeAllThreads done
Event: 39.363 Executing VM operation: G1CollectForAllocation
Event: 39.366 Executing VM operation: G1CollectForAllocation done
Event: 39.547 Executing VM operation: HandshakeAllThreads
Event: 39.547 Executing VM operation: HandshakeAllThreads done
Event: 40.562 Executing VM operation: Cleanup
Event: 40.563 Executing VM operation: Cleanup done
Event: 40.778 Executing VM operation: G1CollectForAllocation
Event: 40.783 Executing VM operation: G1CollectForAllocation done
Event: 41.325 Executing VM operation: G1CollectForAllocation
Event: 41.329 Executing VM operation: G1CollectForAllocation done
Event: 41.413 Executing VM operation: HandshakeAllThreads
Event: 41.413 Executing VM operation: HandshakeAllThreads done
Event: 41.437 Executing VM operation: HandshakeAllThreads
Event: 41.437 Executing VM operation: HandshakeAllThreads done
Event: 41.901 Executing VM operation: ICBufferFull
Event: 41.901 Executing VM operation: ICBufferFull done

Events (20 events):
Event: 40.660 loading class java/util/stream/SortedOps$SizedRefSortingSink
Event: 40.660 loading class java/util/stream/SortedOps$AbstractRefSortingSink
Event: 40.661 loading class java/util/stream/SortedOps$AbstractRefSortingSink done
Event: 40.661 loading class java/util/stream/SortedOps$SizedRefSortingSink done
Event: 40.738 Thread 0x0000019edb204850 Thread added: 0x0000019edb204850
Event: 40.923 Thread 0x0000019edbf6fca0 Thread exited: 0x0000019edbf6fca0
Event: 41.303 loading class sun/misc/SharedSecrets
Event: 41.303 loading class sun/misc/SharedSecrets done
Event: 41.412 loading class java/nio/file/AtomicMoveNotSupportedException
Event: 41.412 loading class java/nio/file/AtomicMoveNotSupportedException done
Event: 41.436 loading class java/io/FileWriter
Event: 41.436 loading class java/io/FileWriter done
Event: 41.702 loading class java/nio/channels/Channels$ReadableByteChannelImpl
Event: 41.703 loading class java/nio/channels/Channels$ReadableByteChannelImpl done
Event: 41.716 loading class java/util/EmptyStackException
Event: 41.716 loading class java/util/EmptyStackException done
Event: 41.721 loading class java/io/InvalidClassException
Event: 41.722 loading class java/io/InvalidClassException done
Event: 41.848 loading class java/util/Comparators$NaturalOrderComparator
Event: 41.848 loading class java/util/Comparators$NaturalOrderComparator done


Dynamic libraries:
0x00007ff772c30000 - 0x00007ff772c40000 	C:\Program Files\Java\jdk-17\bin\java.exe
0x00007ffbd9380000 - 0x00007ffbd95e7000 	C:\WINDOWS\SYSTEM32\ntdll.dll
0x00007ffbd73e0000 - 0x00007ffbd74a9000 	C:\WINDOWS\System32\KERNEL32.DLL
0x00007ffbd6d20000 - 0x00007ffbd7111000 	C:\WINDOWS\System32\KERNELBASE.dll
0x00007ffbd61f0000 - 0x00007ffbd633b000 	C:\WINDOWS\System32\ucrtbase.dll
0x00007ffbb4230000 - 0x00007ffbb4249000 	C:\Program Files\Java\jdk-17\bin\jli.dll
0x00007ffbc1d80000 - 0x00007ffbc1d9b000 	C:\Program Files\Java\jdk-17\bin\VCRUNTIME140.dll
0x00007ffbd7320000 - 0x00007ffbd73db000 	C:\WINDOWS\System32\ADVAPI32.dll
0x00007ffbd71d0000 - 0x00007ffbd7279000 	C:\WINDOWS\System32\msvcrt.dll
0x00007ffbd7120000 - 0x00007ffbd71c7000 	C:\WINDOWS\System32\sechost.dll
0x00007ffbd79e0000 - 0x00007ffbd7af8000 	C:\WINDOWS\System32\RPCRT4.dll
0x00007ffbd9130000 - 0x00007ffbd92f5000 	C:\WINDOWS\System32\USER32.dll
0x00007ffbd5dc0000 - 0x00007ffbd5de7000 	C:\WINDOWS\System32\win32u.dll
0x00007ffbd7610000 - 0x00007ffbd763b000 	C:\WINDOWS\System32\GDI32.dll
0x00007ffbb2990000 - 0x00007ffbb2c23000 	C:\WINDOWS\WinSxS\amd64_microsoft.windows.common-controls_6595b64144ccf1df_6.0.26100.8037_none_3e092faae333b53b\COMCTL32.dll
0x00007ffbd6030000 - 0x00007ffbd615b000 	C:\WINDOWS\System32\gdi32full.dll
0x00007ffbd5c60000 - 0x00007ffbd5d03000 	C:\WINDOWS\System32\msvcp_win.dll
0x00007ffbcbc70000 - 0x00007ffbcbc7b000 	C:\WINDOWS\SYSTEM32\VERSION.dll
0x00007ffbd9300000 - 0x00007ffbd9331000 	C:\WINDOWS\System32\IMM32.DLL
0x00007ffbcadf0000 - 0x00007ffbcadfc000 	C:\Program Files\Java\jdk-17\bin\vcruntime140_1.dll
0x00007ffbb1df0000 - 0x00007ffbb1e7e000 	C:\Program Files\Java\jdk-17\bin\msvcp140.dll
0x00007ffb265d0000 - 0x00007ffb271b0000 	C:\Program Files\Java\jdk-17\bin\server\jvm.dll
0x00007ffbd79d0000 - 0x00007ffbd79d8000 	C:\WINDOWS\System32\PSAPI.DLL
0x00007ffbc1690000 - 0x00007ffbc16c5000 	C:\WINDOWS\SYSTEM32\WINMM.dll
0x00007ffbc5a90000 - 0x00007ffbc5a9a000 	C:\WINDOWS\SYSTEM32\WSOCK32.dll
0x00007ffbd7ff0000 - 0x00007ffbd8064000 	C:\WINDOWS\System32\WS2_32.dll
0x00007ffbd49f0000 - 0x00007ffbd4a0b000 	C:\WINDOWS\SYSTEM32\kernel.appcore.dll
0x00007ffbc1d70000 - 0x00007ffbc1d7a000 	C:\Program Files\Java\jdk-17\bin\jimage.dll
0x00007ffbd3a30000 - 0x00007ffbd3c72000 	C:\WINDOWS\SYSTEM32\DBGHELP.DLL
0x00007ffbd7c00000 - 0x00007ffbd7f82000 	C:\WINDOWS\System32\combase.dll
0x00007ffbd8070000 - 0x00007ffbd8147000 	C:\WINDOWS\System32\OLEAUT32.dll
0x00007ffba6430000 - 0x00007ffba646b000 	C:\WINDOWS\SYSTEM32\dbgcore.DLL
0x00007ffbd5d10000 - 0x00007ffbd5db5000 	C:\WINDOWS\System32\bcryptPrimitives.dll
0x00007ffbb2330000 - 0x00007ffbb233e000 	C:\Program Files\Java\jdk-17\bin\instrument.dll
0x00007ffbb2920000 - 0x00007ffbb2945000 	C:\Program Files\Java\jdk-17\bin\java.dll
0x00007ffb874b0000 - 0x00007ffb87587000 	C:\Program Files\Java\jdk-17\bin\jsvml.dll
0x00007ffbd8150000 - 0x00007ffbd88af000 	C:\WINDOWS\System32\SHELL32.dll
0x00007ffbd6bb0000 - 0x00007ffbd6d1a000 	C:\WINDOWS\System32\wintypes.dll
0x00007ffbd6340000 - 0x00007ffbd6ba4000 	C:\WINDOWS\System32\windows.storage.dll
0x00007ffbd78d0000 - 0x00007ffbd79c7000 	C:\WINDOWS\System32\SHCORE.dll
0x00007ffbd7850000 - 0x00007ffbd78b7000 	C:\WINDOWS\System32\shlwapi.dll
0x00007ffbd5b80000 - 0x00007ffbd5ba9000 	C:\WINDOWS\SYSTEM32\profapi.dll
0x00007ffbaecb0000 - 0x00007ffbaecc8000 	C:\Program Files\Java\jdk-17\bin\zip.dll
0x00007ffbb2180000 - 0x00007ffbb2199000 	C:\Program Files\Java\jdk-17\bin\net.dll
0x00007ffbcd580000 - 0x00007ffbcd6a7000 	C:\WINDOWS\SYSTEM32\WINHTTP.dll
0x00007ffbd4f60000 - 0x00007ffbd4fcb000 	C:\WINDOWS\system32\mswsock.dll
0x00007ffbb1dd0000 - 0x00007ffbb1de6000 	C:\Program Files\Java\jdk-17\bin\nio.dll
0x00007ffbbc940000 - 0x00007ffbbc950000 	C:\Program Files\Java\jdk-17\bin\verify.dll
0x00007ffb98590000 - 0x00007ffb985b7000 	C:\Users\nitis\.gradle\native\c067742578af261105cb4f569cf0c3c89f3d7b1fecec35dd04571415982c5e48\windows-amd64\native-platform.dll
0x00007ffb87360000 - 0x00007ffb874a4000 	C:\Users\nitis\.gradle\native\100fb08df4bc3b14c8652ba06237920a3bd2aa13389f12d3474272988ae205f9\windows-amd64\native-platform-file-events.dll
0x00007ffbb3640000 - 0x00007ffbb364a000 	C:\Program Files\Java\jdk-17\bin\management.dll
0x00007ffbb2910000 - 0x00007ffbb291b000 	C:\Program Files\Java\jdk-17\bin\management_ext.dll
0x00007ffbd52b0000 - 0x00007ffbd52cb000 	C:\WINDOWS\SYSTEM32\CRYPTSP.dll
0x00007ffbd4950000 - 0x00007ffbd4989000 	C:\WINDOWS\system32\rsaenh.dll
0x00007ffbd5080000 - 0x00007ffbd50b2000 	C:\WINDOWS\SYSTEM32\USERENV.dll
0x00007ffbd5b50000 - 0x00007ffbd5b7a000 	C:\WINDOWS\SYSTEM32\bcrypt.dll
0x00007ffbd5330000 - 0x00007ffbd533c000 	C:\WINDOWS\SYSTEM32\CRYPTBASE.dll
0x00007ffbd4460000 - 0x00007ffbd4493000 	C:\WINDOWS\SYSTEM32\IPHLPAPI.DLL
0x00007ffbd9040000 - 0x00007ffbd904a000 	C:\WINDOWS\System32\NSI.dll
0x00007ffbcdf40000 - 0x00007ffbcdf5d000 	C:\WINDOWS\SYSTEM32\dhcpcsvc6.DLL
0x00007ffbcdf10000 - 0x00007ffbcdf33000 	C:\WINDOWS\SYSTEM32\dhcpcsvc.DLL
0x00007ffbd44a0000 - 0x00007ffbd45ca000 	C:\WINDOWS\SYSTEM32\DNSAPI.dll
0x00007ffbb2110000 - 0x00007ffbb211e000 	C:\Program Files\Java\jdk-17\bin\sunmscapi.dll
0x00007ffbd5df0000 - 0x00007ffbd5f67000 	C:\WINDOWS\System32\CRYPT32.dll
0x00007ffbd5580000 - 0x00007ffbd55b0000 	C:\WINDOWS\SYSTEM32\ncrypt.dll
0x00007ffbd5530000 - 0x00007ffbd556f000 	C:\WINDOWS\SYSTEM32\NTASN1.dll
0x00007ffbb3270000 - 0x00007ffbb3278000 	C:\WINDOWS\system32\wshunix.dll
0x00007ffbccba0000 - 0x00007ffbccbab000 	C:\Windows\System32\rasadhlp.dll
0x00007ffbd0820000 - 0x00007ffbd08a6000 	C:\WINDOWS\System32\fwpuclnt.dll

dbghelp: loaded successfully - version: 4.0.5 - missing functions: none
symbol engine: initialized successfully - sym options: 0x614 - pdb path: .;C:\Program Files\Java\jdk-17\bin;C:\WINDOWS\SYSTEM32;C:\WINDOWS\WinSxS\amd64_microsoft.windows.common-controls_6595b64144ccf1df_6.0.26100.8037_none_3e092faae333b53b;C:\Program Files\Java\jdk-17\bin\server;C:\Users\nitis\.gradle\native\c067742578af261105cb4f569cf0c3c89f3d7b1fecec35dd04571415982c5e48\windows-amd64;C:\Users\nitis\.gradle\native\100fb08df4bc3b14c8652ba06237920a3bd2aa13389f12d3474272988ae205f9\windows-amd64

VM Arguments:
jvm_args: -XX:MaxMetaspaceSize=384m -XX:+HeapDumpOnOutOfMemoryError --add-opens=java.base/java.util=ALL-UNNAMED --add-opens=java.base/java.lang=ALL-UNNAMED --add-opens=java.base/java.lang.invoke=ALL-UNNAMED --add-opens=java.prefs/java.util.prefs=ALL-UNNAMED --add-opens=java.base/java.nio.charset=ALL-UNNAMED --add-opens=java.base/java.net=ALL-UNNAMED --add-opens=java.base/java.util.concurrent.atomic=ALL-UNNAMED -Xmx3072m -Dfile.encoding=UTF-8 -Duser.country=IN -Duser.language=en -Duser.variant -javaagent:C:\Users\nitis\.gradle\wrapper\dists\gradle-8.8-all\6gdy1pgp427xkqcjbxw3ylt6h\gradle-8.8\lib\agents\gradle-instrumentation-agent-8.8.jar 
java_command: org.gradle.launcher.daemon.bootstrap.GradleDaemon 8.8
java_class_path (initial): C:\Users\nitis\.gradle\wrapper\dists\gradle-8.8-all\6gdy1pgp427xkqcjbxw3ylt6h\gradle-8.8\lib\gradle-launcher-8.8.jar
Launcher Type: SUN_STANDARD

[Global flags]
     intx CICompilerCount                          = 4                                         {product} {ergonomic}
   size_t CompressedClassSpaceSize                 = 335544320                                 {product} {ergonomic}
     uint ConcGCThreads                            = 3                                         {product} {ergonomic}
     uint G1ConcRefinementThreads                  = 10                                        {product} {ergonomic}
   size_t G1HeapRegionSize                         = 2097152                                   {product} {ergonomic}
    uintx GCDrainStackTargetSize                   = 64                                        {product} {ergonomic}
     bool HeapDumpOnOutOfMemoryError               = true                                   {manageable} {command line}
   size_t InitialHeapSize                          = 264241152                                 {product} {ergonomic}
   size_t MarkStackSize                            = 4194304                                   {product} {ergonomic}
   size_t MaxHeapSize                              = 3221225472                                {product} {command line}
   size_t MaxMetaspaceSize                         = 402653184                                 {product} {command line}
   size_t MaxNewSize                               = 1931476992                                {product} {ergonomic}
   size_t MinHeapDeltaBytes                        = 2097152                                   {product} {ergonomic}
   size_t MinHeapSize                              = 8388608                                   {product} {ergonomic}
    uintx NonNMethodCodeHeapSize                   = 5839372                                {pd product} {ergonomic}
    uintx NonProfiledCodeHeapSize                  = 122909434                              {pd product} {ergonomic}
    uintx ProfiledCodeHeapSize                     = 122909434                              {pd product} {ergonomic}
    uintx ReservedCodeCacheSize                    = 251658240                              {pd product} {ergonomic}
     bool SegmentedCodeCache                       = true                                      {product} {ergonomic}
   size_t SoftMaxHeapSize                          = 3221225472                             {manageable} {ergonomic}
     bool UseCompressedClassPointers               = true                           {product lp64_product} {ergonomic}
     bool UseCompressedOops                        = true                           {product lp64_product} {ergonomic}
     bool UseG1GC                                  = true                                      {product} {ergonomic}
     bool UseLargePagesIndividualAllocation        = false                                  {pd product} {ergonomic}

Logging:
Log output configuration:
 #0: stdout all=warning uptime,level,tags
 #1: stderr all=off uptime,level,tags

Environment Variables:
JAVA_HOME=C:\Program Files\Java\jdk-17
CLASSPATH=E:\college\Faculty\android\\gradle\wrapper\gradle-wrapper.jar
PATH=C:/Users/nitis/.gemini/antigravity-ide/bin;C:\windows\system32;C:\windows;C:\windows\System32\Wbem;C:\windows\System32\WindowsPowerShell\v1.0\;C:\windows\System32\OpenSSH\;C:\Program Files (x86)\NVIDIA Corporation\PhysX\Common;C:\Users\Administrator\AppData\Local\Microsoft\WindowsApps;C:\Program Files\HP\OMEN-Broadcast\Common;C:\WINDOWS\system32;C:\WINDOWS;C:\WINDOWS\System32\Wbem;C:\WINDOWS\System32\WindowsPowerShell\v1.0\;C:\WINDOWS\System32\OpenSSH\;C:\Program Files\dotnet\;C:\Program Files\nodejs\;C:\ProgramData\chocolatey\bin;C:\Python313;C:\Program Files\NVIDIA Corporation\NVIDIA App\NvDLISR;E:\Android\Sdk\platform-tools;C:\Program Files\Java\jdk-17\bin;E:\Android\cmdline-tools\bin;"D:\hadoop-3.4.2-src\hadoop-3.4.3\bin;C:\windows\system32;C:\windows;C:\windows\System32\Wbem;C:\windows\System32\WindowsPowerShell\v1.0\;C:\windows\System32\OpenSSH\;C:\Program Files (x86)\NVIDIA Corporation\PhysX\Common;C:\Users\Administrator\AppData\Local\Microsoft\WindowsApps;C:\Program Files\HP\OMEN-Broadcast\Common;C:\WINDOWS\system32;C:\WINDOWS;C:\WINDOWS\System32\Wbem;C:\WINDOWS\System32\WindowsPowerShell\v1.0\;C:\WINDOWS\System32\OpenSSH\;C:\Program Files\dotnet\;C:\Program Files\nodejs\;C:\ProgramData\chocolatey\bin;C:\Python313;C:\Program Files\NVIDIA Corporation\NVIDIA App\NvDLISR;E:\Android\Sdk\platform-tools;C:\Program Files\Java\jdk-17\bin;E:\Android\cmdline-tools\bin;";";C:\Program Files\Java\jdk-17\bin;D:\hadoop-3.4.3\bin;";C:\Program Files\Java\jdk-17\bin;D:\hadoop-3.4.3\bin;C:\Users\nitis\.local\bin;C:\Program Files\Git\cmd;C:\Program Files (x86)\Microsoft SQL Server\170\Tools\Binn\;C:\Program Files\Microsoft SQL Server\170\Tools\Binn\;C:\Program Files\Microsoft SQL Server\Client SDK\ODBC\180\Tools\Binn\;C:\Program Files\Microsoft SQL Server\170\DTS\Binn\;C:\Program Files (x86)\Microsoft SQL Server\160\Tools\Binn\;C:\Program Files\Microsoft SQL Server\160\Tools\Binn\;C:\Program Files\Microsoft SQL Server\Client SDK\ODBC\170\Tools\Binn\;C:\Program Files\Microsoft
USERNAME=nitis
OS=Windows_NT
PROCESSOR_IDENTIFIER=Intel64 Family 6 Model 186 Stepping 2, GenuineIntel



---------------  S Y S T E M  ---------------

OS:
 Windows 11 , 64 bit Build 26100 (10.0.26100.7920)
OS uptime: 0 days 5:12 hours
Hyper-V role detected

CPU: total 12 (initial active 12) (6 cores per cpu, 2 threads per core) family 6 model 186 stepping 2 microcode 0x4122, cx8, cmov, fxsr, ht, mmx, 3dnowpref, sse, sse2, sse3, ssse3, sse4.1, sse4.2, popcnt, lzcnt, tsc, tscinvbit, avx, avx2, aes, erms, clmul, bmi1, bmi2, adx, sha, fma, vzeroupper, clflush, clflushopt, clwb, hv

Memory: 4k page, system-wide physical 16024M (515M free)
TotalPageFile size 25124M (AvailPageFile size 4M)
current process WorkingSet (physical memory assigned to process): 265M, peak: 265M
current process commit charge ("private bytes"): 305M, peak: 416M

vm_info: Java HotSpot(TM) 64-Bit Server VM (17.0.17+8-LTS-360) for windows-amd64 JRE (17.0.17+8-LTS-360), built on Sep 27 2025 05:17:01 by "mach5run" with MS VC++ 17.6 (VS2022)

END.
